-- phpMyAdmin SQL Dump
-- version 5.1.2
-- https://www.phpmyadmin.net/
--
-- Host: localhost:3306
-- Generation Time: Mar 23, 2026 at 02:28 AM
-- Server version: 5.7.24
-- PHP Version: 8.3.1

SET SQL_MODE = "NO_AUTO_VALUE_ON_ZERO";
START TRANSACTION;
SET time_zone = "+00:00";


/*!40101 SET @OLD_CHARACTER_SET_CLIENT=@@CHARACTER_SET_CLIENT */;
/*!40101 SET @OLD_CHARACTER_SET_RESULTS=@@CHARACTER_SET_RESULTS */;
/*!40101 SET @OLD_COLLATION_CONNECTION=@@COLLATION_CONNECTION */;
/*!40101 SET NAMES utf8mb4 */;

--
-- Database: `ascent_league_db`
--

-- --------------------------------------------------------

--
-- Table structure for table `active_users`
--

CREATE TABLE `active_users` (
  `id` int(11) NOT NULL,
  `user_id` int(11) NOT NULL,
  `draft_pick` int(11) DEFAULT NULL,
  `wins` int(11) DEFAULT '0',
  `losses` int(11) DEFAULT '0',
  `season_id` int(11) NOT NULL DEFAULT '1'
) ENGINE=InnoDB DEFAULT CHARSET=utf8;

--
-- Dumping data for table `active_users`
--

INSERT INTO `active_users` (`id`, `user_id`, `draft_pick`, `wins`, `losses`, `season_id`) VALUES
(3, 1, 1, 0, 0, 1),
(4, 2, 2, 0, 0, 1),
(9, 1, 2, 0, 0, 999),
(10, 2, 1, 0, 0, 999);

-- --------------------------------------------------------

--
-- Table structure for table `drafted_pkmn`
--

CREATE TABLE `drafted_pkmn` (
  `id` int(11) NOT NULL,
  `season_id` int(11) NOT NULL,
  `active_user` int(11) NOT NULL,
  `showdown_pkmn` int(11) NOT NULL,
  `pick_number` int(11) NOT NULL,
  `drafted_at` datetime NOT NULL DEFAULT CURRENT_TIMESTAMP
) ENGINE=InnoDB DEFAULT CHARSET=utf8;

--
-- Dumping data for table `drafted_pkmn`
--

INSERT INTO `drafted_pkmn` (`id`, `season_id`, `active_user`, `showdown_pkmn`, `pick_number`, `drafted_at`) VALUES
(138, 999, 10, 7447, 1, '2026-03-20 14:24:00'),
(139, 999, 9, 7400, 2, '2026-03-20 14:24:04'),
(140, 999, 9, 7560, 3, '2026-03-20 14:24:10'),
(141, 999, 10, 7554, 4, '2026-03-20 14:24:17'),
(142, 999, 10, 7865, 5, '2026-03-20 14:24:22'),
(143, 999, 9, 7905, 6, '2026-03-20 14:24:27'),
(144, 999, 9, 7099, 7, '2026-03-20 14:24:35'),
(145, 999, 10, 7644, 8, '2026-03-20 14:24:42'),
(146, 999, 10, 7778, 9, '2026-03-20 14:24:46'),
(147, 999, 9, 7870, 10, '2026-03-20 14:24:51'),
(148, 999, 9, 7911, 11, '2026-03-20 14:24:54'),
(150, 999, 10, 7861, 12, '2026-03-20 14:25:03'),
(151, 999, 10, 7384, 13, '2026-03-20 14:25:17'),
(152, 999, 9, 7355, 14, '2026-03-20 14:25:25'),
(153, 999, 9, 7610, 15, '2026-03-20 14:25:28'),
(154, 999, 10, 7646, 16, '2026-03-20 14:25:32'),
(155, 999, 10, 7774, 17, '2026-03-20 14:25:35'),
(156, 999, 9, 7846, 18, '2026-03-20 14:25:39'),
(157, 999, 9, 7653, 19, '2026-03-20 14:25:42'),
(158, 999, 10, 7675, 20, '2026-03-20 14:25:46'),
(159, 999, 10, 7117, 21, '2026-03-20 14:25:52'),
(160, 999, 9, 7527, 22, '2026-03-20 14:26:01'),
(161, 999, 9, 7235, 23, '2026-03-20 14:26:03'),
(162, 999, 10, 7170, 24, '2026-03-20 14:26:06');

-- --------------------------------------------------------

--
-- Table structure for table `draft_info`
--

CREATE TABLE `draft_info` (
  `id` int(11) NOT NULL,
  `season_id` int(11) NOT NULL,
  `current_pick` int(11) DEFAULT '1',
  `total_picks` int(11) NOT NULL,
  `direction` enum('up','down') DEFAULT 'up',
  `created_at` timestamp NOT NULL DEFAULT CURRENT_TIMESTAMP,
  `updated_at` timestamp NOT NULL DEFAULT CURRENT_TIMESTAMP ON UPDATE CURRENT_TIMESTAMP,
  `draft_started` tinyint(1) DEFAULT '0',
  `draft_finished` tinyint(1) DEFAULT '0'
) ENGINE=InnoDB DEFAULT CHARSET=utf8;

--
-- Dumping data for table `draft_info`
--

INSERT INTO `draft_info` (`id`, `season_id`, `current_pick`, `total_picks`, `direction`, `created_at`, `updated_at`, `draft_started`, `draft_finished`) VALUES
(1, 12, 1, 0, 'up', '2026-02-23 21:47:29', '2026-03-03 20:03:38', 0, 0),
(2, 999, 25, 24, 'up', '2026-03-03 20:47:36', '2026-03-20 18:34:03', 0, 1);

-- --------------------------------------------------------

--
-- Table structure for table `format_rules`
--

CREATE TABLE `format_rules` (
  `id` int(11) NOT NULL,
  `content` text,
  `season_id` int(11) DEFAULT NULL
) ENGINE=InnoDB DEFAULT CHARSET=utf8;

--
-- Dumping data for table `format_rules`
--

INSERT INTO `format_rules` (`id`, `content`, `season_id`) VALUES
(21, 'new new rule 1', 999);

-- --------------------------------------------------------

--
-- Table structure for table `leagues`
--

CREATE TABLE `leagues` (
  `league_id` int(11) NOT NULL,
  `name` varchar(100) NOT NULL,
  `created` datetime NOT NULL
) ENGINE=InnoDB DEFAULT CHARSET=utf8;

--
-- Dumping data for table `leagues`
--

INSERT INTO `leagues` (`league_id`, `name`, `created`) VALUES
(1, 'Ascent Draft League', '2026-03-03 12:59:49');

-- --------------------------------------------------------

--
-- Table structure for table `legacy_stats_playoffs`
--

CREATE TABLE `legacy_stats_playoffs` (
  `id` int(2) DEFAULT NULL,
  `team_a` varchar(4) DEFAULT NULL,
  `team_b` varchar(4) DEFAULT NULL,
  `win` varchar(4) DEFAULT NULL,
  `loss` varchar(4) DEFAULT NULL,
  `season` int(2) DEFAULT NULL
) ENGINE=InnoDB DEFAULT CHARSET=utf8;

--
-- Dumping data for table `legacy_stats_playoffs`
--

INSERT INTO `legacy_stats_playoffs` (`id`, `team_a`, `team_b`, `win`, `loss`, `season`) VALUES
(1, 'dzn', 'rx', 'rx', 'dzn', 2),
(2, 'sgs', 'orng', 'sgs', 'orng', 2),
(3, 'rx', 'sgs', 'sgs', 'rx', 2),
(4, 'rx', 'krl', 'rx', 'krl', 3),
(5, 'orng', 'js', 'orng', 'js', 3),
(6, 'rx', 'sgs', 'sgs', 'rx', 3),
(7, 'dzn', 'orng', 'orng', 'dzn', 3),
(8, 'sgs', 'orng', 'sgs', 'orng', 4),
(9, 'orng', 'aro', 'orng', 'aro', 4),
(10, 'rx', 'cbb', 'rx', 'cbb', 4),
(11, 'orng', 'dzn', 'dzn', 'orng', 4),
(12, 'sgs', 'rx', 'rx', 'sgs', 4),
(13, 'dzn', 'rx', 'rx', 'dzn', 4),
(14, 'sgs', 'aro', 'sgs', 'aro', 5),
(15, 'rx', 'krl', 'rx', 'krl', 5),
(16, 'sgs', 'dzn', 'sgs', 'dzn', 5),
(17, 'orng', 'rx', 'orng', 'rx', 5),
(18, 'sgs', 'orng', 'orng', 'sgs', 5),
(19, 'dzn', 'cbb', 'dzn', 'cbb', 6),
(20, 'krl', 'rx', 'rx', 'krl', 6),
(21, 'orng', 'js', 'orng', 'js', 6),
(22, 'sgs', 'aro', 'sgs', 'aro', 6),
(23, 'dzn', 'rx', 'rx', 'dzn', 6),
(24, 'orng', 'sgs', 'orng', 'sgs', 6),
(25, 'orng', 'rx', 'orng', 'rx', 6),
(26, 'dzn', 'rx', 'dzn', 'rx', 7),
(27, 'sgs', 'syg', 'sgs', 'syg', 7),
(28, 'krl', 'cbb', 'krl', 'cbb', 7),
(29, 'orng', 'js', 'js', 'orng', 7),
(30, 'dzn', 'sgs', 'sgs', 'dzn', 7),
(31, 'krl', 'js', 'krl', 'js', 7),
(32, 'sgs', 'krl', 'sgs', 'krl', 7),
(33, 'orng', 'mint', 'orng', 'mint', 8),
(34, 'dzn', 'krl', 'dzn', 'krl', 8),
(35, 'aro', 'mmm', 'aro', 'mmm', 8),
(36, 'syg', 'js', 'js', 'syg', 8),
(37, 'orng', 'dzn', 'orng', 'dzn', 8),
(38, 'aro', 'alt', 'aro', 'alt', 9),
(39, 'mint', 'js', 'js', 'mint', 9),
(40, 'dzn', 'mmm', 'dzn', 'mmm', 9),
(41, 'orng', 'don', 'orng', 'don', 9),
(42, 'alt', 'mint', 'mint', 'alt', 9),
(43, 'mmm', 'don', 'don', 'mmm', 9),
(44, 'aro', 'js', 'js', 'aro', 9),
(45, 'dzn', 'orng', 'orng', 'dzn', 9),
(46, 'dzn', 'mint', 'dzn', 'mint', 9),
(47, 'aro', 'don', 'aro', 'don', 9),
(48, 'js', 'orng', 'orng', 'js', 9),
(49, 'dzn', 'aro', 'dzn', 'aro', 9),
(50, 'dzn', 'js', 'dzn', 'js', 9),
(51, 'orng', 'dzn', 'orng', 'dzn', 9),
(52, 'wood', 'don', 'wood', 'don', 10),
(53, 'dzn', 'wood', 'dzn', 'wood', 10),
(54, 'js', 'cbb', 'js', 'cbb', 10),
(55, 'orng', 'syn', 'orng', 'syn', 10),
(56, 'sgs', 'aro', 'aro', 'sgs', 10),
(57, 'sgs', 'don', 'sgs', 'don', 10),
(58, 'syn', 'sgs', 'sgs', 'syn', 10),
(59, 'cbb', 'wood', 'wood', 'cbb', 10),
(60, 'dzn', 'js', 'js', 'dzn', 10),
(61, 'orng', 'aro', 'aro', 'orng', 10),
(62, 'dzn', 'sgs', 'dzn', 'sgs', 10),
(63, 'orng', 'wood', 'wood', 'orng', 10),
(64, 'js', 'aro', 'aro', 'js', 10),
(65, 'dzn', 'wood', 'wood', 'dzn', 10),
(66, 'js', 'wood', 'js', 'wood', 10),
(67, 'aro', 'js', 'js', 'aro', 10),
(68, 'js', 'aro', 'js', 'aro', 10),
(69, 'huh', 'syn', 'syn', 'huh', 11),
(70, 'sgs', 'syn', 'sgs', 'syn', 11),
(71, 'aro', 'js', 'js', 'aro', 11),
(72, 'dzn', 'cbb', 'cbb', 'dzn', 11),
(73, 'orng', 'don', 'orng', 'don', 11),
(74, 'don', 'syn', 'don', 'syn', 11),
(75, 'dzn', 'don', 'dzn', 'don', 11),
(76, 'aro', 'syn', 'aro', 'syn', 11),
(77, 'sgs', 'js', 'sgs', 'js', 11),
(78, 'cbb', 'orng', 'orng', 'cbb', 11),
(79, 'js', 'dzn', 'dzn', 'js', 11),
(80, 'cbb', 'aro', 'cbb', 'aro', 11),
(81, 'sgs', 'orng', 'orng', 'sgs', 11),
(82, 'dzn', 'cbb', 'dzn', 'cbb', 11),
(83, 'sgs', 'dzn', 'dzn', 'sgs', 11),
(84, 'orng', 'dzn', 'dzn', 'orng', 11),
(85, 'dzn', 'orng', 'dzn', 'orng', 11);

-- --------------------------------------------------------

--
-- Table structure for table `legacy_stats_seasons`
--

CREATE TABLE `legacy_stats_seasons` (
  `id` int(3) DEFAULT NULL,
  `team_a` varchar(4) DEFAULT NULL,
  `team_b` varchar(5) DEFAULT NULL,
  `win` varchar(4) DEFAULT NULL,
  `loss` varchar(4) DEFAULT NULL,
  `season` varchar(2) DEFAULT NULL
) ENGINE=InnoDB DEFAULT CHARSET=utf8;

--
-- Dumping data for table `legacy_stats_seasons`
--

INSERT INTO `legacy_stats_seasons` (`id`, `team_a`, `team_b`, `win`, `loss`, `season`) VALUES
(1, 'krl', 'sgs', 'sgs', 'krl', '1'),
(2, 'dzn', 'rx', 'rx', 'dzn', '1'),
(3, 'orng', 'js', 'orng', 'js', '1'),
(4, 'krl', 'dzn', 'krl', 'dzn', '1'),
(5, 'sgs', 'orng', 'sgs', 'orng', '1'),
(6, 'rx', 'js', 'rx', 'js', '1'),
(7, 'krl', 'rx', 'rx', 'krl', '1'),
(8, 'sgs', 'js', 'sgs', 'js', '1'),
(9, 'dzn', 'orng', 'dzn', 'orng', '1'),
(10, 'krl', 'orng', 'orng', 'krl', '1'),
(11, 'sgs', 'rx', 'sgs', 'rx', '1'),
(12, 'dzn', 'js', 'dzn', 'js', '1'),
(13, 'krl', 'js', 'krl', 'js', '1'),
(14, 'sgs', 'dzn', 'sgs', 'dzn', '1'),
(15, 'rx', 'orng', 'orng', 'rx', '1'),
(16, 'krl', 'sgs', 'sgs', 'krl', '1'),
(17, 'dzn', 'rx', 'rx', 'dzn', '1'),
(18, 'orng', 'js', 'orng', 'js', '1'),
(19, 'krl', 'dzn', 'dzn', 'krl', '1'),
(20, 'sgs', 'orng', 'orng', 'sgs', '1'),
(21, 'rx', 'js', 'rx', 'js', '1'),
(22, 'krl', 'rx', 'rx', 'krl', '1'),
(23, 'sgs', 'js', 'sgs', 'js', '1'),
(24, 'dzn', 'orng', 'orng', 'dzn', '1'),
(25, 'krl', 'orng', 'orng', 'krl', '1'),
(26, 'sgs', 'rx', 'rx', 'sgs', '1'),
(27, 'dzn', 'js', 'dzn', 'js', '1'),
(28, 'krl', 'js', 'krl', 'js', '1'),
(29, 'sgs', 'dzn', 'sgs', 'dzn', '1'),
(30, 'rx', 'orng', 'orng', 'rx', '1'),
(31, 'krl', 'drk', 'krl', 'drk', '2'),
(32, 'sgs', 'rx', 'sgs', 'rx', '2'),
(33, 'mthd', 'js', 'mthd', 'js', '2'),
(34, 'dzn', 'mint', 'dzn', 'mint', '2'),
(35, 'king', 'orng', 'orng', 'king', '2'),
(36, 'krl', 'rx', 'rx', 'krl', '2'),
(37, 'drk', 'orng', 'orng', 'drk', '2'),
(38, 'mthd', 'king', 'king', 'mthd', '2'),
(39, 'js', 'mint', 'js', 'mint', '2'),
(40, 'sgs', 'dzn', 'dzn', 'sgs', '2'),
(41, 'krl', 'king', 'king', 'krl', '2'),
(42, 'sgs', 'js', 'sgs', 'js', '2'),
(43, 'mthd', 'orng', 'orng', 'mthd', '2'),
(44, 'dzn', 'rx', 'dzn', 'rx', '2'),
(45, 'drk', 'mint', 'mint', 'drk', '2'),
(46, 'krl', 'mthd', 'krl', 'mthd', '2'),
(47, 'js', 'rx', 'rx', 'js', '2'),
(48, 'sgs', 'mint', 'sgs', 'mint', '2'),
(49, 'dzn', 'orng', 'orng', 'dzn', '2'),
(50, 'king', 'drk', 'king', 'drk', '2'),
(51, 'krl', 'dzn', 'dzn', 'krl', '2'),
(52, 'sgs', 'drk', 'sgs', 'drk', '2'),
(53, 'rx', 'mthd', 'mthd', 'rx', '2'),
(54, 'orng', 'js', 'orng', 'js', '2'),
(55, 'king', 'mint', 'king', 'mint', '2'),
(56, 'krl', 'js', 'js', 'krl', '2'),
(57, 'dzn', 'drk', 'dzn', 'drk', '2'),
(58, 'orng', 'mint', 'orng', 'mint', '2'),
(59, 'mthd', 'sgs', 'sgs', 'mthd', '2'),
(60, 'king', 'rx', 'rx', 'king', '2'),
(61, 'aro', 'mint', 'mint', 'aro', '2'),
(62, 'sgs', 'orng', 'orng', 'sgs', '2'),
(63, 'king', 'js', 'king', 'js', '2'),
(64, 'mthd', 'dzn', 'mthd', 'dzn', '2'),
(65, 'rx', 'drk', 'rx', 'drk', '2'),
(66, 'aro', 'sgs', 'sgs', 'aro', '2'),
(67, 'orng', 'rx', 'rx', 'orng', '2'),
(68, 'dzn', 'king', 'dzn', 'king', '2'),
(69, 'drk', 'js', 'js', 'drk', '2'),
(70, 'mthd', 'mint ', 'mint', 'mthd', '2'),
(71, 'aro', 'orng', 'orng', 'mint', '2'),
(72, 'mint', 'rx', 'mint', 'rx', '2'),
(73, 'dzn', 'js', 'dzn', 'js', '2'),
(74, 'sgs', 'king', 'king', 'sgs', '2'),
(75, 'drk', 'mthd', 'mthd', 'drk', '2'),
(76, 'aro', 'drk', 'aro', 'drk', '2'),
(77, 'sgs', 'rx', 'sgs', 'rx', '2'),
(78, 'mthd', 'js', 'js', 'mthd', '2'),
(79, 'orng', 'king', 'king', 'orng', '2'),
(80, 'mint', 'dzn', 'mint', 'dzn', '2'),
(81, 'aro', 'rx', 'rx', 'aro', '2'),
(82, 'mthd', 'king', 'mthd', 'king', '2'),
(83, 'orng', 'drk', 'orng', 'drk', '2'),
(84, 'js', 'mint', 'js', 'mint', '2'),
(85, 'sgs', 'dzn', 'dzn', 'sgs', '2'),
(86, 'aro', 'king', 'king', 'aro', '2'),
(87, 'mint', 'drk', 'mint', 'drk', '2'),
(88, 'orng', 'mthd', 'orng', 'mthd', '2'),
(89, 'rx', 'dzn', 'dzn', 'rx', '2'),
(90, 'sgs', 'js', 'sgs', 'js', '2'),
(91, 'aro', 'mthd', 'mthd', 'aro', '2'),
(92, 'orng', 'dzn', 'dzn', 'orng', '2'),
(93, 'rx', 'js', 'rx', 'js', '2'),
(94, 'sgs ', 'mint', 'sgs', 'mint', '2'),
(95, 'drk', 'king', 'king', 'drk', '2'),
(96, 'aro', 'dzn', 'dzn', 'aro', '2'),
(97, 'rx', 'mthd', 'mthd', 'rx', '2'),
(98, 'mint', 'king', 'mint', 'king', '2'),
(99, 'orng', 'js', 'orng', 'js', '2'),
(100, 'drk', 'sgs', 'sgs', 'drk', '2'),
(101, 'aro', 'js', 'js', 'aro', '2'),
(102, 'sgs', 'mthd', 'sgs', 'mthd', '2'),
(103, 'mint', 'orng', 'orng', 'mint', '2'),
(104, 'rx', 'king', 'rx', 'king', '2'),
(105, 'dzn', 'drk', 'dzn', 'drk', '2'),
(106, 'aro', 'mint', 'mint', 'aro', '2'),
(107, 'dzn', 'mthd', 'dzn', 'mthd', '2'),
(108, 'sgs', 'orng', 'sgs', 'orng', '2'),
(109, 'king', 'js', 'js', 'king', '2'),
(110, 'rx', 'drk', 'rx', 'drk', '2'),
(111, 'aro', 'sgs', 'sgs', 'aro', '2'),
(112, 'mint', 'mthd', 'mthd', 'mint', '2'),
(113, 'rx', 'orng', 'orng', 'rx', '2'),
(114, 'js', 'drk', 'js', 'drk', '2'),
(115, 'king', 'dzn', 'dzn', 'king', '2'),
(116, 'aro', 'orng', 'aro', 'orng', '2'),
(117, 'mthd', 'drk', 'mthd', 'drk', '2'),
(118, 'king', 'sgs', 'king', 'sgs', '2'),
(119, 'rx', 'mint', 'rx', 'mint', '2'),
(120, 'js', 'dzn', 'js', 'dzn', '2'),
(121, 'cbb', 'js', 'js', 'cbb', '3'),
(122, 'cbb', 'dzn', 'cbb', 'dzn', '3'),
(123, 'js', 'rx', 'rx', 'js', '3'),
(124, 'dzn', 'aro', 'dzn', 'aro', '3'),
(125, 'rx', 'king', 'rx', 'king', '3'),
(126, 'aro', 'c2c', 'aro', 'c2c', '3'),
(127, 'king', 'c2c', 'king', 'c2c', '3'),
(128, 'mthd', 'cbb', 'cbb', 'mthd', '3'),
(129, 'drk', 'c2c', 'c2c', 'drk', '3'),
(130, 'fs', 'king', 'king', 'fs', '3'),
(131, 'krl', 'aro', 'krl', 'aro', '3'),
(132, 'sgs', 'rx', 'rx', 'sgs', '3'),
(133, 'mint', 'dzn', 'mint', 'dzn', '3'),
(134, 'orng', 'js', 'orng', 'js', '3'),
(135, 'mthd', 'drk', 'mthd', 'drk', '3'),
(136, 'mthd', 'fs', 'mthd', 'fs', '3'),
(137, 'drk', 'krl', 'krl', 'drk', '3'),
(138, 'fs', 'sgs', 'sgs', 'fs', '3'),
(139, 'krl', 'mint', 'krl', 'mint', '3'),
(140, 'sgs', 'orng', 'sgs', 'orng', '3'),
(141, 'mint', 'orng', 'orng', 'mint', '3'),
(142, 'cbb', 'rx', 'rx', 'cbb', '3'),
(143, 'cbb', 'aro', 'aro', 'cbb', '3'),
(144, 'js', 'aro', 'js', 'aro', '3'),
(145, 'js', 'king', 'js', 'king', '3'),
(146, 'dzn', 'king', 'dzn', 'king', '3'),
(147, 'dzn', 'c2c', 'dzn', 'c2c', '3'),
(148, 'rx', 'c2c', 'c2c', 'rx', '3'),
(149, 'mthd', 'js', 'js', 'mthd', '3'),
(150, 'drk', 'cbb', 'cbb', 'drk', '3'),
(151, 'fs', 'c2c', 'c2c', 'fs', '3'),
(152, 'krl', 'king', 'king', 'krl', '3'),
(153, 'sgs', 'aro', 'sgs', 'aro', '3'),
(154, 'mint', 'rx', 'rx', 'mint', '3'),
(155, 'orng', 'dzn', 'orng', 'dzn', '3'),
(156, 'mthd', 'krl', 'mthd', 'krl', '3'),
(157, 'mthd', 'sgs', 'sgs', 'mthd', '3'),
(158, 'drk', 'sgs', 'sgs', 'drk', '3'),
(159, 'drk', 'mint', 'mint', 'drk', '3'),
(160, 'fs', 'mint', 'mint', 'fs', '3'),
(161, 'fs', 'orng', 'orng', 'fs', '3'),
(162, 'krl', 'orng', 'krl', 'orng', '3'),
(163, 'cbb', 'king', 'king', 'cbb', '3'),
(164, 'cbb', 'c2c', 'c2c', 'cbb', '3'),
(165, 'js', 'dzn', 'js', 'dzn', '3'),
(166, 'js', 'c2c', 'js', 'c2c', '3'),
(167, 'dzn', 'rx', 'dzn', 'rx', '3'),
(168, 'rx', 'aro', 'rx', 'aro', '3'),
(169, 'aro', 'king', 'king', 'aro', '3'),
(170, 'mthd', 'dzn', 'dzn', 'mthd', '3'),
(171, 'drk', 'js', 'js', 'drk', '3'),
(172, 'fs', 'cbb', 'cbb', 'fs', '3'),
(173, 'krl', 'c2c', 'krl', 'c2c', '3'),
(174, 'sgs', 'king', 'sgs', 'king', '3'),
(175, 'mint', 'aro', 'mint', 'aro', '3'),
(176, 'orng', 'rx', 'orng', 'rx', '3'),
(177, 'mthd', 'mint', 'mthd', 'mint', '3'),
(178, 'mthd', 'orng', 'mthd', 'orng', '3'),
(179, 'drk', 'fs', 'fs', 'drk', '3'),
(180, 'drk', 'orng', 'orng', 'drk', '3'),
(181, 'fs', 'krl', 'krl', 'fs', '3'),
(182, 'krl', 'sgs', 'krl', 'sgs', '3'),
(183, 'sgs', 'mint', 'sgs', 'mint', '3'),
(184, 'cbb', 'js', 'cbb', 'js', '3'),
(185, 'cbb', 'aro', 'cbb', 'aro', '3'),
(186, 'js', 'king', 'js', 'king', '3'),
(187, 'dzn', 'aro', 'dzn', 'aro', '3'),
(188, 'dzn', 'c2c', 'dzn', 'c2c', '3'),
(189, 'rx', 'king', 'rx', 'king', '3'),
(190, 'rx', 'c2c', 'rx', 'c2c', '3'),
(191, 'mthd', 'rx', 'rx', 'mthd', '3'),
(192, 'drk', 'dzn', 'dzn', 'drk', '3'),
(193, 'fs', 'js', 'js', 'fs', '3'),
(194, 'krl', 'cbb', 'krl', 'cbb', '3'),
(195, 'sgs', 'c2c', 'sgs', 'c2c', '3'),
(196, 'mint', 'king', 'mint', 'king', '3'),
(197, 'orng', 'aro', 'aro', 'orng', '3'),
(198, 'mthd', 'drk', 'mthd', 'drk', '3'),
(199, 'mthd', 'sgs', 'mthd', 'sgs', '3'),
(200, 'drk', 'mint', 'mint', 'drk', '3'),
(201, 'fs', 'sgs', 'sgs', 'fs', '3'),
(202, 'fs', 'orng', 'orng', 'fs', '3'),
(203, 'krl', 'mint', 'mint', 'krl', '3'),
(204, 'krl', 'orng', 'orng', 'krl', '3'),
(205, 'cbb', 'dzn', 'dzn', 'cbb', '3'),
(206, 'cbb', 'king', 'cbb', 'king', '3'),
(207, 'js', 'rx', 'rx', 'js', '3'),
(208, 'js', 'c2c', 'js', 'c2c', '3'),
(209, 'dzn', 'rx', 'dzn', 'rx', '3'),
(210, 'aro', 'king', 'aro', 'king', '3'),
(211, 'aro', 'c2c', 'c2c', 'aro', '3'),
(212, 'mthd', 'aro', 'mthd', 'aro', '3'),
(213, 'drk', 'rx', 'rx', 'drk', '3'),
(214, 'fs', 'dzn', 'dzn', 'fs', '3'),
(215, 'krl', 'js', 'js', 'krl', '3'),
(216, 'sgs', 'cbb', 'sgs', 'cbb', '3'),
(217, 'mint', 'c2c', 'mint', 'c2c', '3'),
(218, 'orng', 'king', 'orng', 'king', '3'),
(219, 'mthd', 'fs', 'mthd', 'fs', '3'),
(220, 'mthd', 'mint', 'mthd', 'mint', '3'),
(221, 'drk', 'krl', 'krl', 'drk', '3'),
(222, 'drk', 'orng', 'orng', 'drk', '3'),
(223, 'fs', 'krl', 'krl', 'fs', '3'),
(224, 'sgs', 'mint', 'sgs', 'mint', '3'),
(225, 'sgs', 'orng', 'sgs', 'orng', '3'),
(226, 'rx', 'cbb', 'rx', 'cbb', '3'),
(227, 'cbb', 'c2c', 'cbb', 'c2c', '3'),
(228, 'js', 'dzn', 'js', 'dzn', '3'),
(229, 'js', 'aro', 'aro', 'js', '3'),
(230, 'dzn', 'king', 'dzn', 'king', '3'),
(231, 'rx', 'aro', 'aro', 'rx', '3'),
(232, 'king', 'c2c', 'c2c', 'king', '3'),
(233, 'mthd', 'king', 'king', 'mthd', '3'),
(234, 'drk', 'aro', 'aro', 'drk', '3'),
(235, 'fs', 'rx', 'rx', 'fs', '3'),
(236, 'krl', 'dzn', 'dzn', 'krl', '3'),
(237, 'sgs', 'js', 'sgs', 'js', '3'),
(238, 'mint', 'cbb', 'mint', 'cbb', '3'),
(239, 'orng', 'c2c', 'orng', 'c2c', '3'),
(240, 'mthd', 'krl', 'krl', 'mthd', '3'),
(241, 'mthd', 'orng', 'orng', 'mthd', '3'),
(242, 'drk', 'fs', 'fs', 'drk', '3'),
(243, 'drk', 'sgs', 'sgs', 'drk', '3'),
(244, 'fs', 'mint', 'mint', 'fs', '3'),
(245, 'krl', 'sgs', 'sgs', 'krl', '3'),
(246, 'mint', 'orng', 'orng', 'mint', '3'),
(247, 'cbb', 'js', 'cbb', 'js', '3'),
(248, 'cbb', 'king', 'king', 'cbb', '3'),
(249, 'js', 'c2c', 'js', 'c2c', '3'),
(250, 'dzn', 'rx', 'dzn', 'rx', '3'),
(251, 'dzn', 'aro', 'dzn', 'aro', '3'),
(252, 'aro', 'c2c', 'aro', 'c2c', '3'),
(253, 'mthd', 'c2c', 'mthd', 'c2c', '3'),
(254, 'drk', 'king', 'king', 'drk', '3'),
(255, 'fs', 'aro', 'aro', 'fs', '3'),
(256, 'krl', 'rx', 'krl', 'rx', '3'),
(257, 'sgs', 'dzn', 'sgs', 'dzn', '3'),
(258, 'mint', 'js', 'js', 'mint', '3'),
(259, 'orng', 'cbb', 'orng', 'cbb', '3'),
(260, 'mthd', 'drk', 'mthd', 'drk', '3'),
(261, 'mthd', 'mint', 'mthd', 'mint', '3'),
(262, 'drk', 'orng', 'orng', 'drk', '3'),
(263, 'fs', 'krl', 'krl', 'fs', '3'),
(264, 'fs', 'sgs', 'sgs', 'fs', '3'),
(265, 'krl', 'mint', 'krl', 'mint', '3'),
(266, 'sgs', 'orng', 'sgs', 'orng', '3'),
(267, 'cbb', 'aro', 'aro', 'cbb', '3'),
(268, 'cbb', 'c2c', 'cbb', 'c2c', '3'),
(269, 'js', 'dzn', 'dzn', 'js', '3'),
(270, 'js', 'rx', 'rx', 'js', '3'),
(271, 'dzn', 'king', 'dzn', 'king', '3'),
(272, 'dzn', 'c2c', 'dzn', 'c2c', '3'),
(273, 'aro', 'king', 'king', 'aro', '3'),
(274, 'cbb', 'dzn', 'dzn', 'cbb', '3'),
(275, 'cbb', 'rx', 'rx', 'cbb', '3'),
(276, 'js', 'aro', 'js', 'aro', '3'),
(277, 'js', 'king', 'js', 'king', '3'),
(278, 'rx', 'aro', 'aro', 'rx', '3'),
(279, 'rx', 'c2c', 'rx', 'c2c', '3'),
(280, 'king', 'c2c', 'king', 'c2c', '3'),
(281, 'mthd', 'sgs', 'mthd', 'sgs', '3'),
(282, 'mthd', 'orng', 'orng', 'mthd', '3'),
(283, 'drk', 'fs', 'fs', 'drk', '3'),
(284, 'drk', 'krl', 'krl', 'drk', '3'),
(285, 'fs', 'mint', 'mint', 'fs', '3'),
(286, 'fs', 'orng', 'orng', 'fs', '3'),
(287, 'sgs', 'mint', 'sgs', 'mint', '3'),
(288, 'mthd', 'fs', 'mthd', 'fs', '3'),
(289, 'mthd', 'krl', 'krl', 'mthd', '3'),
(290, 'drk', 'sgs', 'sgs', 'drk', '3'),
(291, 'drk', 'mint', 'drk', 'mint', '3'),
(292, 'krl', 'sgs', 'krl', 'sgs', '3'),
(293, 'krl', 'orng', 'orng', 'krl', '3'),
(294, 'mint', 'orng', 'mint', 'orng', '3'),
(295, 'cbb', 'drk', 'cbb', 'drk', '4'),
(296, 'cbb', 'fs', 'cbb', 'fs', '4'),
(297, 'drk', 'dzn', 'dzn', 'drk', '4'),
(298, 'fs', 'rx', 'rx', 'fs', '4'),
(299, 'dzn', 'rx', 'dzn', 'rx', '4'),
(300, 'cbb', 'dzn', 'dzn', 'cbb', '4'),
(301, 'cbb', 'rx', 'rx', 'cbb', '4'),
(302, 'drk', 'fs', 'fs', 'drk', '4'),
(303, 'drk', 'rx', 'rx', 'drk', '4'),
(304, 'fs', 'dzn', 'dzn', 'fs', '4'),
(305, 'cbb', 'drk', 'drk', 'cbb', '4'),
(306, 'cbb', 'dzn', 'dzn', 'cbb', '4'),
(307, 'drk', 'fs', 'drk', 'fs', '4'),
(308, 'fs', 'rx', 'rx', 'fs', '4'),
(309, 'dzn', 'rx', 'rx', 'dzn', '4'),
(310, 'cbb', 'rx', 'rx', 'cbb', '4'),
(311, 'drk', 'dzn', 'dzn', 'drk', '4'),
(312, 'drk', 'rx', 'rx', 'drk', '4'),
(313, 'fs', 'dzn', 'fs', 'dzn', '4'),
(314, 'cbb', 'krl', 'cbb', 'krl', '4'),
(315, 'cbb', 'dzn', 'cbb', 'dzn', '4'),
(316, 'drk', 'dzn', 'dzn', 'drk', '4'),
(317, 'drk', 'rx', 'rx', 'drk', '4'),
(318, 'krl', 'rx', 'krl', 'rx', '4'),
(319, 'cbb', 'drk', 'cbb', 'drk', '4'),
(320, 'cbb', 'rx', 'cbb', 'rx', '4'),
(321, 'drk', 'krl', 'krl', 'drk', '4'),
(322, 'krl', 'dzn', 'dzn', 'krl', '4'),
(323, 'dzn', 'rx', 'dzn', 'rx', '4'),
(324, 'mthd', 'king', 'king', 'mthd', '4'),
(325, 'mthd', 'orng', 'orng', 'mthd', '4'),
(326, 'king', 'sgs', 'sgs', 'king', '4'),
(327, 'orng', 'aro', 'orng', 'aro', '4'),
(328, 'sgs', 'aro', 'sgs', 'aro', '4'),
(329, 'mthd', 'sgs', 'sgs', 'mthd', '4'),
(330, 'mthd', 'aro', 'aro', 'mthd', '4'),
(331, 'king', 'orng', 'king', 'orng', '4'),
(332, 'king', 'aro', 'aro', 'king', '4'),
(333, 'orng', 'sgs', 'sgs', 'orng', '4'),
(334, 'mthd', 'king', 'mthd', 'king', '4'),
(335, 'mthd', 'sgs', 'mthd', 'sgs', '4'),
(336, 'king', 'orng', 'orng', 'king', '4'),
(337, 'orng', 'aro', 'orng', 'aro', '4'),
(338, 'sgs', 'aro', 'sgs', 'aro', '4'),
(339, 'mthd', 'orng', 'orng', 'mthd', '4'),
(340, 'mthd', 'aro', 'aro', 'mthd', '4'),
(341, 'king', 'sgs', 'sgs', 'king', '4'),
(342, 'king', 'aro', 'aro', 'king', '4'),
(343, 'orng', 'sgs', 'sgs', 'orng', '4'),
(344, 'mthd', 'orng', 'orng', 'mthd', '4'),
(345, 'mthd', 'sgs', 'sgs', 'mthd', '4'),
(346, 'king', 'sgs', 'sgs', 'king', '4'),
(347, 'king', 'aro', 'aro', 'king', '4'),
(348, 'orng', 'aro', 'aro', 'orng', '4'),
(349, 'mthd', 'king', 'king', 'mthd', '4'),
(350, 'mthd', 'aro', 'aro', 'mthd', '4'),
(351, 'king', 'orng', 'orng', 'king', '4'),
(352, 'orng', 'sgs', 'sgs', 'orng', '4'),
(353, 'sgs', 'aro', 'aro', 'sgs', '4'),
(354, 'mthd', 'cbb', 'mthd', 'cbb', '4'),
(355, 'drk', 'aro', 'aro', 'drk', '4'),
(356, 'krl', 'sgs', 'sgs', 'krl', '4'),
(357, 'dzn', 'orng', 'dzn', 'orng', '4'),
(358, 'rx', 'king', 'rx', 'king', '4'),
(359, 'cbb', 'king', 'king', 'cbb', '4'),
(360, 'drk', 'mthd', 'mthd', 'drk', '4'),
(361, 'krl', 'aro', 'aro', 'krl', '4'),
(362, 'dzn', 'sgs', 'sgs', 'dzn', '4'),
(363, 'rx', 'orng', 'rx', 'orng', '4'),
(364, 'cbb', 'orng', 'orng', 'cbb', '4'),
(365, 'drk', 'king', 'king', 'drk', '4'),
(366, 'krl', 'mthd', 'mthd', 'krl', '4'),
(367, 'dzn', 'aro', 'aro', 'dzn', '4'),
(368, 'rx', 'sgs', 'sgs', 'rx', '4'),
(369, 'cbb', 'sgs', 'sgs', 'cbb', '4'),
(370, 'drk', 'orng', 'orng', 'drk', '4'),
(371, 'krl', 'king', 'krl', 'king', '4'),
(372, 'dzn', 'mthd', 'dzn', 'mthd', '4'),
(373, 'rx', 'aro', 'rx', 'aro', '4'),
(374, 'cbb', 'aro', 'cbb', 'aro', '4'),
(375, 'drk', 'sgs', 'sgs', 'drk', '4'),
(376, 'krl', 'orng', 'orng', 'krl', '4'),
(377, 'dzn', 'king', 'dzn', 'king', '4'),
(378, 'rx', 'mthd', 'rx', 'mthd', '4'),
(379, 'sgs', 'krl', 'sgs', 'krl', '5'),
(380, 'sgs', 'cbb', 'sgs', 'cbb', '5'),
(381, 'krl', 'dzn', 'dzn', 'krl', '5'),
(382, 'cbb', 'rx', 'rx', 'cbb', '5'),
(383, 'dzn', 'rx', 'dzn', 'rx', '5'),
(384, 'sgs', 'dzn', 'dzn', 'sgs', '5'),
(385, 'sgs', 'rx', 'rx', 'sgs', '5'),
(386, 'krl', 'cbb', 'krl', 'cbb', '5'),
(387, 'krl', 'rx', 'rx', 'krl', '5'),
(388, 'cbb', 'dzn', 'dzn', 'cbb', '5'),
(389, 'sgs', 'krl', 'sgs', 'krl', '5'),
(390, 'sgs', 'dzn', 'dzn', 'sgs', '5'),
(391, 'krl', 'cbb', 'krl', 'cbb', '5'),
(392, 'cbb', 'rx', 'cbb', 'rx', '5'),
(393, 'dzn', 'rx', 'rx', 'dzn', '5'),
(394, 'sgs', 'cbb', 'sgs', 'cbb', '5'),
(395, 'sgs', 'rx', 'rx', 'sgs', '5'),
(396, 'krl', 'dzn', 'dzn', 'krl', '5'),
(397, 'krl', 'rx', 'krl', 'rx', '5'),
(398, 'cbb', 'dzn', 'dzn', 'cbb', '5'),
(399, 'sgs', 'cbb', 'sgs', 'cbb', '5'),
(400, 'sgs', 'dzn', 'dzn', 'sgs', '5'),
(401, 'krl', 'dzn', 'dzn', 'krl', '5'),
(402, 'krl', 'rx', 'rx', 'krl', '5'),
(403, 'cbb', 'rx', 'rx', 'cbb', '5'),
(404, 'sgs', 'krl', 'krl', 'sgs', '5'),
(405, 'sgs', 'rx', 'sgs', 'rx', '5'),
(406, 'krl', 'cbb', 'krl', 'cbb', '5'),
(407, 'cbb', 'dzn', 'dzn', 'cbb', '5'),
(408, 'dzn', 'rx', 'rx', 'dzn', '5'),
(409, 'orng', 'js', 'orng', 'js', '5'),
(410, 'orng', 'king', 'king', 'orng', '5'),
(411, 'js', 'c2c', 'c2c', 'js', '5'),
(412, 'king', 'aro', 'king', 'aro', '5'),
(413, 'c2c', 'aro', 'c2c', 'aro', '5'),
(414, 'orng', 'c2c', 'orng', 'c2c', '5'),
(415, 'orng', 'aro', 'aro', 'orng', '5'),
(416, 'js', 'king', 'js', 'king', '5'),
(417, 'js', 'aro', 'js', 'aro', '5'),
(418, 'king', 'c2c', 'king', 'c2c', '5'),
(419, 'orng', 'js', 'orng', 'js', '5'),
(420, 'orng', 'c2c', 'orng', 'c2c', '5'),
(421, 'js', 'king', 'king', 'js', '5'),
(422, 'king', 'aro', 'aro', 'king', '5'),
(423, 'c2c', 'aro', 'aro', 'c2c', '5'),
(424, 'orng', 'king', 'orng', 'king', '5'),
(425, 'orng', 'aro', 'aro', 'orng', '5'),
(426, 'js', 'c2c', 'c2c', 'js', '5'),
(427, 'js ', 'aro', 'aro', 'js', '5'),
(428, 'king', 'c2c', 'king', 'c2c', '5'),
(429, 'orng', 'king', 'orng', 'king', '5'),
(430, 'orng', 'c2c', 'orng', 'c2c', '5'),
(431, 'js', 'c2c', 'js', 'c2c', '5'),
(432, 'js', 'aro', 'aro', 'js', '5'),
(433, 'king', 'aro', 'aro', 'king', '5'),
(434, 'orng', 'js', 'orng', 'js', '5'),
(435, 'orng', 'aro', 'orng', 'aro', '5'),
(436, 'king', 'c2c', 'c2c', 'king', '5'),
(437, 'c2c', 'aro', 'aro', 'c2c', '5'),
(438, 'sgs', 'orng', 'orng', 'sgs', '5'),
(439, 'krl', 'aro', 'krl', 'aro', '5'),
(440, 'cbb', 'c2c', 'cbb', 'c2c', '5'),
(441, 'dzn', 'king', 'dzn', 'king', '5'),
(442, 'rx', 'js', 'rx', 'js', '5'),
(443, 'sgs', 'js', 'sgs', 'js', '5'),
(444, 'krl', 'orng', 'orng', 'krl', '5'),
(445, 'cbb', 'aro', 'aro', 'cbb', '5'),
(446, 'dzn', 'c2c', 'dzn', 'c2c', '5'),
(447, 'rx', 'king', 'rx', 'king', '5'),
(448, 'sgs', 'king', 'sgs', 'king', '5'),
(449, 'krl', 'js', 'krl', 'js', '5'),
(450, 'cbb', 'orng', 'orng', 'cbb', '5'),
(451, 'dzn', 'aro', 'aro', 'dzn', '5'),
(452, 'rx', 'c2c', 'rx', 'c2c', '5'),
(453, 'sgs', 'c2c', 'c2c', 'sgs', '5'),
(454, 'krl', 'king', 'krl', 'king', '5'),
(455, 'cbb', 'js', 'js', 'cbb', '5'),
(456, 'dzn', 'orng', 'orng', 'dzn', '5'),
(457, 'rx', 'aro', 'aro', 'rx', '5'),
(458, 'sgs', 'aro', 'sgs', 'aro', '5'),
(459, 'krl', 'c2c', 'krl', 'c2c', '5'),
(460, 'cbb', 'king', 'king', 'cbb', '5'),
(461, 'dzn', 'js', 'dzn', 'js', '5'),
(462, 'rx', 'orng', 'orng', 'rx', '5'),
(463, 'cbb', 'dzn', 'dzn', 'cbb', '6'),
(464, 'cbb', 'mint', 'cbb', 'mint', '6'),
(465, 'dzn', 'rx', 'rx', 'dzn', '6'),
(466, 'sgs', 'mmm', 'sgs', 'mmm', '6'),
(467, 'mint', 'sgs', 'sgs', 'mint', '6'),
(468, 'rx', 'mmm', 'rx', 'mmm', '6'),
(469, 'cbb', 'rx', 'cbb', 'rx', '6'),
(470, 'cbb', 'sgs', 'sgs', 'cbb', '6'),
(471, 'dzn', 'sgs', 'dzn', 'sgs', '6'),
(472, 'dzn', 'mmm', 'mmm', 'dzn', '6'),
(473, 'mint', 'rx', 'rx', 'mint', '6'),
(474, 'mint', 'mmm', 'mint', 'mmm', '6'),
(475, 'cbb', 'dzn', 'cbb', 'dzn', '6'),
(476, 'cbb', 'mmm', 'mmm', 'cbb', '6'),
(477, 'dzn', 'mint', 'dzn', 'mint', '6'),
(478, 'mint', 'sgs', 'sgs', 'mint', '6'),
(479, 'rx', 'sgs', 'rx', 'sgs', '6'),
(480, 'rx', 'mmm', 'rx', 'mmm', '6'),
(481, 'cbb', 'mint', 'cbb', 'mint', '6'),
(482, 'cbb', 'sgs', 'sgs', 'cbb', '6'),
(483, 'dzn', 'rx', 'dzn', 'rx', '6'),
(484, 'dzn', 'mmm', 'dzn', 'mmm', '6'),
(485, 'mint', 'rx', 'rx', 'mint', '6'),
(486, 'sgs', 'mmm', 'sgs', 'mmm', '6'),
(487, 'cbb', 'rx', 'rx', 'cbb', '6'),
(488, 'cbb', 'mmm', 'cbb', 'mmm', '6'),
(489, 'dzn', 'mint', 'dzn', 'mint', '6'),
(490, 'dzn', 'sgs', 'dzn', 'sgs', '6'),
(491, 'mint', 'mmm', 'mint', 'mmm', '6'),
(492, 'rx', 'sgs', 'rx', 'sgs', '6'),
(493, 'cbb', 'dzn', 'dzn', 'cbb', '6'),
(494, 'cbb', 'sgs', 'sgs', 'cbb', '6'),
(495, 'dzn', 'mmm', 'dzn', 'mmm', '6'),
(496, 'mint', 'rx', 'mint', 'rx', '6'),
(497, 'mint', 'sgs', 'sgs', 'mint', '6'),
(498, 'rx', 'mmm', 'rx', 'mmm', '6'),
(499, 'cbb', 'mint', 'cbb', 'mint', '6'),
(500, 'cbb', 'rx', 'rx', 'cbb', '6'),
(501, 'cbb', 'mmm', 'cbb', 'mmm', '6'),
(502, 'dzn', 'mint', 'dzn', 'mint', '6'),
(503, 'dzn', 'rx', 'dzn', 'rx', '6'),
(504, 'dzn', 'sgs', 'sgs', 'dzn', '6'),
(505, 'mint', 'mmm', 'mint', 'mmm', '6'),
(506, 'rx', 'sgs', 'sgs', 'rx', '6'),
(507, 'sgs', 'mmm', 'sgs', 'mmm', '6'),
(508, 'krl', 'orng', 'orng', 'krl', '6'),
(509, 'krl', 'aro', 'krl', 'aro', '6'),
(510, 'orng', 'c2c', 'orng', 'c2c', '6'),
(511, 'js', 'syg', 'syg', 'js', '6'),
(512, 'aro', 'js', 'aro', 'js', '6'),
(513, 'c2c', 'syg', 'syg', 'c2c', '6'),
(514, 'krl', 'c2c', 'c2c', 'krl', '6'),
(515, 'krl', 'js', 'js', 'krl', '6'),
(516, 'orng', 'js', 'js', 'orng', '6'),
(517, 'orng', 'syg', 'orng', 'syg', '6'),
(518, 'aro', 'c2c', 'aro', 'c2c', '6'),
(519, 'aro', 'syg', 'aro', 'syg', '6'),
(520, 'krl', 'orng', 'orng', 'krl', '6'),
(521, 'krl', 'syg', 'krl', 'syg', '6'),
(522, 'orng', 'aro', 'orng', 'aro', '6'),
(523, 'aro', 'js', 'js', 'aro', '6'),
(524, 'c2c', 'js', 'c2c', 'js', '6'),
(525, 'c2c', 'syg', 'c2c', 'syg', '6'),
(526, 'krl', 'aro', 'aro', 'krl', '6'),
(527, 'krl', 'js', 'js', 'krl', '6'),
(528, 'orng', 'c2c', 'orng', 'c2c', '6'),
(529, 'orng', 'syg', 'syg', 'orng', '6'),
(530, 'aro', 'c2c ', 'aro', 'c2c', '6'),
(531, 'js', 'syg', 'js', 'syg', '6'),
(532, 'krl', 'c2c', 'krl', 'c2c', '6'),
(533, 'krl', 'syg', 'syg', 'krl', '6'),
(534, 'orng', 'aro', 'orng', 'aro', '6'),
(535, 'orng', 'js', 'js', 'orng', '6'),
(536, 'aro', 'syg', 'aro', 'syg', '6'),
(537, 'c2c', 'js', 'c2c', 'js', '6'),
(538, 'krl', 'orng', 'krl', 'orng', '6'),
(539, 'krl', 'js', 'krl', 'js', '6'),
(540, 'orng', 'syg', 'orng', 'syg', '6'),
(541, 'aro', 'c2c', 'aro', 'c2c', '6'),
(542, 'aro', 'js', 'aro', 'js', '6'),
(543, 'krl', 'aro', 'aro', 'krl', '6'),
(544, 'krl', 'c2c', 'krl', 'c2c', '6'),
(545, 'krl', 'syg', 'krl', 'syg', '6'),
(546, 'orng', 'aro', 'orng', 'aro', '6'),
(547, 'orng', 'c2c', 'orng', 'c2c', '6'),
(548, 'orng', 'js', 'orng', 'js', '6'),
(549, 'aro', 'syg', 'syg', 'aro', '6'),
(550, 'c2c', 'js', 'js', 'c2c', '6'),
(551, 'js', 'syg', 'syg', 'js', '6'),
(552, 'cbb', 'krl', 'krl', 'cbb', '6'),
(553, 'dzn', 'syg', 'dzn', 'syg', '6'),
(554, 'mint', 'js', 'js', 'mint', '6'),
(555, 'rx', 'c2c', 'rx', 'c2c', '6'),
(556, 'sgs', 'aro', 'sgs', 'aro', '6'),
(557, 'mmm', 'orng', 'orng', 'mmm', '6'),
(558, 'cbb', 'orng', 'orng', 'cbb', '6'),
(559, 'dzn', 'krl', 'dzn', 'krl', '6'),
(560, 'mint', 'syg', 'syg', 'mint', '6'),
(561, 'rx', 'js', 'rx', 'js', '6'),
(562, 'sgs', 'c2c', 'sgs', 'c2c', '6'),
(563, 'mmm ', 'aro', 'aro', 'mmm', '6'),
(564, 'cbb', 'aro', 'aro', 'cbb', '6'),
(565, 'dzn', 'orng', 'orng', 'dzn', '6'),
(566, 'mint', 'krl', 'mint', 'krl', '6'),
(567, 'rx', 'syg', 'rx', 'syg', '6'),
(568, 'sgs', 'js', 'sgs', 'js', '6'),
(569, 'mmm', 'c2c', 'mmm ', 'c2c', '6'),
(570, 'cbb', 'c2c', 'cbb', 'c2c', '6'),
(571, 'dzn', 'aro', 'dzn', 'aro', '6'),
(572, 'mint', 'orng', 'orng', 'mint', '6'),
(573, 'rx', 'krl', 'krl', 'rx', '6'),
(574, 'sgs', 'syg', 'sgs', 'syg', '6'),
(575, 'mmm', 'js', 'mmm', 'js', '6'),
(576, 'cbb', 'js', 'cbb', 'js', '6'),
(577, 'dzn', 'c2c', 'dzn', 'c2c', '6'),
(578, 'mint', 'aro', 'mint', 'aro', '6'),
(579, 'rx', 'orng', 'rx', 'orng', '6'),
(580, 'sgs', 'krl', 'krl', 'sgs', '6'),
(581, 'mmm', 'syg', 'mmm', 'syg', '6'),
(582, 'dzn', 'js', 'dzn', 'js', '6'),
(583, 'mint', 'c2c', 'c2c', 'mint', '6'),
(584, 'rx', 'aro', 'rx', 'aro', '6'),
(585, 'sgs', 'orng', 'orng', 'sgs', '6'),
(586, 'mmm', 'krl', 'krl', 'mmm', '6'),
(587, 'cbb', 'rx', 'rx', 'cbb', '7'),
(588, 'cbb', 'mmm', 'mmm', 'cbb', '7'),
(589, 'rx', 'mthd', 'rx', 'mthd', '7'),
(590, 'dzn', 'krl', 'dzn', 'krl', '7'),
(591, 'mmm', 'dzn', 'dzn', 'mmm', '7'),
(592, 'mthd', 'krl', 'krl', 'mthd', '7'),
(593, 'cbb', 'mthd', 'cbb', 'mthd', '7'),
(594, 'cbb', 'dzn', 'cbb', 'dzn', '7'),
(595, 'rx', 'dzn', 'dzn', 'rx', '7'),
(596, 'rx', 'krl', 'krl', 'rx', '7'),
(597, 'mmm', 'mthd', 'mmm', 'mthd', '7'),
(598, 'mmm', 'krl', 'krl', 'mmm', '7'),
(599, 'cbb', 'rx', 'cbb', 'rx', '7'),
(600, 'cbb', 'krl', 'krl', 'cbb', '7'),
(601, 'rx', 'mmm', 'rx', 'mmm', '7'),
(602, 'mmm', 'dzn', 'mmm', 'dzn', '7'),
(603, 'mthd', 'dzn', 'dzn', 'mthd', '7'),
(604, 'mthd', 'krl', 'krl', 'mthd', '7'),
(605, 'cbb', 'mmm', 'cbb', 'mmm', '7'),
(606, 'cbb', 'dzn', 'dzn', 'cbb', '7'),
(607, 'rx', 'mthd', 'rx', 'mthd', '7'),
(608, 'rx', 'krl', 'krl', 'rx', '7'),
(609, 'mmm', 'mthd', 'mthd', 'mmm', '7'),
(610, 'dzn', 'krl', 'dzn', 'krl', '7'),
(611, 'cbb', 'mthd', 'cbb', 'mthd', '7'),
(612, 'cbb', 'krl', 'krl', 'cbb', '7'),
(613, 'rx', 'mmm', 'rx', 'mmm', '7'),
(614, 'rx', 'dzn', 'dzn', 'rx', '7'),
(615, 'mmm', 'krl', 'krl', 'mmm', '7'),
(616, 'mthd', 'dzn', 'dzn', 'mthd', '7'),
(617, 'cbb', 'rx', 'cbb', 'rx', '7'),
(618, 'cbb', 'dzn', 'dzn', 'cbb', '7'),
(619, 'rx', 'krl', 'krl', 'rx', '7'),
(620, 'mmm', 'mthd', 'mmm', 'mthd', '7'),
(621, 'mmm', 'dzn', 'dzn', 'mmm', '7'),
(622, 'mthd', 'krl', 'krl', 'mthd', '7'),
(623, 'cbb', 'mmm', 'mmm', 'cbb', '7'),
(624, 'cbb', 'mthd', 'cbb', 'mthd', '7'),
(625, 'cbb', 'krl', 'krl', 'cbb', '7'),
(626, 'rx', 'mmm', 'mmm', 'rx', '7'),
(627, 'rx', 'mthd', 'rx', 'mthd', '7'),
(628, 'rx', 'dzn', 'dzn', 'rx', '7'),
(629, 'mmm', 'krl', 'krl', 'mmm', '7'),
(630, 'mthd', 'dzn', 'mthd', 'dzn', '7'),
(631, 'dzn', 'krl', 'dzn', 'krl', '7'),
(632, 'aro', 'king', 'aro', 'king', '7'),
(633, 'aro', 'orng', 'orng', 'aro', '7'),
(634, 'king', 'sgs', 'king', 'sgs', '7'),
(635, 'js', 'syg', 'syg', 'js', '7'),
(636, 'orng', 'js', 'orng', 'js', '7'),
(637, 'sgs', 'syg ', 'sgs', 'syg', '7'),
(638, 'aro', 'sgs', 'sgs', 'aro', '7'),
(639, 'aro', 'js', 'js', 'aro', '7'),
(640, 'king', 'js', 'js', 'king', '7'),
(641, 'king', 'syg', 'king', 'syg', '7'),
(642, 'orng', 'sgs', 'orng', 'sgs', '7'),
(643, 'orng', 'syg', 'orng', 'syg', '7'),
(644, 'aro', 'king', 'aro', 'king', '7'),
(645, 'aro', 'syg', 'aro', 'syg', '7'),
(646, 'king', 'orng', 'orng', 'king', '7'),
(647, 'orng', 'js', 'orng', 'js', '7'),
(648, 'sgs', 'js', 'js', 'sgs', '7'),
(649, 'sgs', 'syg', 'sgs', 'syg', '7'),
(650, 'aro', 'orng', 'orng', 'aro', '7'),
(651, 'aro', 'js', 'js', 'aro', '7'),
(652, 'king', 'sgs', 'sgs', 'king', '7'),
(653, 'king', 'syg', 'syg', 'king', '7'),
(654, 'orng', 'sgs', 'sgs', 'orng', '7'),
(655, 'js', 'syg', 'js', 'syg', '7'),
(656, 'aro', 'sgs', 'sgs', 'aro', '7'),
(657, 'aro', 'syg', 'aro', 'syg', '7'),
(658, 'king', 'orng', 'orng', 'king', '7'),
(659, 'king', 'js', 'js', 'king', '7'),
(660, 'orng', 'syg', 'syg', 'orng', '7'),
(661, 'sgs', 'js', 'sgs', 'js', '7'),
(662, 'aro', 'king', 'king', 'aro', '7'),
(663, 'aro', 'js', 'aro', 'js', '7'),
(664, 'king', 'syg', 'syg', 'king', '7'),
(665, 'orng', 'sgs', 'orng', 'sgs', '7'),
(666, 'orng', 'js', 'orng', 'js', '7'),
(667, 'sgs', 'syg ', 'syg', 'sgs', '7'),
(668, 'aro', 'orng', 'aro', 'orng', '7'),
(669, 'aro', 'sgs', 'sgs', 'aro', '7'),
(670, 'aro', 'syg', 'syg', 'aro', '7'),
(671, 'orng', 'king', 'orng', 'king', '7'),
(672, 'sgs', 'king', 'sgs', 'king', '7'),
(673, 'orng', 'syg', 'syg', 'orng', '7'),
(674, 'sgs', 'js', 'js', 'sgs', '7'),
(675, 'js', 'syg', 'syg', 'js', '7'),
(676, 'cbb', 'aro', 'cbb', 'aro', '7'),
(677, 'rx', 'syg', 'syg', 'rx', '7'),
(678, 'mmm', 'js', 'js', 'mmm', '7'),
(679, 'mthd', 'sgs', 'sgs', 'mthd', '7'),
(680, 'dzn', 'orng', 'dzn', 'orng', '7'),
(681, 'krl', 'king', 'king', 'krl', '7'),
(682, 'cbb', 'king', 'king', 'cbb', '7'),
(683, 'rx', 'aro', 'rx', 'aro', '7'),
(684, 'mmm', 'syg', 'syg', 'mmm', '7'),
(685, 'mthd', 'js', 'js', 'mthd', '7'),
(686, 'dzn', 'sgs', 'sgs', 'dzn', '7'),
(687, 'krl', 'orng', 'orng', 'krl', '7'),
(688, 'cbb', 'orng', 'cbb', 'orng', '7'),
(689, 'rx', 'king', 'king', 'rx', '7'),
(690, 'mmm', 'aro', 'mmm', 'aro', '7'),
(691, 'mthd', 'syg', 'syg', 'mthd', '7'),
(692, 'dzn', 'js', 'js', 'dzn', '7'),
(693, 'krl', 'sgs', 'sgs', 'krl', '7'),
(694, 'cbb', 'sgs', 'sgs', 'cbb', '7'),
(695, 'rx', 'orng', 'orng', 'rx', '7'),
(696, 'mmm', 'king', 'king', 'mmm', '7'),
(697, 'mthd', 'aro', 'mthd', 'aro', '7'),
(698, 'dzn', 'syg', 'dzn', 'syg', '7'),
(699, 'krl', 'js', 'krl', 'js', '7'),
(700, 'cbb', 'js', 'js', 'cbb', '7'),
(701, 'rx', 'sgs', 'sgs', 'rx', '7'),
(702, 'mmm', 'orng', 'orng', 'mmm', '7'),
(703, 'mthd', 'king', 'mthd', 'king', '7'),
(704, 'dzn', 'aro', 'dzn', 'aro', '7'),
(705, 'krl', 'syg', 'krl', 'syg', '7'),
(706, 'cbb', 'syg', 'syg', 'cbb', '7'),
(707, 'rx', 'js', 'rx', 'js', '7'),
(708, 'mmm', 'sgs', 'sgs', 'mmm', '7'),
(709, 'mthd', 'orng', 'orng', 'mthd', '7'),
(710, 'dzn', 'king', 'dzn', 'king', '7'),
(711, 'krl', 'aro', 'krl', 'aro', '7'),
(712, 'mmm', 'mint', 'mmm', 'mint', '8'),
(713, 'mmm', 'orng', 'orng', 'mmm', '8'),
(714, 'mmm', 'lsmc', 'mmm', 'lmsc', '8'),
(715, 'mmm', 'king', 'mmm', 'king', '8'),
(716, 'mint', 'orng', 'orng', 'mint', '8'),
(717, 'mint', 'lmsc', 'lmsc', 'mint', '8'),
(718, 'mint', 'king', 'mint', 'king', '8'),
(719, 'orng', 'lmsc', 'orng', 'lmsc', '8'),
(720, 'orng', 'king', 'orng', 'king', '8'),
(721, 'lmsc', 'king', 'king', 'lmsc', '8'),
(722, 'mmm', 'mint', 'mint', 'mmm', '8'),
(723, 'mmm', 'orng', 'orng', 'mmm', '8'),
(724, 'mmm', 'lmsc', 'lmsc', 'mmm', '8'),
(725, 'mmm', 'king', 'mmm', 'king', '8'),
(726, 'mint', 'orng', 'orng', 'mint', '8'),
(727, 'mint', 'lmsc', 'lmsc', 'mint', '8'),
(728, 'orng', 'lmsc', 'orng', 'lmsc', '8'),
(729, 'orng', 'king', 'orng', 'king', '8'),
(730, 'lmsc', 'king', 'lmsc', 'king', '8'),
(731, 'mmm', 'orng', 'orng', 'mmm', '8'),
(732, 'mmm', 'lmsc', 'lmsc', 'mmm', '8'),
(733, 'mmm', 'king', 'king', 'mmm', '8'),
(734, 'mint', 'orng', 'orng', 'mint', '8'),
(735, 'orng', 'lmsc', 'orng', 'lmsc', '8'),
(736, 'orng', 'king', 'orng', 'king', '8'),
(737, 'syg', 'dzn', 'dzn', 'syg', '8'),
(738, 'syg', 'krl', 'syg', 'krl', '8'),
(739, 'syg', 'js', 'syg', 'js', '8'),
(740, 'syg', 'aro', 'syg', 'aro', '8'),
(741, 'dzn', 'krl', 'dzn', 'krl', '8'),
(742, '', '', '', '', ''),
(743, 'dzn', 'aro', 'aro', 'dzn', '8'),
(744, 'krl', 'js', 'krl', 'js', '8'),
(745, 'krl', 'aro', 'aro', 'krl', '8'),
(746, 'js', 'aro', 'aro', 'js', '8'),
(747, 'syg', 'dzn', 'syg', 'dzn', '8'),
(748, 'syg', 'krl', 'krl', 'syg', '8'),
(749, 'syg', 'js', 'syg', 'js', '8'),
(750, 'syg', 'aro', 'syg', 'aro', '8'),
(751, 'dzn', 'krl', 'dzn', 'krl', '8'),
(752, 'dzn', 'js', 'dzn', 'js', '8'),
(753, 'dzn', 'aro', 'dzn', 'aro', '8'),
(754, 'krl', 'js', 'js', 'krl', '8'),
(755, 'krl', 'aro', 'krl', 'aro', '8'),
(756, 'js', 'aro', 'aro', 'js', '8'),
(757, 'syg', 'dzn', 'dzn', 'syg', '8'),
(758, 'syg', 'krl', 'syg', 'krl', '8'),
(759, 'syg', 'js', 'js', 'syg', '8'),
(760, 'syg', 'aro', 'syg', 'aro', '8'),
(761, 'dzn', 'krl', 'dzn', 'krl', '8'),
(762, 'dzn', 'js', 'js', 'dzn', '8'),
(763, 'dzn', 'aro', 'aro', 'dzn', '8'),
(764, 'krl', 'js', 'krl', 'js', ''),
(765, 'krl', 'aro', 'aro', 'krl', '8'),
(766, 'js', 'aro', 'aro', 'js', '8'),
(767, 'mmm', 'aro', 'aro', 'mmm', '8'),
(768, 'mmm', 'syg', 'mmm', 'syg', '8'),
(769, 'mint', 'js', 'mint', 'js', '8'),
(770, 'mint', 'aro', 'aro', 'mint', '8'),
(771, 'orng', 'krl', 'krl', 'orng', '8'),
(772, 'orng', 'js', 'js', 'orng', '8'),
(773, 'lmsc', 'dzn', 'dzn', 'lmsc', '8'),
(774, 'lmsc', 'krl', 'krl', 'lmsc', '8'),
(775, 'king', 'syg', 'syg', 'king', '8'),
(776, 'mmm', 'dzn', 'dzn', 'mmm', '8'),
(777, 'mmm', 'krl', 'krl', 'mmm', '8'),
(778, 'mint', 'syg', 'syg', 'mint', '8'),
(779, 'orng', 'aro', 'orng', 'aro', '8'),
(780, 'orng', 'syg', 'orng', 'syg', '8'),
(781, 'lmsc', 'js', 'js', 'lmsc', '8'),
(782, 'lmsc', 'aro', 'aro', 'lmsc', '8'),
(783, 'king', 'krl', 'krl', 'king', '8'),
(784, 'king', 'js', 'js', 'king', '8'),
(785, 'orng', 'dzn', 'orng', 'dzn', '8'),
(786, 'lmsc', 'syg', 'syg', 'lmsc', '8'),
(787, 'king', 'aro', 'aro', 'king', '8'),
(788, 'alt', 'orng', 'orng', 'alt', '9'),
(789, 'js', 'mmm', 'js', 'mmm', '9'),
(790, 'mint', 'aro', 'aro', 'mint', '9'),
(791, 'don', 'dzn', 'dzn', 'don', '9'),
(792, 'aro', 'don', 'aro', 'don', '9'),
(793, 'dzn', 'alt', 'dzn', 'alt', '9'),
(794, 'mmm', 'mint', 'mint', 'mmm', '9'),
(795, 'orng', 'js', 'js', 'orng', '9'),
(796, 'don', 'mmm', 'don', 'mmm', '9'),
(797, 'mint', 'orng', 'orng', 'mint', '9'),
(798, 'alt', 'js', 'js', 'alt', '9'),
(799, 'dzn', 'aro', 'aro', 'dzn', '9'),
(800, 'js', 'mint', 'mint', 'js', '9'),
(801, 'mmm', 'dzn', 'dzn', 'mmm', '9'),
(802, 'orng', 'don', 'orng', 'don', '9'),
(803, 'aro', 'alt', 'aro', 'alt', '9'),
(804, 'aro', 'mmm', 'aro', 'mmm', '9'),
(805, 'don', 'js', 'js', 'don', '9'),
(806, 'dzn', 'orng', 'dzn', 'orng', '9'),
(807, 'alt', 'mint', 'mint', 'alt', '9'),
(808, 'js', 'dzn', 'dzn', 'js', '9'),
(809, 'orng', 'aro', 'orng', 'aro', '9'),
(810, 'mmm', 'alt', 'mmm', 'alt', '9'),
(811, 'mint', 'don', 'mint', 'don', '9'),
(812, 'dzn', 'mint', 'dzn', 'mint', '9'),
(813, 'alt', 'don', 'alt', 'don', '9'),
(814, 'aro', 'js', 'aro', 'js', '9'),
(815, 'mmm', 'orng', 'orng', 'mmm', '9'),
(816, 'cbb', 'syn', 'cbb', 'syn', '10'),
(817, 'orng', 'js', 'js', 'orng', '10'),
(818, 'don', 'wood', 'don', 'wood', '10'),
(819, 'dzn', 'aro', 'dzn', 'aro', '10'),
(820, 'wood', 'dzn', 'dzn', 'wood', '10'),
(821, 'js', 'don', 'js', 'don', '10'),
(822, 'syn', 'orng', 'orng', 'syn', '10'),
(823, 'sgs', 'cbb', 'sgs', 'cbb', '10'),
(824, 'orng', 'sgs', 'orng', 'sgs', '10'),
(825, 'don', 'syn', 'syn', 'don', '10'),
(826, 'dzn', 'js', 'dzn', 'js', '10'),
(827, 'aro', 'wood', 'aro', 'wood', '10'),
(828, 'js', 'aro', 'js', 'aro', '10'),
(829, 'syn', 'dzn', 'dzn', 'syn', '10'),
(830, 'sgs', 'don', 'sgs', 'don', '10'),
(831, 'cbb', 'orng', 'orng', 'cbb', '10'),
(832, 'don', 'cbb', 'cbb', 'don', '10'),
(833, 'dzn', 'sgs', 'dzn', 'sgs', '10'),
(834, 'aro', 'syn', 'aro', 'syn', '10'),
(835, 'wood', 'js', 'wood', 'js', '10'),
(836, 'syn', 'wood', 'syn', 'wood', '10'),
(837, 'sgs', 'aro', 'sgs', 'aro', '10'),
(838, 'cbb', 'dzn', 'dzn', 'cbb', '10'),
(839, 'orng', 'don', 'orng', 'don', '10'),
(840, 'dzn', 'orng', 'orng', 'dzn', '10'),
(841, 'aro', 'cbb', 'cbb', 'aro', '10'),
(842, 'wood', 'sgs', 'sgs', 'wood', '10'),
(843, 'js', 'syn', 'js', 'syn', '10'),
(844, 'sgs', 'js', 'sgs', 'js', '10'),
(845, 'cbb', 'wood', 'cbb', 'wood', '10'),
(846, 'orng', 'aro', 'orng', 'aro', '10'),
(847, 'don', 'dzn', 'dzn', 'don', '10'),
(848, 'aro', 'don', 'aro', 'don', '10'),
(849, 'wood', 'orng', 'wood', 'orng', '10'),
(850, 'js', 'cbb', 'js', 'cbb', '10'),
(851, 'syn', 'sgs', 'sgs', 'syn', '10'),
(852, 'orng', 'js', 'js', 'orng', '11'),
(853, 'aro', 'syn', 'aro', 'syn', '11'),
(854, 'dzn', 'huh', 'dzn', 'huh', '11'),
(855, 'sgs', 'cbb', 'sgs', 'cbb', '11'),
(856, 'huh', 'sgs', 'sgs', 'huh', '11'),
(857, 'syn', 'dzn', 'dzn', 'syn', '11'),
(858, 'js', 'aro', 'aro', 'js', '11'),
(859, 'don', 'orng', 'orng', 'don', '11'),
(860, 'aro', 'don', 'aro', 'don', '11'),
(861, 'dzn', 'js', 'dzn', 'js', '11'),
(862, 'sgs', 'syn', 'sgs', 'syn', '11'),
(863, 'cbb', 'huh', 'cbb', 'huh', '11'),
(864, 'syn', 'cbb', 'cbb', 'syn', '11'),
(865, 'js', 'sgs', 'sgs', 'js', '11'),
(866, 'don', 'dzn', 'dzn', 'don', '11'),
(867, 'orng', 'aro', 'orng', 'aro', '11'),
(868, 'dzn', 'orng', 'dzn', 'orng', '11'),
(869, 'sgs', 'don', 'sgs', 'don', '11'),
(870, 'cbb', 'js', 'js', 'cbb', '11'),
(871, 'huh', 'syn', 'huh', 'syn', '11'),
(872, 'js', 'huh', 'js', 'huh', '11'),
(873, 'don', 'cbb', 'don', 'cbb', '11'),
(874, 'orng', 'sgs', 'sgs', 'orng', '11'),
(875, 'aro', 'dzn', 'dzn', 'aro', '11'),
(876, 'sgs', 'aro', 'sgs', 'aro', '11'),
(877, 'cbb', 'orng', 'orng', 'cbb', '11'),
(878, 'huh', 'don', 'huh', 'don', '11'),
(879, 'syn', 'js', 'syn', 'js', '11'),
(880, 'don', 'syn', 'don', 'syn', '11'),
(881, 'orng', 'huh', 'orng', 'huh', '11'),
(882, 'aro', 'cbb', 'aro', 'cbb', '11'),
(883, 'dzn', 'sgs', 'sgs', 'dzn', '11'),
(884, 'cbb', 'dzn', 'dzn', 'cbb', '11'),
(885, 'huh', 'aro', 'aro', 'huh', '11'),
(886, 'syn', 'orng', 'orng', 'syn', '11'),
(887, 'js', 'don', 'js', 'don', '11');

-- --------------------------------------------------------

--
-- Table structure for table `matchup`
--

CREATE TABLE `matchup` (
  `id` int(11) NOT NULL,
  `season_id` int(11) NOT NULL,
  `player1_active_user_id` int(11) NOT NULL,
  `player2_active_user_id` int(11) NOT NULL,
  `winner_active_user_id` int(11) DEFAULT NULL,
  `replay_link` varchar(255) DEFAULT NULL,
  `created_at` timestamp NOT NULL DEFAULT CURRENT_TIMESTAMP
) ENGINE=InnoDB DEFAULT CHARSET=utf8;

--
-- Dumping data for table `matchup`
--

INSERT INTO `matchup` (`id`, `season_id`, `player1_active_user_id`, `player2_active_user_id`, `winner_active_user_id`, `replay_link`, `created_at`) VALUES
(10, 999, 10, 9, NULL, 'https://replay.pokemonshowdown.com/gen9ou-2165091183', '2026-03-21 19:38:19'),
(11, 999, 9, 10, NULL, 'https://replay.pokemonshowdown.com/gen9ou-2164085560', '2026-03-21 19:51:31');

-- --------------------------------------------------------

--
-- Table structure for table `match_pokemon_stats`
--

CREATE TABLE `match_pokemon_stats` (
  `id` int(11) NOT NULL,
  `matchup_id` int(11) NOT NULL,
  `roster_pkmn_id` int(11) NOT NULL,
  `kills` int(11) DEFAULT '0',
  `deaths` int(11) DEFAULT '0',
  `used` tinyint(1) DEFAULT '0',
  `active_user_id` int(11) NOT NULL
) ENGINE=InnoDB DEFAULT CHARSET=utf8;

--
-- Dumping data for table `match_pokemon_stats`
--

INSERT INTO `match_pokemon_stats` (`id`, `matchup_id`, `roster_pkmn_id`, `kills`, `deaths`, `used`, `active_user_id`) VALUES
(108, 10, 124, 0, 0, 1, 10),
(109, 10, 127, 2, 1, 1, 10),
(110, 10, 116, 1, 0, 1, 10),
(111, 10, 104, 2, 1, 1, 10),
(112, 10, 107, 1, 1, 1, 10),
(113, 10, 111, 0, 1, 1, 10),
(114, 10, 110, 0, 1, 1, 9),
(115, 10, 105, 4, 1, 1, 9),
(116, 10, 118, 0, 1, 1, 9),
(117, 10, 113, 0, 1, 1, 9),
(118, 10, 109, 0, 1, 1, 9),
(119, 10, 114, 0, 1, 1, 9),
(120, 11, 109, 1, 0, 1, 9),
(121, 11, 122, 0, 0, 1, 9),
(122, 11, 118, 1, 0, 1, 9),
(123, 11, 106, 1, 0, 1, 9),
(124, 11, 125, 1, 1, 1, 9),
(125, 11, 105, 0, 1, 1, 9),
(126, 11, 127, 1, 1, 1, 10),
(127, 11, 116, 0, 1, 1, 10),
(128, 11, 107, 0, 1, 1, 10),
(129, 11, 111, 1, 1, 1, 10),
(130, 11, 123, 0, 1, 1, 10),
(131, 11, 120, 0, 1, 1, 10);

-- --------------------------------------------------------

--
-- Table structure for table `pkmn_tier`
--

CREATE TABLE `pkmn_tier` (
  `id` int(11) NOT NULL,
  `showdown_pkmn_id` int(11) NOT NULL,
  `season_id` int(11) NOT NULL,
  `tier` varchar(10) DEFAULT NULL,
  `created_at` timestamp NOT NULL DEFAULT CURRENT_TIMESTAMP
) ENGINE=InnoDB DEFAULT CHARSET=utf8;

--
-- Dumping data for table `pkmn_tier`
--

INSERT INTO `pkmn_tier` (`id`, `showdown_pkmn_id`, `season_id`, `tier`, `created_at`) VALUES
(11523, 7044, 999, 'LC', '2026-03-07 21:15:08'),
(11524, 7045, 999, 'NFE', '2026-03-07 21:15:08'),
(11525, 7046, 999, 'ZU', '2026-03-07 21:15:08'),
(11526, 7047, 999, 'LC', '2026-03-07 21:15:08'),
(11527, 7048, 999, 'NFE', '2026-03-07 21:15:08'),
(11528, 7049, 999, 'ZU', '2026-03-07 21:15:08'),
(11529, 7050, 999, 'LC', '2026-03-07 21:15:08'),
(11530, 7051, 999, 'NFE', '2026-03-07 21:15:08'),
(11531, 7052, 999, 'RUBL', '2026-03-07 21:15:08'),
(11532, 7053, 999, 'LC', '2026-03-07 21:15:08'),
(11533, 7054, 999, 'ZU', '2026-03-07 21:15:08'),
(11534, 7055, 999, 'ZU', '2026-03-07 21:15:08'),
(11535, 7056, 999, 'ZU', '2026-03-07 21:15:08'),
(11536, 7057, 999, 'ZU', '2026-03-07 21:15:08'),
(11537, 7058, 999, 'ZU', '2026-03-07 21:15:08'),
(11538, 7059, 999, 'ZU', '2026-03-07 21:15:08'),
(11539, 7060, 999, 'ZU', '2026-03-07 21:15:08'),
(11540, 7061, 999, 'ZU', '2026-03-07 21:15:08'),
(11541, 7062, 999, 'ZU', '2026-03-07 21:15:08'),
(11542, 7063, 999, 'ZU', '2026-03-07 21:15:08'),
(11543, 7064, 999, 'ZU', '2026-03-07 21:15:08'),
(11544, 7065, 999, 'ZU', '2026-03-07 21:15:08'),
(11545, 7066, 999, 'LC', '2026-03-07 21:15:08'),
(11546, 7067, 999, 'LC', '2026-03-07 21:15:08'),
(11547, 7068, 999, 'ZU', '2026-03-07 21:15:08'),
(11548, 7069, 999, 'PU', '2026-03-07 21:15:08'),
(11549, 7070, 999, 'NFE', '2026-03-07 21:15:08'),
(11550, 7071, 999, 'OU', '2026-03-07 21:15:08'),
(11551, 7072, 999, 'NFE', '2026-03-07 21:15:08'),
(11552, 7073, 999, 'NFE', '2026-03-07 21:15:08'),
(11553, 7074, 999, 'ZU', '2026-03-07 21:15:08'),
(11554, 7075, 999, 'PU', '2026-03-07 21:15:08'),
(11555, 7076, 999, 'NFE', '2026-03-07 21:15:08'),
(11556, 7077, 999, 'ZU', '2026-03-07 21:15:08'),
(11557, 7078, 999, 'LC', '2026-03-07 21:15:08'),
(11558, 7079, 999, 'NFE', '2026-03-07 21:15:08'),
(11559, 7080, 999, 'NU', '2026-03-07 21:15:08'),
(11560, 7081, 999, 'LC', '2026-03-07 21:15:08'),
(11561, 7082, 999, 'ZUBL', '2026-03-07 21:15:08'),
(11562, 7083, 999, 'NFE', '2026-03-07 21:15:08'),
(11563, 7084, 999, 'LC', '2026-03-07 21:15:08'),
(11564, 7085, 999, 'ZU', '2026-03-07 21:15:08'),
(11565, 7086, 999, 'ZU', '2026-03-07 21:15:08'),
(11566, 7087, 999, 'LC', '2026-03-07 21:15:08'),
(11567, 7088, 999, 'LC', '2026-03-07 21:15:08'),
(11568, 7089, 999, 'LC', '2026-03-07 21:15:08'),
(11569, 7090, 999, 'ZU', '2026-03-07 21:15:08'),
(11570, 7091, 999, 'ZU', '2026-03-07 21:15:08'),
(11571, 7092, 999, 'LC', '2026-03-07 21:15:08'),
(11572, 7093, 999, 'ZU', '2026-03-07 21:15:08'),
(11573, 7094, 999, 'LC', '2026-03-07 21:15:08'),
(11574, 7095, 999, 'ZU', '2026-03-07 21:15:08'),
(11575, 7096, 999, 'LC', '2026-03-07 21:15:08'),
(11576, 7097, 999, 'LC', '2026-03-07 21:15:08'),
(11577, 7098, 999, 'PU', '2026-03-07 21:15:08'),
(11578, 7099, 999, 'UU', '2026-03-07 21:15:08'),
(11579, 7100, 999, 'LC', '2026-03-07 21:15:08'),
(11580, 7101, 999, 'NFE', '2026-03-07 21:15:08'),
(11581, 7102, 999, 'ZU', '2026-03-07 21:15:08'),
(11582, 7103, 999, 'LC', '2026-03-07 21:15:08'),
(11583, 7104, 999, 'NFE', '2026-03-07 21:15:08'),
(11584, 7105, 999, 'ZU', '2026-03-07 21:15:08'),
(11585, 7106, 999, 'LC', '2026-03-07 21:15:08'),
(11586, 7107, 999, 'NU', '2026-03-07 21:15:08'),
(11587, 7108, 999, 'LC', '2026-03-07 21:15:08'),
(11588, 7109, 999, 'LC', '2026-03-07 21:15:08'),
(11589, 7110, 999, 'NFE', '2026-03-07 21:15:08'),
(11590, 7111, 999, 'NFE', '2026-03-07 21:15:08'),
(11591, 7112, 999, 'ZU', '2026-03-07 21:15:08'),
(11592, 7113, 999, 'ZU', '2026-03-07 21:15:08'),
(11593, 7114, 999, 'LC', '2026-03-07 21:15:08'),
(11594, 7115, 999, 'LC', '2026-03-07 21:15:08'),
(11595, 7116, 999, 'RU', '2026-03-07 21:15:08'),
(11596, 7117, 999, 'NU', '2026-03-07 21:15:08'),
(11597, 7118, 999, 'LC', '2026-03-07 21:15:08'),
(11598, 7119, 999, 'ZU', '2026-03-07 21:15:08'),
(11599, 7120, 999, 'LC', '2026-03-07 21:15:08'),
(11600, 7121, 999, 'ZU', '2026-03-07 21:15:08'),
(11601, 7122, 999, 'LC', '2026-03-07 21:15:08'),
(11602, 7123, 999, 'ZU', '2026-03-07 21:15:08'),
(11603, 7124, 999, 'LC', '2026-03-07 21:15:08'),
(11604, 7125, 999, 'LC', '2026-03-07 21:15:08'),
(11605, 7126, 999, 'ZU', '2026-03-07 21:15:08'),
(11606, 7127, 999, 'RU', '2026-03-07 21:15:08'),
(11607, 7128, 999, 'LC', '2026-03-07 21:15:08'),
(11608, 7129, 999, 'NUBL', '2026-03-07 21:15:08'),
(11609, 7130, 999, 'NFE', '2026-03-07 21:15:08'),
(11610, 7131, 999, 'NFE', '2026-03-07 21:15:08'),
(11611, 7132, 999, 'RU', '2026-03-07 21:15:08'),
(11612, 7133, 999, 'LC', '2026-03-07 21:15:08'),
(11613, 7134, 999, 'ZU', '2026-03-07 21:15:08'),
(11614, 7135, 999, 'LC', '2026-03-07 21:15:08'),
(11615, 7136, 999, 'NFE', '2026-03-07 21:15:08'),
(11616, 7137, 999, 'ZU', '2026-03-07 21:15:08'),
(11617, 7138, 999, 'ZUBL', '2026-03-07 21:15:08'),
(11618, 7139, 999, 'LC', '2026-03-07 21:15:08'),
(11619, 7140, 999, 'ZU', '2026-03-07 21:15:08'),
(11620, 7141, 999, 'ZU', '2026-03-07 21:15:08'),
(11621, 7142, 999, 'PU', '2026-03-07 21:15:08'),
(11622, 7143, 999, 'ZU', '2026-03-07 21:15:08'),
(11623, 7144, 999, 'LC', '2026-03-07 21:15:08'),
(11624, 7145, 999, 'ZU', '2026-03-07 21:15:08'),
(11625, 7146, 999, 'OU', '2026-03-07 21:15:08'),
(11626, 7147, 999, 'LC', '2026-03-07 21:15:08'),
(11627, 7148, 999, 'PU', '2026-03-07 21:15:08'),
(11628, 7149, 999, 'NU', '2026-03-07 21:15:08'),
(11629, 7150, 999, 'LC', '2026-03-07 21:15:08'),
(11630, 7151, 999, 'NFE', '2026-03-07 21:15:08'),
(11631, 7152, 999, 'NU', '2026-03-07 21:15:08'),
(11632, 7153, 999, 'NFE', '2026-03-07 21:15:08'),
(11633, 7154, 999, 'NFE', '2026-03-07 21:15:08'),
(11634, 7155, 999, 'ZU', '2026-03-07 21:15:08'),
(11635, 7156, 999, 'ZU', '2026-03-07 21:15:08'),
(11636, 7157, 999, 'PU', '2026-03-07 21:15:08'),
(11637, 7158, 999, 'NU', '2026-03-07 21:15:08'),
(11638, 7159, 999, 'LC', '2026-03-07 21:15:08'),
(11639, 7160, 999, 'RUBL', '2026-03-07 21:15:08'),
(11640, 7161, 999, 'ZU', '2026-03-07 21:15:08'),
(11641, 7162, 999, 'ZU', '2026-03-07 21:15:08'),
(11642, 7163, 999, 'LC', '2026-03-07 21:15:08'),
(11643, 7164, 999, 'NU', '2026-03-07 21:15:08'),
(11644, 7165, 999, 'ZU', '2026-03-07 21:15:08'),
(11645, 7166, 999, 'ZU', '2026-03-07 21:15:08'),
(11646, 7167, 999, 'NFE', '2026-03-07 21:15:08'),
(11647, 7168, 999, 'ZU', '2026-03-07 21:15:08'),
(11648, 7169, 999, 'ZU', '2026-03-07 21:15:08'),
(11649, 7170, 999, 'NU', '2026-03-07 21:15:08'),
(11650, 7171, 999, 'OU', '2026-03-07 21:15:08'),
(11651, 7172, 999, 'UU', '2026-03-07 21:15:08'),
(11652, 7173, 999, 'OU', '2026-03-07 21:15:08'),
(11653, 7174, 999, 'UUBL', '2026-03-07 21:15:08'),
(11654, 7175, 999, 'LC', '2026-03-07 21:15:08'),
(11655, 7176, 999, 'NFE', '2026-03-07 21:15:08'),
(11656, 7177, 999, 'OU', '2026-03-07 21:15:08'),
(11657, 7178, 999, 'Uber', '2026-03-07 21:15:08'),
(11658, 7179, 999, 'RU', '2026-03-07 21:15:08'),
(11659, 7180, 999, 'LC', '2026-03-07 21:15:08'),
(11660, 7181, 999, 'NFE', '2026-03-07 21:15:08'),
(11661, 7182, 999, 'ZU', '2026-03-07 21:15:08'),
(11662, 7183, 999, 'LC', '2026-03-07 21:15:08'),
(11663, 7184, 999, 'NFE', '2026-03-07 21:15:08'),
(11664, 7185, 999, 'ZU', '2026-03-07 21:15:08'),
(11665, 7186, 999, 'PU', '2026-03-07 21:15:08'),
(11666, 7187, 999, 'LC', '2026-03-07 21:15:08'),
(11667, 7188, 999, 'NFE', '2026-03-07 21:15:08'),
(11668, 7189, 999, 'NUBL', '2026-03-07 21:15:08'),
(11669, 7190, 999, 'LC', '2026-03-07 21:15:08'),
(11670, 7191, 999, 'ZU', '2026-03-07 21:15:08'),
(11671, 7192, 999, 'LC', '2026-03-07 21:15:08'),
(11672, 7193, 999, 'ZU', '2026-03-07 21:15:08'),
(11673, 7194, 999, 'LC', '2026-03-07 21:15:08'),
(11674, 7195, 999, 'ZU', '2026-03-07 21:15:08'),
(11675, 7196, 999, 'LC', '2026-03-07 21:15:08'),
(11676, 7197, 999, 'ZU', '2026-03-07 21:15:08'),
(11677, 7198, 999, 'LC', '2026-03-07 21:15:08'),
(11678, 7199, 999, 'LC', '2026-03-07 21:15:08'),
(11679, 7200, 999, 'LC', '2026-03-07 21:15:08'),
(11680, 7201, 999, 'LC', '2026-03-07 21:15:08'),
(11681, 7202, 999, 'NFE', '2026-03-07 21:15:08'),
(11682, 7203, 999, 'ZU', '2026-03-07 21:15:08'),
(11683, 7204, 999, 'ZUBL', '2026-03-07 21:15:08'),
(11684, 7205, 999, 'NFE', '2026-03-07 21:15:08'),
(11685, 7206, 999, 'UU', '2026-03-07 21:15:08'),
(11686, 7207, 999, 'ZU', '2026-03-07 21:15:08'),
(11687, 7208, 999, 'RU', '2026-03-07 21:15:08'),
(11688, 7209, 999, 'LC', '2026-03-07 21:15:08'),
(11689, 7210, 999, 'NFE', '2026-03-07 21:15:08'),
(11690, 7211, 999, 'ZU', '2026-03-07 21:15:08'),
(11691, 7212, 999, 'NFE', '2026-03-07 21:15:08'),
(11692, 7213, 999, 'LC', '2026-03-07 21:15:08'),
(11693, 7214, 999, 'ZU', '2026-03-07 21:15:08'),
(11694, 7215, 999, 'NFE', '2026-03-07 21:15:08'),
(11695, 7216, 999, 'LC', '2026-03-07 21:15:08'),
(11696, 7217, 999, 'LC', '2026-03-07 21:15:08'),
(11697, 7218, 999, 'RU', '2026-03-07 21:15:08'),
(11698, 7219, 999, 'NU', '2026-03-07 21:15:08'),
(11699, 7220, 999, 'RU', '2026-03-07 21:15:08'),
(11700, 7221, 999, 'NFE', '2026-03-07 21:15:08'),
(11701, 7222, 999, 'UU', '2026-03-07 21:15:08'),
(11702, 7223, 999, 'OU', '2026-03-07 21:15:08'),
(11703, 7224, 999, 'NFE', '2026-03-07 21:15:08'),
(11704, 7225, 999, 'NFE', '2026-03-07 21:15:08'),
(11705, 7226, 999, 'LC', '2026-03-07 21:15:08'),
(11706, 7227, 999, 'RU', '2026-03-07 21:15:08'),
(11707, 7228, 999, 'NFE', '2026-03-07 21:15:08'),
(11708, 7229, 999, 'NU', '2026-03-07 21:15:08'),
(11709, 7230, 999, 'LC', '2026-03-07 21:15:08'),
(11710, 7231, 999, 'ZU', '2026-03-07 21:15:08'),
(11711, 7232, 999, 'PU', '2026-03-07 21:15:08'),
(11712, 7233, 999, 'PU', '2026-03-07 21:15:08'),
(11713, 7234, 999, 'UU', '2026-03-07 21:15:08'),
(11714, 7235, 999, 'PUBL', '2026-03-07 21:15:08'),
(11715, 7236, 999, 'NFE', '2026-03-07 21:15:08'),
(11716, 7237, 999, 'ZU', '2026-03-07 21:15:08'),
(11717, 7238, 999, 'LC', '2026-03-07 21:15:08'),
(11718, 7239, 999, 'NFE', '2026-03-07 21:15:08'),
(11719, 7240, 999, 'LC', '2026-03-07 21:15:08'),
(11720, 7241, 999, 'ZU', '2026-03-07 21:15:08'),
(11721, 7242, 999, 'LC', '2026-03-07 21:15:08'),
(11722, 7243, 999, 'NFE', '2026-03-07 21:15:08'),
(11723, 7244, 999, 'ZU', '2026-03-07 21:15:08'),
(11724, 7245, 999, 'UU', '2026-03-07 21:15:08'),
(11725, 7246, 999, 'LC', '2026-03-07 21:15:08'),
(11726, 7247, 999, 'ZU', '2026-03-07 21:15:08'),
(11727, 7248, 999, 'ZUBL', '2026-03-07 21:15:08'),
(11728, 7249, 999, 'LC', '2026-03-07 21:15:08'),
(11729, 7250, 999, 'UU', '2026-03-07 21:15:08'),
(11730, 7251, 999, 'ZUBL', '2026-03-07 21:15:08'),
(11731, 7252, 999, 'NFE', '2026-03-07 21:15:08'),
(11732, 7253, 999, 'ZU', '2026-03-07 21:15:08'),
(11733, 7254, 999, 'LC', '2026-03-07 21:15:08'),
(11734, 7255, 999, 'ZU', '2026-03-07 21:15:08'),
(11735, 7256, 999, 'LC', '2026-03-07 21:15:08'),
(11736, 7257, 999, 'NFE', '2026-03-07 21:15:08'),
(11737, 7258, 999, 'RU', '2026-03-07 21:15:08'),
(11738, 7259, 999, 'NU', '2026-03-07 21:15:08'),
(11739, 7260, 999, 'RU', '2026-03-07 21:15:08'),
(11740, 7261, 999, 'RU', '2026-03-07 21:15:08'),
(11741, 7262, 999, 'LC', '2026-03-07 21:15:08'),
(11742, 7263, 999, 'NFE', '2026-03-07 21:15:08'),
(11743, 7264, 999, 'OU', '2026-03-07 21:15:08'),
(11744, 7265, 999, 'Uber', '2026-03-07 21:15:08'),
(11745, 7266, 999, 'Uber', '2026-03-07 21:15:08'),
(11746, 7267, 999, 'LC', '2026-03-07 21:15:08'),
(11747, 7268, 999, 'NFE', '2026-03-07 21:15:08'),
(11748, 7269, 999, 'ZU', '2026-03-07 21:15:08'),
(11749, 7270, 999, 'NFE', '2026-03-07 21:15:08'),
(11750, 7271, 999, 'NFE', '2026-03-07 21:15:08'),
(11751, 7272, 999, 'UUBL', '2026-03-07 21:15:08'),
(11752, 7273, 999, 'LC', '2026-03-07 21:15:08'),
(11753, 7274, 999, 'NFE', '2026-03-07 21:15:08'),
(11754, 7275, 999, 'NU', '2026-03-07 21:15:08'),
(11755, 7276, 999, 'LC', '2026-03-07 21:15:08'),
(11756, 7277, 999, 'ZU', '2026-03-07 21:15:08'),
(11757, 7278, 999, 'LC', '2026-03-07 21:15:08'),
(11758, 7279, 999, 'NFE', '2026-03-07 21:15:08'),
(11759, 7280, 999, 'ZU', '2026-03-07 21:15:08'),
(11760, 7281, 999, 'LC', '2026-03-07 21:15:08'),
(11761, 7282, 999, 'NFE', '2026-03-07 21:15:08'),
(11762, 7283, 999, 'ZU', '2026-03-07 21:15:08'),
(11763, 7284, 999, 'LC', '2026-03-07 21:15:08'),
(11764, 7285, 999, 'UUBL', '2026-03-07 21:15:08'),
(11765, 7286, 999, 'LC', '2026-03-07 21:15:08'),
(11766, 7287, 999, 'NFE', '2026-03-07 21:15:08'),
(11767, 7288, 999, 'RU', '2026-03-07 21:15:08'),
(11768, 7289, 999, 'LC', '2026-03-07 21:15:08'),
(11769, 7290, 999, 'ZU', '2026-03-07 21:15:08'),
(11770, 7291, 999, 'LC', '2026-03-07 21:15:08'),
(11771, 7292, 999, 'RU', '2026-03-07 21:15:08'),
(11772, 7293, 999, 'LC', '2026-03-07 21:15:08'),
(11773, 7294, 999, 'NFE', '2026-03-07 21:15:08'),
(11774, 7295, 999, 'ZU', '2026-03-07 21:15:08'),
(11775, 7296, 999, 'LC', '2026-03-07 21:15:08'),
(11776, 7297, 999, 'PU', '2026-03-07 21:15:08'),
(11777, 7298, 999, 'LC', '2026-03-07 21:15:08'),
(11778, 7299, 999, 'LC', '2026-03-07 21:15:08'),
(11779, 7300, 999, 'ZU', '2026-03-07 21:15:08'),
(11780, 7301, 999, 'NFE', '2026-03-07 21:15:08'),
(11781, 7302, 999, 'ZU', '2026-03-07 21:15:08'),
(11782, 7303, 999, 'ZU', '2026-03-07 21:15:08'),
(11783, 7304, 999, 'ZU', '2026-03-07 21:15:08'),
(11784, 7305, 999, 'ZU', '2026-03-07 21:15:08'),
(11785, 7306, 999, 'ZU', '2026-03-07 21:15:08'),
(11786, 7307, 999, 'LC', '2026-03-07 21:15:08'),
(11787, 7308, 999, 'ZU', '2026-03-07 21:15:08'),
(11788, 7309, 999, 'LC', '2026-03-07 21:15:08'),
(11789, 7310, 999, 'ZU', '2026-03-07 21:15:08'),
(11790, 7311, 999, 'ZU', '2026-03-07 21:15:08'),
(11791, 7312, 999, 'LC', '2026-03-07 21:15:08'),
(11792, 7313, 999, 'ZU', '2026-03-07 21:15:08'),
(11793, 7314, 999, 'LC', '2026-03-07 21:15:08'),
(11794, 7315, 999, 'NFE', '2026-03-07 21:15:08'),
(11795, 7316, 999, 'NU', '2026-03-07 21:15:08'),
(11796, 7317, 999, 'LC', '2026-03-07 21:15:08'),
(11797, 7318, 999, 'ZU', '2026-03-07 21:15:08'),
(11798, 7319, 999, 'LC', '2026-03-07 21:15:08'),
(11799, 7320, 999, 'NU', '2026-03-07 21:15:08'),
(11800, 7321, 999, 'ZU', '2026-03-07 21:15:08'),
(11801, 7322, 999, 'ZU', '2026-03-07 21:15:08'),
(11802, 7323, 999, 'LC', '2026-03-07 21:15:08'),
(11803, 7324, 999, 'ZU', '2026-03-07 21:15:08'),
(11804, 7325, 999, 'LC', '2026-03-07 21:15:08'),
(11805, 7326, 999, 'RU', '2026-03-07 21:15:08'),
(11806, 7327, 999, 'LC', '2026-03-07 21:15:08'),
(11807, 7328, 999, 'PU', '2026-03-07 21:15:08'),
(11808, 7329, 999, 'LC', '2026-03-07 21:15:08'),
(11809, 7330, 999, 'ZU', '2026-03-07 21:15:08'),
(11810, 7331, 999, 'LC', '2026-03-07 21:15:08'),
(11811, 7332, 999, 'NFE', '2026-03-07 21:15:08'),
(11812, 7333, 999, 'ZU', '2026-03-07 21:15:08'),
(11813, 7334, 999, 'ZU', '2026-03-07 21:15:08'),
(11814, 7335, 999, 'LC', '2026-03-07 21:15:08'),
(11815, 7336, 999, 'ZU', '2026-03-07 21:15:08'),
(11816, 7337, 999, 'ZU', '2026-03-07 21:15:08'),
(11817, 7338, 999, 'LC', '2026-03-07 21:15:08'),
(11818, 7339, 999, 'NFE', '2026-03-07 21:15:08'),
(11819, 7340, 999, 'RUBL', '2026-03-07 21:15:08'),
(11820, 7341, 999, 'LC', '2026-03-07 21:15:08'),
(11821, 7342, 999, 'NFE', '2026-03-07 21:15:08'),
(11822, 7343, 999, 'UU', '2026-03-07 21:15:08'),
(11823, 7344, 999, 'ZU', '2026-03-07 21:15:08'),
(11824, 7345, 999, 'ZU', '2026-03-07 21:15:08'),
(11825, 7346, 999, 'RU', '2026-03-07 21:15:08'),
(11826, 7347, 999, 'UUBL', '2026-03-07 21:15:08'),
(11827, 7348, 999, 'UU', '2026-03-07 21:15:08'),
(11828, 7349, 999, 'Uber', '2026-03-07 21:15:08'),
(11829, 7350, 999, 'Uber', '2026-03-07 21:15:08'),
(11830, 7351, 999, 'Uber', '2026-03-07 21:15:08'),
(11831, 7352, 999, 'RU', '2026-03-07 21:15:08'),
(11832, 7353, 999, 'Uber', '2026-03-07 21:15:08'),
(11833, 7354, 999, 'Uber', '2026-03-07 21:15:08'),
(11834, 7355, 999, 'NUBL', '2026-03-07 21:15:08'),
(11835, 7356, 999, 'OU', '2026-03-07 21:15:08'),
(11836, 7357, 999, 'LC', '2026-03-07 21:15:08'),
(11837, 7358, 999, 'NFE', '2026-03-07 21:15:08'),
(11838, 7359, 999, 'RU', '2026-03-07 21:15:08'),
(11839, 7360, 999, 'LC', '2026-03-07 21:15:08'),
(11840, 7361, 999, 'NFE', '2026-03-07 21:15:08'),
(11841, 7362, 999, 'NU', '2026-03-07 21:15:08'),
(11842, 7363, 999, 'LC', '2026-03-07 21:15:08'),
(11843, 7364, 999, 'NFE', '2026-03-07 21:15:08'),
(11844, 7365, 999, 'RU', '2026-03-07 21:15:08'),
(11845, 7366, 999, 'LC', '2026-03-07 21:15:08'),
(11846, 7367, 999, 'NFE', '2026-03-07 21:15:08'),
(11847, 7368, 999, 'NU', '2026-03-07 21:15:08'),
(11848, 7369, 999, 'LC', '2026-03-07 21:15:08'),
(11849, 7370, 999, 'ZU', '2026-03-07 21:15:08'),
(11850, 7371, 999, 'LC', '2026-03-07 21:15:08'),
(11851, 7372, 999, 'NFE', '2026-03-07 21:15:08'),
(11852, 7373, 999, 'ZU', '2026-03-07 21:15:08'),
(11853, 7374, 999, 'LC', '2026-03-07 21:15:08'),
(11854, 7375, 999, 'ZU', '2026-03-07 21:15:08'),
(11855, 7376, 999, 'LC', '2026-03-07 21:15:08'),
(11856, 7377, 999, 'ZU', '2026-03-07 21:15:08'),
(11857, 7378, 999, 'LC', '2026-03-07 21:15:08'),
(11858, 7379, 999, 'ZU', '2026-03-07 21:15:08'),
(11859, 7380, 999, 'ZU', '2026-03-07 21:15:08'),
(11860, 7381, 999, 'LC', '2026-03-07 21:15:08'),
(11861, 7382, 999, 'PU', '2026-03-07 21:15:08'),
(11862, 7383, 999, 'LC', '2026-03-07 21:15:08'),
(11863, 7384, 999, 'RU', '2026-03-07 21:15:08'),
(11864, 7385, 999, 'PU', '2026-03-07 21:15:08'),
(11865, 7386, 999, 'LC', '2026-03-07 21:15:08'),
(11866, 7387, 999, 'ZU', '2026-03-07 21:15:08'),
(11867, 7388, 999, 'PU', '2026-03-07 21:15:08'),
(11868, 7389, 999, 'ZU', '2026-03-07 21:15:08'),
(11869, 7390, 999, 'LC', '2026-03-07 21:15:08'),
(11870, 7391, 999, 'LC', '2026-03-07 21:15:08'),
(11871, 7392, 999, 'PU', '2026-03-07 21:15:08'),
(11872, 7393, 999, 'LC', '2026-03-07 21:15:08'),
(11873, 7394, 999, 'NU', '2026-03-07 21:15:08'),
(11874, 7395, 999, 'LC', '2026-03-07 21:15:08'),
(11875, 7396, 999, 'LC', '2026-03-07 21:15:08'),
(11876, 7397, 999, 'ZU', '2026-03-07 21:15:08'),
(11877, 7398, 999, 'LC', '2026-03-07 21:15:08'),
(11878, 7399, 999, 'NFE', '2026-03-07 21:15:08'),
(11879, 7400, 999, 'UUBL', '2026-03-07 21:15:08'),
(11880, 7401, 999, 'LC', '2026-03-07 21:15:08'),
(11881, 7402, 999, 'LC', '2026-03-07 21:15:08'),
(11882, 7403, 999, 'NUBL', '2026-03-07 21:15:08'),
(11883, 7404, 999, 'LC', '2026-03-07 21:15:08'),
(11884, 7405, 999, 'UU', '2026-03-07 21:15:08'),
(11885, 7406, 999, 'LC', '2026-03-07 21:15:08'),
(11886, 7407, 999, 'ZU', '2026-03-07 21:15:08'),
(11887, 7408, 999, 'LC', '2026-03-07 21:15:08'),
(11888, 7409, 999, 'ZU', '2026-03-07 21:15:08'),
(11889, 7410, 999, 'LC', '2026-03-07 21:15:08'),
(11890, 7411, 999, 'ZU', '2026-03-07 21:15:08'),
(11891, 7412, 999, 'UU', '2026-03-07 21:15:08'),
(11892, 7413, 999, 'RU', '2026-03-07 21:15:08'),
(11893, 7414, 999, 'NU', '2026-03-07 21:15:08'),
(11894, 7415, 999, 'ZU', '2026-03-07 21:15:08'),
(11895, 7416, 999, 'ZU', '2026-03-07 21:15:08'),
(11896, 7417, 999, 'RUBL', '2026-03-07 21:15:08'),
(11897, 7418, 999, 'ZU', '2026-03-07 21:15:08'),
(11898, 7419, 999, 'ZU', '2026-03-07 21:15:08'),
(11899, 7420, 999, 'OU', '2026-03-07 21:15:08'),
(11900, 7421, 999, 'RUBL', '2026-03-07 21:15:08'),
(11901, 7422, 999, 'RU', '2026-03-07 21:15:08'),
(11902, 7423, 999, 'RU', '2026-03-07 21:15:08'),
(11903, 7424, 999, 'ZU', '2026-03-07 21:15:08'),
(11904, 7425, 999, 'ZU', '2026-03-07 21:15:08'),
(11905, 7426, 999, 'ZU', '2026-03-07 21:15:08'),
(11906, 7427, 999, 'ZU', '2026-03-07 21:15:08'),
(11907, 7428, 999, 'PU', '2026-03-07 21:15:08'),
(11908, 7429, 999, 'UU', '2026-03-07 21:15:08'),
(11909, 7430, 999, 'ZU', '2026-03-07 21:15:08'),
(11910, 7431, 999, 'ZU', '2026-03-07 21:15:08'),
(11911, 7432, 999, 'ZU', '2026-03-07 21:15:08'),
(11912, 7433, 999, 'PU', '2026-03-07 21:15:08'),
(11913, 7434, 999, 'ZU', '2026-03-07 21:15:08'),
(11914, 7435, 999, 'NUBL', '2026-03-07 21:15:08'),
(11915, 7436, 999, 'Uber', '2026-03-07 21:15:08'),
(11916, 7437, 999, 'Uber', '2026-03-07 21:15:08'),
(11917, 7438, 999, 'Uber', '2026-03-07 21:15:08'),
(11918, 7439, 999, 'Uber', '2026-03-07 21:15:08'),
(11919, 7440, 999, 'OU', '2026-03-07 21:15:08'),
(11920, 7441, 999, 'ZU', '2026-03-07 21:15:08'),
(11921, 7442, 999, 'Uber', '2026-03-07 21:15:08'),
(11922, 7443, 999, 'Uber', '2026-03-07 21:15:08'),
(11923, 7444, 999, 'NUBL', '2026-03-07 21:15:08'),
(11924, 7445, 999, 'ZU', '2026-03-07 21:15:08'),
(11925, 7446, 999, 'UU', '2026-03-07 21:15:08'),
(11926, 7447, 999, 'OU', '2026-03-07 21:15:08'),
(11927, 7448, 999, 'ZU', '2026-03-07 21:15:08'),
(11928, 7449, 999, 'Uber', '2026-03-07 21:15:08'),
(11929, 7450, 999, 'Uber', '2026-03-07 21:15:08'),
(11930, 7451, 999, NULL, '2026-03-07 21:15:08'),
(11931, 7452, 999, NULL, '2026-03-07 21:15:08'),
(11932, 7453, 999, NULL, '2026-03-07 21:15:08'),
(11933, 7454, 999, NULL, '2026-03-07 21:15:08'),
(11934, 7455, 999, NULL, '2026-03-07 21:15:08'),
(11935, 7456, 999, NULL, '2026-03-07 21:15:08'),
(11936, 7457, 999, NULL, '2026-03-07 21:15:08'),
(11937, 7458, 999, NULL, '2026-03-07 21:15:08'),
(11938, 7459, 999, NULL, '2026-03-07 21:15:08'),
(11939, 7460, 999, NULL, '2026-03-07 21:15:08'),
(11940, 7461, 999, NULL, '2026-03-07 21:15:08'),
(11941, 7462, 999, NULL, '2026-03-07 21:15:08'),
(11942, 7463, 999, NULL, '2026-03-07 21:15:08'),
(11943, 7464, 999, NULL, '2026-03-07 21:15:08'),
(11944, 7465, 999, NULL, '2026-03-07 21:15:08'),
(11945, 7466, 999, NULL, '2026-03-07 21:15:08'),
(11946, 7467, 999, NULL, '2026-03-07 21:15:08'),
(11947, 7468, 999, 'NFE', '2026-03-07 21:15:08'),
(11948, 7469, 999, 'NFE', '2026-03-07 21:15:08'),
(11949, 7470, 999, 'RUBL', '2026-03-07 21:15:08'),
(11950, 7471, 999, 'LC', '2026-03-07 21:15:08'),
(11951, 7472, 999, 'NFE', '2026-03-07 21:15:08'),
(11952, 7473, 999, 'ZUBL', '2026-03-07 21:15:08'),
(11953, 7474, 999, 'LC', '2026-03-07 21:15:08'),
(11954, 7475, 999, 'NFE', '2026-03-07 21:15:08'),
(11955, 7476, 999, 'ZU', '2026-03-07 21:15:08'),
(11956, 7477, 999, 'OU', '2026-03-07 21:15:08'),
(11957, 7478, 999, 'LC', '2026-03-07 21:15:08'),
(11958, 7479, 999, 'ZU', '2026-03-07 21:15:08'),
(11959, 7480, 999, 'LC', '2026-03-07 21:15:08'),
(11960, 7481, 999, 'UU', '2026-03-07 21:15:08'),
(11961, 7482, 999, 'LC', '2026-03-07 21:15:08'),
(11962, 7483, 999, 'NFE', '2026-03-07 21:15:08'),
(11963, 7484, 999, 'UU', '2026-03-07 21:15:08'),
(11964, 7485, 999, 'LC', '2026-03-07 21:15:08'),
(11965, 7486, 999, 'NFE', '2026-03-07 21:15:08'),
(11966, 7487, 999, 'ZU', '2026-03-07 21:15:08'),
(11967, 7488, 999, 'LC', '2026-03-07 21:15:08'),
(11968, 7489, 999, 'ZU', '2026-03-07 21:15:08'),
(11969, 7490, 999, 'LC', '2026-03-07 21:15:08'),
(11970, 7491, 999, 'ZU', '2026-03-07 21:15:08'),
(11971, 7492, 999, 'RUBL', '2026-03-07 21:15:08'),
(11972, 7493, 999, 'ZU', '2026-03-07 21:15:08'),
(11973, 7494, 999, NULL, '2026-03-07 21:15:08'),
(11974, 7495, 999, NULL, '2026-03-07 21:15:08'),
(11975, 7496, 999, 'LC', '2026-03-07 21:15:08'),
(11976, 7497, 999, 'NFE', '2026-03-07 21:15:08'),
(11977, 7498, 999, 'RU', '2026-03-07 21:15:08'),
(11978, 7499, 999, 'NFE', '2026-03-07 21:15:08'),
(11979, 7500, 999, 'NU', '2026-03-07 21:15:08'),
(11980, 7501, 999, 'LC', '2026-03-07 21:15:08'),
(11981, 7502, 999, 'LC', '2026-03-07 21:15:08'),
(11982, 7503, 999, 'PU', '2026-03-07 21:15:08'),
(11983, 7504, 999, 'RUBL', '2026-03-07 21:15:08'),
(11984, 7505, 999, 'LC', '2026-03-07 21:15:08'),
(11985, 7506, 999, 'NU', '2026-03-07 21:15:08'),
(11986, 7507, 999, 'LC', '2026-03-07 21:15:08'),
(11987, 7508, 999, 'NFE', '2026-03-07 21:15:08'),
(11988, 7509, 999, 'ZU', '2026-03-07 21:15:08'),
(11989, 7510, 999, 'LC', '2026-03-07 21:15:08'),
(11990, 7511, 999, 'NFE', '2026-03-07 21:15:08'),
(11991, 7512, 999, 'NU', '2026-03-07 21:15:08'),
(11992, 7513, 999, 'LC', '2026-03-07 21:15:08'),
(11993, 7514, 999, 'ZU', '2026-03-07 21:15:08'),
(11994, 7515, 999, 'LC', '2026-03-07 21:15:08'),
(11995, 7516, 999, 'ZU', '2026-03-07 21:15:08'),
(11996, 7517, 999, 'LC', '2026-03-07 21:15:08'),
(11997, 7518, 999, 'PU', '2026-03-07 21:15:08'),
(11998, 7519, 999, 'OU', '2026-03-07 21:15:08'),
(11999, 7520, 999, 'LC', '2026-03-07 21:15:08'),
(12000, 7521, 999, 'PU', '2026-03-07 21:15:08'),
(12001, 7522, 999, 'LC', '2026-03-07 21:15:08'),
(12002, 7523, 999, 'NFE', '2026-03-07 21:15:08'),
(12003, 7524, 999, 'ZU', '2026-03-07 21:15:08'),
(12004, 7525, 999, 'LC', '2026-03-07 21:15:08'),
(12005, 7526, 999, 'NFE', '2026-03-07 21:15:08'),
(12006, 7527, 999, 'NU', '2026-03-07 21:15:08'),
(12007, 7528, 999, 'LC', '2026-03-07 21:15:08'),
(12008, 7529, 999, 'NFE', '2026-03-07 21:15:08'),
(12009, 7530, 999, 'RUBL', '2026-03-07 21:15:08'),
(12010, 7531, 999, 'LC', '2026-03-07 21:15:08'),
(12011, 7532, 999, 'ZU', '2026-03-07 21:15:08'),
(12012, 7533, 999, 'ZU', '2026-03-07 21:15:08'),
(12013, 7534, 999, 'LC', '2026-03-07 21:15:08'),
(12014, 7535, 999, 'RU', '2026-03-07 21:15:08'),
(12015, 7536, 999, 'LC', '2026-03-07 21:15:08'),
(12016, 7537, 999, 'PU', '2026-03-07 21:15:08'),
(12017, 7538, 999, 'LC', '2026-03-07 21:15:08'),
(12018, 7539, 999, 'RU', '2026-03-07 21:15:08'),
(12019, 7540, 999, 'NFE', '2026-03-07 21:15:08'),
(12020, 7541, 999, 'NU', '2026-03-07 21:15:08'),
(12021, 7542, 999, 'PU', '2026-03-07 21:15:08'),
(12022, 7543, 999, 'LC', '2026-03-07 21:15:08'),
(12023, 7544, 999, 'UU', '2026-03-07 21:15:08'),
(12024, 7545, 999, 'LC', '2026-03-07 21:15:08'),
(12025, 7546, 999, 'NFE', '2026-03-07 21:15:08'),
(12026, 7547, 999, 'RUBL', '2026-03-07 21:15:08'),
(12027, 7548, 999, 'LC', '2026-03-07 21:15:08'),
(12028, 7549, 999, 'Uber', '2026-03-07 21:15:08'),
(12029, 7550, 999, 'UU', '2026-03-07 21:15:08'),
(12030, 7551, 999, 'NUBL', '2026-03-07 21:15:08'),
(12031, 7552, 999, 'ZU', '2026-03-07 21:15:08'),
(12032, 7553, 999, 'NU', '2026-03-07 21:15:08'),
(12033, 7554, 999, 'OU', '2026-03-07 21:15:08'),
(12034, 7555, 999, 'RUBL', '2026-03-07 21:15:08'),
(12035, 7556, 999, 'UU', '2026-03-07 21:15:08'),
(12036, 7557, 999, 'Uber', '2026-03-07 21:15:08'),
(12037, 7558, 999, 'Uber', '2026-03-07 21:15:08'),
(12038, 7559, 999, 'Uber', '2026-03-07 21:15:08'),
(12039, 7560, 999, 'OU', '2026-03-07 21:15:08'),
(12040, 7561, 999, 'OU', '2026-03-07 21:15:08'),
(12041, 7562, 999, 'Uber', '2026-03-07 21:15:08'),
(12042, 7563, 999, 'Uber', '2026-03-07 21:15:08'),
(12043, 7564, 999, 'UU', '2026-03-07 21:15:08'),
(12044, 7565, 999, NULL, '2026-03-07 21:15:08'),
(12045, 7566, 999, 'NU', '2026-03-07 21:15:08'),
(12046, 7567, 999, NULL, '2026-03-07 21:15:08'),
(12047, 7568, 999, 'LC', '2026-03-07 21:15:08'),
(12048, 7569, 999, 'NFE', '2026-03-07 21:15:08'),
(12049, 7570, 999, 'RU', '2026-03-07 21:15:08'),
(12050, 7571, 999, 'LC', '2026-03-07 21:15:08'),
(12051, 7572, 999, 'NFE', '2026-03-07 21:15:08'),
(12052, 7573, 999, 'PU', '2026-03-07 21:15:08'),
(12053, 7574, 999, 'LC', '2026-03-07 21:15:08'),
(12054, 7575, 999, 'NFE', '2026-03-07 21:15:08'),
(12055, 7576, 999, 'UU', '2026-03-07 21:15:08'),
(12056, 7577, 999, NULL, '2026-03-07 21:15:08'),
(12057, 7578, 999, 'LC', '2026-03-07 21:15:08'),
(12058, 7579, 999, 'NFE', '2026-03-07 21:15:08'),
(12059, 7580, 999, 'RU', '2026-03-07 21:15:08'),
(12060, 7581, 999, 'LC', '2026-03-07 21:15:08'),
(12061, 7582, 999, 'NFE', '2026-03-07 21:15:08'),
(12062, 7583, 999, 'ZU', '2026-03-07 21:15:08'),
(12063, 7584, 999, NULL, '2026-03-07 21:15:08'),
(12064, 7585, 999, NULL, '2026-03-07 21:15:08'),
(12065, 7586, 999, 'LC', '2026-03-07 21:15:08'),
(12066, 7587, 999, 'ZU', '2026-03-07 21:15:08'),
(12067, 7588, 999, 'LC', '2026-03-07 21:15:08'),
(12068, 7589, 999, 'NFE', '2026-03-07 21:15:08'),
(12069, 7590, 999, 'PU', '2026-03-07 21:15:08'),
(12070, 7591, 999, 'LC', '2026-03-07 21:15:08'),
(12071, 7592, 999, 'ZU', '2026-03-07 21:15:08'),
(12072, 7593, 999, 'LC', '2026-03-07 21:15:08'),
(12073, 7594, 999, 'ZU', '2026-03-07 21:15:08'),
(12074, 7595, 999, NULL, '2026-03-07 21:15:08'),
(12075, 7596, 999, 'LC', '2026-03-07 21:15:08'),
(12076, 7597, 999, 'ZU', '2026-03-07 21:15:08'),
(12077, 7598, 999, 'LC', '2026-03-07 21:15:08'),
(12078, 7599, 999, 'PUBL', '2026-03-07 21:15:08'),
(12079, 7600, 999, 'LC', '2026-03-07 21:15:08'),
(12080, 7601, 999, 'ZU', '2026-03-07 21:15:08'),
(12081, 7602, 999, 'NU', '2026-03-07 21:15:08'),
(12082, 7603, 999, 'RUBL', '2026-03-07 21:15:08'),
(12083, 7604, 999, 'ZU', '2026-03-07 21:15:08'),
(12084, 7605, 999, 'ZU', '2026-03-07 21:15:08'),
(12085, 7606, 999, 'LC', '2026-03-07 21:15:08'),
(12086, 7607, 999, 'NFE', '2026-03-07 21:15:08'),
(12087, 7608, 999, 'NFE', '2026-03-07 21:15:08'),
(12088, 7609, 999, 'NU', '2026-03-07 21:15:08'),
(12089, 7610, 999, 'RU', '2026-03-07 21:15:08'),
(12090, 7611, 999, 'NU', '2026-03-07 21:15:08'),
(12091, 7612, 999, 'LC', '2026-03-07 21:15:08'),
(12092, 7613, 999, 'ZU', '2026-03-07 21:15:08'),
(12093, 7614, 999, 'LC', '2026-03-07 21:15:08'),
(12094, 7615, 999, 'NU', '2026-03-07 21:15:08'),
(12095, 7616, 999, 'PU', '2026-03-07 21:15:08'),
(12096, 7617, 999, 'LC', '2026-03-07 21:15:08'),
(12097, 7618, 999, 'RU', '2026-03-07 21:15:08'),
(12098, 7619, 999, 'RU', '2026-03-07 21:15:08'),
(12099, 7620, 999, 'PU', '2026-03-07 21:15:08'),
(12100, 7621, 999, 'UUBL', '2026-03-07 21:15:08'),
(12101, 7622, 999, 'RUBL', '2026-03-07 21:15:08'),
(12102, 7623, 999, 'LC', '2026-03-07 21:15:08'),
(12103, 7624, 999, 'NFE', '2026-03-07 21:15:08'),
(12104, 7625, 999, 'NU', '2026-03-07 21:15:08'),
(12105, 7626, 999, 'PU', '2026-03-07 21:15:08'),
(12106, 7627, 999, 'LC', '2026-03-07 21:15:08'),
(12107, 7628, 999, 'NFE', '2026-03-07 21:15:08'),
(12108, 7629, 999, 'NU', '2026-03-07 21:15:08'),
(12109, 7630, 999, 'LC', '2026-03-07 21:15:08'),
(12110, 7631, 999, 'NFE', '2026-03-07 21:15:08'),
(12111, 7632, 999, 'OU', '2026-03-07 21:15:08'),
(12112, 7633, 999, 'LC', '2026-03-07 21:15:08'),
(12113, 7634, 999, 'NFE', '2026-03-07 21:15:08'),
(12114, 7635, 999, 'ZU', '2026-03-07 21:15:08'),
(12115, 7636, 999, 'LC', '2026-03-07 21:15:08'),
(12116, 7637, 999, 'ZU', '2026-03-07 21:15:08'),
(12117, 7638, 999, 'LC', '2026-03-07 21:15:08'),
(12118, 7639, 999, 'NFE', '2026-03-07 21:15:08'),
(12119, 7640, 999, 'ZU', '2026-03-07 21:15:08'),
(12120, 7641, 999, 'LC', '2026-03-07 21:15:08'),
(12121, 7642, 999, 'ZU', '2026-03-07 21:15:08'),
(12122, 7643, 999, 'ZU', '2026-03-07 21:15:08'),
(12123, 7644, 999, 'RUBL', '2026-03-07 21:15:08'),
(12124, 7645, 999, 'ZU', '2026-03-07 21:15:08'),
(12125, 7646, 999, 'NUBL', '2026-03-07 21:15:08'),
(12126, 7647, 999, 'NFE', '2026-03-07 21:15:08'),
(12127, 7648, 999, 'RU', '2026-03-07 21:15:08'),
(12128, 7649, 999, 'LC', '2026-03-07 21:15:08'),
(12129, 7650, 999, 'LC', '2026-03-07 21:15:08'),
(12130, 7651, 999, 'ZU', '2026-03-07 21:15:08'),
(12131, 7652, 999, 'ZU', '2026-03-07 21:15:08'),
(12132, 7653, 999, 'RU', '2026-03-07 21:15:08'),
(12133, 7654, 999, 'LC', '2026-03-07 21:15:08'),
(12134, 7655, 999, 'UU', '2026-03-07 21:15:08'),
(12135, 7656, 999, 'LC', '2026-03-07 21:15:08'),
(12136, 7657, 999, 'PU', '2026-03-07 21:15:08'),
(12137, 7658, 999, 'LC', '2026-03-07 21:15:08'),
(12138, 7659, 999, 'NU', '2026-03-07 21:15:08'),
(12139, 7660, 999, 'LC', '2026-03-07 21:15:08'),
(12140, 7661, 999, 'ZU', '2026-03-07 21:15:08'),
(12141, 7662, 999, 'LC', '2026-03-07 21:15:08'),
(12142, 7663, 999, 'PU', '2026-03-07 21:15:08'),
(12143, 7664, 999, 'LC', '2026-03-07 21:15:08'),
(12144, 7665, 999, 'NFE', '2026-03-07 21:15:08'),
(12145, 7666, 999, 'NU', '2026-03-07 21:15:08'),
(12146, 7667, 999, 'RUBL', '2026-03-07 21:15:08'),
(12147, 7668, 999, 'ZU', '2026-03-07 21:15:08'),
(12148, 7669, 999, 'ZU', '2026-03-07 21:15:08'),
(12149, 7670, 999, 'LC', '2026-03-07 21:15:08'),
(12150, 7671, 999, 'PU', '2026-03-07 21:15:09'),
(12151, 7672, 999, 'ZU', '2026-03-07 21:15:09'),
(12152, 7673, 999, NULL, '2026-03-07 21:15:09'),
(12153, 7674, 999, 'ZU', '2026-03-07 21:15:09'),
(12154, 7675, 999, 'RU', '2026-03-07 21:15:09'),
(12155, 7676, 999, NULL, '2026-03-07 21:15:09'),
(12156, 7677, 999, 'PU', '2026-03-07 21:15:09'),
(12157, 7678, 999, 'LC', '2026-03-07 21:15:09'),
(12158, 7679, 999, 'NFE', '2026-03-07 21:15:09'),
(12159, 7680, 999, 'UUBL', '2026-03-07 21:15:09'),
(12160, 7681, 999, 'LC', '2026-03-07 21:15:09'),
(12161, 7682, 999, 'NFE', '2026-03-07 21:15:09'),
(12162, 7683, 999, 'Uber', '2026-03-07 21:15:09'),
(12163, 7684, 999, 'Uber', '2026-03-07 21:15:09'),
(12164, 7685, 999, 'NUBL', '2026-03-07 21:15:09'),
(12165, 7686, 999, 'Uber', '2026-03-07 21:15:09'),
(12166, 7687, 999, 'Uber', '2026-03-07 21:15:09'),
(12167, 7688, 999, 'Uber', '2026-03-07 21:15:09'),
(12168, 7689, 999, NULL, '2026-03-07 21:15:09'),
(12169, 7690, 999, 'LC', '2026-03-07 21:15:09'),
(12170, 7691, 999, 'NU', '2026-03-07 21:15:09'),
(12171, 7692, 999, 'OU', '2026-03-07 21:15:09'),
(12172, 7693, 999, 'LC', '2026-03-07 21:15:09'),
(12173, 7694, 999, 'NFE', '2026-03-07 21:15:09'),
(12174, 7695, 999, 'OU', '2026-03-07 21:15:09'),
(12175, 7696, 999, 'LC', '2026-03-07 21:15:09'),
(12176, 7697, 999, 'NFE', '2026-03-07 21:15:09'),
(12177, 7698, 999, 'PUBL', '2026-03-07 21:15:09'),
(12178, 7699, 999, 'LC', '2026-03-07 21:15:09'),
(12179, 7700, 999, 'ZU', '2026-03-07 21:15:09'),
(12180, 7701, 999, 'LC', '2026-03-07 21:15:09'),
(12181, 7702, 999, 'NFE', '2026-03-07 21:15:09'),
(12182, 7703, 999, 'OU', '2026-03-07 21:15:09'),
(12183, 7704, 999, 'LC', '2026-03-07 21:15:09'),
(12184, 7705, 999, 'PUBL', '2026-03-07 21:15:09'),
(12185, 7706, 999, 'LC', '2026-03-07 21:15:09'),
(12186, 7707, 999, 'NFE', '2026-03-07 21:15:09'),
(12187, 7708, 999, 'PU', '2026-03-07 21:15:09'),
(12188, 7709, 999, 'LC', '2026-03-07 21:15:09'),
(12189, 7710, 999, 'ZU', '2026-03-07 21:15:09'),
(12190, 7711, 999, 'ZU', '2026-03-07 21:15:09'),
(12191, 7712, 999, 'LC', '2026-03-07 21:15:09'),
(12192, 7713, 999, 'ZU', '2026-03-07 21:15:09'),
(12193, 7714, 999, 'PU', '2026-03-07 21:15:09'),
(12194, 7715, 999, NULL, '2026-03-07 21:15:09'),
(12195, 7716, 999, NULL, '2026-03-07 21:15:09'),
(12196, 7717, 999, 'LC', '2026-03-07 21:15:09'),
(12197, 7718, 999, 'NU', '2026-03-07 21:15:09'),
(12198, 7719, 999, 'LC', '2026-03-07 21:15:09'),
(12199, 7720, 999, 'NU', '2026-03-07 21:15:09'),
(12200, 7721, 999, NULL, '2026-03-07 21:15:09'),
(12201, 7722, 999, 'LC', '2026-03-07 21:15:09'),
(12202, 7723, 999, NULL, '2026-03-07 21:15:09'),
(12203, 7724, 999, 'UUBL', '2026-03-07 21:15:09'),
(12204, 7725, 999, NULL, '2026-03-07 21:15:09'),
(12205, 7726, 999, 'LC', '2026-03-07 21:15:09'),
(12206, 7727, 999, 'NFE', '2026-03-07 21:15:09'),
(12207, 7728, 999, 'OU', '2026-03-07 21:15:09'),
(12208, 7729, 999, 'LC', '2026-03-07 21:15:09'),
(12209, 7730, 999, 'NFE', '2026-03-07 21:15:09'),
(12210, 7731, 999, 'PU', '2026-03-07 21:15:09'),
(12211, 7732, 999, 'ZU', '2026-03-07 21:15:09'),
(12212, 7733, 999, 'LC', '2026-03-07 21:15:09'),
(12213, 7734, 999, 'ZUBL', '2026-03-07 21:15:09'),
(12214, 7735, 999, 'ZU', '2026-03-07 21:15:09'),
(12215, 7736, 999, 'ZU', '2026-03-07 21:15:09'),
(12216, 7737, 999, 'LC', '2026-03-07 21:15:09'),
(12217, 7738, 999, 'PUBL', '2026-03-07 21:15:09'),
(12218, 7739, 999, 'ZU', '2026-03-07 21:15:09'),
(12219, 7740, 999, 'ZU', '2026-03-07 21:15:09'),
(12220, 7741, 999, NULL, '2026-03-07 21:15:09'),
(12221, 7742, 999, 'PUBL', '2026-03-07 21:15:09'),
(12222, 7743, 999, 'ZU', '2026-03-07 21:15:09'),
(12223, 7744, 999, 'ZU', '2026-03-07 21:15:09'),
(12224, 7745, 999, NULL, '2026-03-07 21:15:09'),
(12225, 7746, 999, 'LC', '2026-03-07 21:15:09'),
(12226, 7747, 999, 'NU', '2026-03-07 21:15:09'),
(12227, 7748, 999, 'NU', '2026-03-07 21:15:09'),
(12228, 7749, 999, 'LC', '2026-03-07 21:15:09'),
(12229, 7750, 999, 'NFE', '2026-03-07 21:15:09'),
(12230, 7751, 999, 'OU', '2026-03-07 21:15:09'),
(12231, 7752, 999, 'Uber', '2026-03-07 21:15:09'),
(12232, 7753, 999, 'Uber', '2026-03-07 21:15:09'),
(12233, 7754, 999, 'OU', '2026-03-07 21:15:09'),
(12234, 7755, 999, 'Uber', '2026-03-07 21:15:09'),
(12235, 7756, 999, 'Uber', '2026-03-07 21:15:09'),
(12236, 7757, 999, 'NFE', '2026-03-07 21:15:09'),
(12237, 7758, 999, 'Uber', '2026-03-07 21:15:09'),
(12238, 7759, 999, 'Uber', '2026-03-07 21:15:09'),
(12239, 7760, 999, 'UUBL', '2026-03-07 21:15:09'),
(12240, 7761, 999, NULL, '2026-03-07 21:15:09'),
(12241, 7762, 999, 'Uber', '2026-03-07 21:15:09'),
(12242, 7763, 999, 'NUBL', '2026-03-07 21:15:09'),
(12243, 7764, 999, 'ZU', '2026-03-07 21:15:09'),
(12244, 7765, 999, 'Uber', '2026-03-07 21:15:09'),
(12245, 7766, 999, 'ZU', '2026-03-07 21:15:09'),
(12246, 7767, 999, 'Uber', '2026-03-07 21:15:09'),
(12247, 7768, 999, 'AG', '2026-03-07 21:15:09'),
(12248, 7769, 999, 'ZU', '2026-03-07 21:15:09'),
(12249, 7770, 999, 'RU', '2026-03-07 21:15:09'),
(12250, 7771, 999, 'UUBL', '2026-03-07 21:15:09'),
(12251, 7772, 999, 'Uber', '2026-03-07 21:15:09'),
(12252, 7773, 999, 'NU', '2026-03-07 21:15:09'),
(12253, 7774, 999, 'RU', '2026-03-07 21:15:09'),
(12254, 7775, 999, 'Uber', '2026-03-07 21:15:09'),
(12255, 7776, 999, 'NU', '2026-03-07 21:15:09'),
(12256, 7777, 999, 'OU', '2026-03-07 21:15:09'),
(12257, 7778, 999, 'RUBL', '2026-03-07 21:15:09'),
(12258, 7779, 999, 'LC', '2026-03-07 21:15:09'),
(12259, 7780, 999, 'NFE', '2026-03-07 21:15:09'),
(12260, 7781, 999, 'UUBL', '2026-03-07 21:15:09'),
(12261, 7782, 999, 'LC', '2026-03-07 21:15:09'),
(12262, 7783, 999, 'NFE', '2026-03-07 21:15:09'),
(12263, 7784, 999, 'UU', '2026-03-07 21:15:09'),
(12264, 7785, 999, 'LC', '2026-03-07 21:15:09'),
(12265, 7786, 999, 'NFE', '2026-03-07 21:15:09'),
(12266, 7787, 999, 'UUBL', '2026-03-07 21:15:09'),
(12267, 7788, 999, 'LC', '2026-03-07 21:15:09'),
(12268, 7789, 999, 'ZU', '2026-03-07 21:15:09'),
(12269, 7790, 999, 'ZU', '2026-03-07 21:15:09'),
(12270, 7791, 999, 'LC', '2026-03-07 21:15:09'),
(12271, 7792, 999, 'ZU', '2026-03-07 21:15:09'),
(12272, 7793, 999, 'LC', '2026-03-07 21:15:09'),
(12273, 7794, 999, 'UU', '2026-03-07 21:15:09'),
(12274, 7795, 999, 'LC', '2026-03-07 21:15:09'),
(12275, 7796, 999, 'NFE', '2026-03-07 21:15:09'),
(12276, 7797, 999, 'PU', '2026-03-07 21:15:09'),
(12277, 7798, 999, 'LC', '2026-03-07 21:15:09'),
(12278, 7799, 999, 'RU', '2026-03-07 21:15:09'),
(12279, 7800, 999, NULL, '2026-03-07 21:15:09'),
(12280, 7801, 999, 'LC', '2026-03-07 21:15:09'),
(12281, 7802, 999, 'ZU', '2026-03-07 21:15:09'),
(12282, 7803, 999, 'LC', '2026-03-07 21:15:09'),
(12283, 7804, 999, 'NFE', '2026-03-07 21:15:09'),
(12284, 7805, 999, 'ZU', '2026-03-07 21:15:09'),
(12285, 7806, 999, 'ZU', '2026-03-07 21:15:09'),
(12286, 7807, 999, NULL, '2026-03-07 21:15:09'),
(12287, 7808, 999, NULL, '2026-03-07 21:15:09'),
(12288, 7809, 999, NULL, '2026-03-07 21:15:09'),
(12289, 7810, 999, 'LC', '2026-03-07 21:15:09'),
(12290, 7811, 999, 'NFE', '2026-03-07 21:15:09'),
(12291, 7812, 999, 'OU', '2026-03-07 21:15:09'),
(12292, 7813, 999, 'LC', '2026-03-07 21:15:09'),
(12293, 7814, 999, 'RU', '2026-03-07 21:15:09'),
(12294, 7815, 999, 'OU', '2026-03-07 21:15:09'),
(12295, 7816, 999, 'LC', '2026-03-07 21:15:09'),
(12296, 7817, 999, 'NU', '2026-03-07 21:15:09'),
(12297, 7818, 999, 'LC', '2026-03-07 21:15:09'),
(12298, 7819, 999, 'NU', '2026-03-07 21:15:09'),
(12299, 7820, 999, 'LC', '2026-03-07 21:15:09'),
(12300, 7821, 999, 'ZU', '2026-03-07 21:15:09'),
(12301, 7822, 999, 'LC', '2026-03-07 21:15:09'),
(12302, 7823, 999, 'NU', '2026-03-07 21:15:09'),
(12303, 7824, 999, 'LC', '2026-03-07 21:15:09'),
(12304, 7825, 999, 'NU', '2026-03-07 21:15:09'),
(12305, 7826, 999, 'LC', '2026-03-07 21:15:09'),
(12306, 7827, 999, 'ZU', '2026-03-07 21:15:09'),
(12307, 7828, 999, 'ZU', '2026-03-07 21:15:09'),
(12308, 7829, 999, 'LC', '2026-03-07 21:15:09'),
(12309, 7830, 999, 'ZU', '2026-03-07 21:15:09'),
(12310, 7831, 999, 'LC', '2026-03-07 21:15:09'),
(12311, 7832, 999, 'ZU', '2026-03-07 21:15:09'),
(12312, 7833, 999, 'NFE', '2026-03-07 21:15:09'),
(12313, 7834, 999, 'Uber', '2026-03-07 21:15:09'),
(12314, 7835, 999, 'LC', '2026-03-07 21:15:09'),
(12315, 7836, 999, 'NFE', '2026-03-07 21:15:09'),
(12316, 7837, 999, 'UU', '2026-03-07 21:15:09'),
(12317, 7838, 999, 'LC', '2026-03-07 21:15:09'),
(12318, 7839, 999, 'ZU', '2026-03-07 21:15:09'),
(12319, 7840, 999, 'PU', '2026-03-07 21:15:09'),
(12320, 7841, 999, 'LC', '2026-03-07 21:15:09'),
(12321, 7842, 999, 'Uber', '2026-03-07 21:15:09'),
(12322, 7843, 999, NULL, '2026-03-07 21:15:09'),
(12323, 7844, 999, 'LC', '2026-03-07 21:15:09'),
(12324, 7845, 999, 'UU', '2026-03-07 21:15:09'),
(12325, 7846, 999, 'RU', '2026-03-07 21:15:09'),
(12326, 7847, 999, 'ZU', '2026-03-07 21:15:09'),
(12327, 7848, 999, 'LC', '2026-03-07 21:15:09'),
(12328, 7849, 999, 'OU', '2026-03-07 21:15:09'),
(12329, 7850, 999, 'LC', '2026-03-07 21:15:09'),
(12330, 7851, 999, 'NU', '2026-03-07 21:15:09'),
(12331, 7852, 999, 'NU', '2026-03-07 21:15:09'),
(12332, 7853, 999, 'LC', '2026-03-07 21:15:09'),
(12333, 7854, 999, 'NUBL', '2026-03-07 21:15:09'),
(12334, 7855, 999, 'ZU', '2026-03-07 21:15:09'),
(12335, 7856, 999, 'OU', '2026-03-07 21:15:09'),
(12336, 7857, 999, 'PU', '2026-03-07 21:15:09'),
(12337, 7858, 999, NULL, '2026-03-07 21:15:09'),
(12338, 7859, 999, NULL, '2026-03-07 21:15:09'),
(12339, 7860, 999, 'Uber', '2026-03-07 21:15:09'),
(12340, 7861, 999, 'UU', '2026-03-07 21:15:09'),
(12341, 7862, 999, 'ZU', '2026-03-07 21:15:09'),
(12342, 7863, 999, 'NU', '2026-03-07 21:15:09'),
(12343, 7864, 999, NULL, '2026-03-07 21:15:09'),
(12344, 7865, 999, 'OU', '2026-03-07 21:15:09'),
(12345, 7866, 999, 'OU', '2026-03-07 21:15:09'),
(12346, 7867, 999, 'NU', '2026-03-07 21:15:09'),
(12347, 7868, 999, 'ZU', '2026-03-07 21:15:09'),
(12348, 7869, 999, 'Uber', '2026-03-07 21:15:09'),
(12349, 7870, 999, 'UU', '2026-03-07 21:15:09'),
(12350, 7871, 999, 'UU', '2026-03-07 21:15:09'),
(12351, 7872, 999, 'OU', '2026-03-07 21:15:09'),
(12352, 7873, 999, 'Uber', '2026-03-07 21:15:09'),
(12353, 7874, 999, 'UUBL', '2026-03-07 21:15:09'),
(12354, 7875, 999, 'UU', '2026-03-07 21:15:09'),
(12355, 7876, 999, 'OU', '2026-03-07 21:15:09'),
(12356, 7877, 999, 'NUBL', '2026-03-07 21:15:09'),
(12357, 7878, 999, 'LC', '2026-03-07 21:15:09'),
(12358, 7879, 999, 'NFE', '2026-03-07 21:15:09'),
(12359, 7880, 999, 'Uber', '2026-03-07 21:15:09'),
(12360, 7881, 999, 'LC', '2026-03-07 21:15:09'),
(12361, 7882, 999, 'LC', '2026-03-07 21:15:09'),
(12362, 7883, 999, 'OU', '2026-03-07 21:15:09'),
(12363, 7884, 999, 'NU', '2026-03-07 21:15:09'),
(12364, 7885, 999, 'Uber', '2026-03-07 21:15:09'),
(12365, 7886, 999, 'OU', '2026-03-07 21:15:09'),
(12366, 7887, 999, 'Uber', '2026-03-07 21:15:09'),
(12367, 7888, 999, 'Uber', '2026-03-07 21:15:09'),
(12368, 7889, 999, 'OU', '2026-03-07 21:15:09'),
(12369, 7890, 999, 'Uber', '2026-03-07 21:15:09'),
(12370, 7891, 999, 'AG', '2026-03-07 21:15:09'),
(12371, 7892, 999, 'OU', '2026-03-07 21:15:09'),
(12372, 7893, 999, 'RUBL', '2026-03-07 21:15:09'),
(12373, 7894, 999, 'NFE', '2026-03-07 21:15:09'),
(12374, 7895, 999, 'LC', '2026-03-07 21:15:09'),
(12375, 7896, 999, NULL, '2026-03-07 21:15:09'),
(12376, 7897, 999, 'UU', '2026-03-07 21:15:09'),
(12377, 7898, 999, NULL, '2026-03-07 21:15:09'),
(12378, 7899, 999, 'UUBL', '2026-03-07 21:15:09'),
(12379, 7900, 999, 'NU', '2026-03-07 21:15:09'),
(12380, 7901, 999, 'UU', '2026-03-07 21:15:09'),
(12381, 7902, 999, 'UU', '2026-03-07 21:15:09'),
(12382, 7903, 999, 'OU', '2026-03-07 21:15:09'),
(12383, 7904, 999, 'Uber', '2026-03-07 21:15:09'),
(12384, 7905, 999, 'UUBL', '2026-03-07 21:15:09'),
(12385, 7906, 999, NULL, '2026-03-07 21:15:09'),
(12386, 7907, 999, NULL, '2026-03-07 21:15:09'),
(12387, 7908, 999, NULL, '2026-03-07 21:15:09'),
(12388, 7909, 999, NULL, '2026-03-07 21:15:09'),
(12389, 7910, 999, 'Uber', '2026-03-07 21:15:09'),
(12390, 7911, 999, 'UU', '2026-03-07 21:15:09'),
(12391, 7912, 999, 'Uber', '2026-03-07 21:15:09'),
(12392, 7913, 999, 'OU', '2026-03-07 21:15:09'),
(12393, 7914, 999, 'UUBL', '2026-03-07 21:15:09'),
(12394, 7915, 999, 'OU', '2026-03-07 21:15:09'),
(12395, 7916, 999, 'Uber', '2026-03-07 21:15:09'),
(12396, 7917, 999, NULL, '2026-03-07 21:15:09'),
(12397, 7918, 999, 'Uber', '2026-03-07 21:15:09'),
(12398, 7919, 999, 'OU', '2026-03-07 21:15:09');

-- --------------------------------------------------------

--
-- Table structure for table `roster_pkmn`
--

CREATE TABLE `roster_pkmn` (
  `id` int(11) NOT NULL,
  `active_user` int(11) NOT NULL,
  `showdown_pkmn` int(11) NOT NULL,
  `season_id` int(11) DEFAULT NULL,
  `is_active` tinyint(1) DEFAULT '1',
  `created_at` datetime NOT NULL DEFAULT CURRENT_TIMESTAMP
) ENGINE=InnoDB DEFAULT CHARSET=utf8;

--
-- Dumping data for table `roster_pkmn`
--

INSERT INTO `roster_pkmn` (`id`, `active_user`, `showdown_pkmn`, `season_id`, `is_active`, `created_at`) VALUES
(104, 10, 7447, 999, 1, '2026-03-20 14:24:00'),
(105, 9, 7400, 999, 1, '2026-03-20 14:24:04'),
(106, 9, 7560, 999, 1, '2026-03-20 14:24:10'),
(107, 10, 7554, 999, 1, '2026-03-20 14:24:17'),
(108, 10, 7865, 999, 1, '2026-03-20 14:24:22'),
(109, 9, 7905, 999, 1, '2026-03-20 14:24:27'),
(110, 9, 7099, 999, 1, '2026-03-20 14:24:35'),
(111, 10, 7644, 999, 1, '2026-03-20 14:24:42'),
(112, 10, 7778, 999, 1, '2026-03-20 14:24:46'),
(113, 9, 7870, 999, 1, '2026-03-20 14:24:51'),
(114, 9, 7911, 999, 1, '2026-03-20 14:24:54'),
(115, 10, 7861, 999, 1, '2026-03-20 14:25:03'),
(116, 10, 7384, 999, 1, '2026-03-20 14:25:17'),
(117, 9, 7355, 999, 1, '2026-03-20 14:25:25'),
(118, 9, 7610, 999, 1, '2026-03-20 14:25:28'),
(119, 10, 7646, 999, 1, '2026-03-20 14:25:32'),
(120, 10, 7774, 999, 1, '2026-03-20 14:25:35'),
(121, 9, 7846, 999, 1, '2026-03-20 14:25:39'),
(122, 9, 7653, 999, 1, '2026-03-20 14:25:42'),
(123, 10, 7675, 999, 1, '2026-03-20 14:25:46'),
(124, 10, 7117, 999, 1, '2026-03-20 14:25:52'),
(125, 9, 7527, 999, 1, '2026-03-20 14:26:01'),
(126, 9, 7235, 999, 1, '2026-03-20 14:26:03'),
(127, 10, 7170, 999, 1, '2026-03-20 14:26:06');

-- --------------------------------------------------------

--
-- Table structure for table `seasons`
--

CREATE TABLE `seasons` (
  `season_id` int(11) NOT NULL,
  `league_id` int(11) NOT NULL,
  `season_number` int(11) NOT NULL,
  `start_date` datetime DEFAULT NULL,
  `playoff_date` datetime DEFAULT NULL,
  `created` datetime NOT NULL,
  `is_active` tinyint(1) DEFAULT '0',
  `draft_date` date DEFAULT NULL
) ENGINE=InnoDB DEFAULT CHARSET=utf8;

--
-- Dumping data for table `seasons`
--

INSERT INTO `seasons` (`season_id`, `league_id`, `season_number`, `start_date`, `playoff_date`, `created`, `is_active`, `draft_date`) VALUES
(12, 1, 12, NULL, NULL, '2026-03-03 13:14:50', 0, NULL),
(999, 1, 999, '2026-03-16 00:00:00', NULL, '2026-03-03 19:44:38', 1, '2026-03-23');

-- --------------------------------------------------------

--
-- Table structure for table `showdown_pkmn`
--

CREATE TABLE `showdown_pkmn` (
  `id` int(11) NOT NULL,
  `showdown_key` varchar(100) NOT NULL,
  `showdown_id` int(11) NOT NULL,
  `name` varchar(100) NOT NULL,
  `form` varchar(100) DEFAULT NULL,
  `type1` varchar(20) NOT NULL,
  `type2` varchar(20) DEFAULT NULL,
  `created_at` datetime DEFAULT CURRENT_TIMESTAMP
) ENGINE=InnoDB DEFAULT CHARSET=utf8;

--
-- Dumping data for table `showdown_pkmn`
--

INSERT INTO `showdown_pkmn` (`id`, `showdown_key`, `showdown_id`, `name`, `form`, `type1`, `type2`, `created_at`) VALUES
(7044, 'bulbasaur', 1, 'Bulbasaur', 'Base', 'Grass', 'Poison', '2026-03-07 16:15:04'),
(7045, 'ivysaur', 2, 'Ivysaur', 'Base', 'Grass', 'Poison', '2026-03-07 16:15:04'),
(7046, 'venusaur', 3, 'Venusaur', 'Base', 'Grass', 'Poison', '2026-03-07 16:15:04'),
(7047, 'charmander', 4, 'Charmander', 'Base', 'Fire', NULL, '2026-03-07 16:15:04'),
(7048, 'charmeleon', 5, 'Charmeleon', 'Base', 'Fire', NULL, '2026-03-07 16:15:04'),
(7049, 'charizard', 6, 'Charizard', 'Base', 'Fire', 'Flying', '2026-03-07 16:15:04'),
(7050, 'squirtle', 7, 'Squirtle', 'Base', 'Water', NULL, '2026-03-07 16:15:04'),
(7051, 'wartortle', 8, 'Wartortle', 'Base', 'Water', NULL, '2026-03-07 16:15:04'),
(7052, 'blastoise', 9, 'Blastoise', 'Base', 'Water', NULL, '2026-03-07 16:15:04'),
(7053, 'ekans', 23, 'Ekans', 'Base', 'Poison', NULL, '2026-03-07 16:15:04'),
(7054, 'arbok', 24, 'Arbok', 'Base', 'Poison', NULL, '2026-03-07 16:15:04'),
(7055, 'pikachu', 25, 'Pikachu', 'Base', 'Electric', NULL, '2026-03-07 16:15:04'),
(7056, 'pikachuoriginal', 25, 'Pikachu-Original', 'Original', 'Electric', NULL, '2026-03-07 16:15:04'),
(7057, 'pikachuhoenn', 25, 'Pikachu-Hoenn', 'Hoenn', 'Electric', NULL, '2026-03-07 16:15:04'),
(7058, 'pikachusinnoh', 25, 'Pikachu-Sinnoh', 'Sinnoh', 'Electric', NULL, '2026-03-07 16:15:04'),
(7059, 'pikachuunova', 25, 'Pikachu-Unova', 'Unova', 'Electric', NULL, '2026-03-07 16:15:04'),
(7060, 'pikachukalos', 25, 'Pikachu-Kalos', 'Kalos', 'Electric', NULL, '2026-03-07 16:15:04'),
(7061, 'pikachualola', 25, 'Pikachu-Alola', 'Alola', 'Electric', NULL, '2026-03-07 16:15:04'),
(7062, 'pikachupartner', 25, 'Pikachu-Partner', 'Partner', 'Electric', NULL, '2026-03-07 16:15:04'),
(7063, 'pikachuworld', 25, 'Pikachu-World', 'World', 'Electric', NULL, '2026-03-07 16:15:04'),
(7064, 'raichu', 26, 'Raichu', 'Base', 'Electric', NULL, '2026-03-07 16:15:04'),
(7065, 'raichualola', 26, 'Raichu-Alola', 'Alola', 'Electric', 'Psychic', '2026-03-07 16:15:04'),
(7066, 'sandshrew', 27, 'Sandshrew', 'Base', 'Ground', NULL, '2026-03-07 16:15:04'),
(7067, 'sandshrewalola', 27, 'Sandshrew-Alola', 'Alola', 'Ice', 'Steel', '2026-03-07 16:15:04'),
(7068, 'sandslash', 28, 'Sandslash', 'Base', 'Ground', NULL, '2026-03-07 16:15:04'),
(7069, 'sandslashalola', 28, 'Sandslash-Alola', 'Alola', 'Ice', 'Steel', '2026-03-07 16:15:04'),
(7070, 'clefairy', 35, 'Clefairy', 'Base', 'Fairy', NULL, '2026-03-07 16:15:04'),
(7071, 'clefable', 36, 'Clefable', 'Base', 'Fairy', NULL, '2026-03-07 16:15:04'),
(7072, 'vulpix', 37, 'Vulpix', 'Base', 'Fire', NULL, '2026-03-07 16:15:04'),
(7073, 'vulpixalola', 37, 'Vulpix-Alola', 'Alola', 'Ice', NULL, '2026-03-07 16:15:04'),
(7074, 'ninetales', 38, 'Ninetales', 'Base', 'Fire', NULL, '2026-03-07 16:15:04'),
(7075, 'ninetalesalola', 38, 'Ninetales-Alola', 'Alola', 'Ice', 'Fairy', '2026-03-07 16:15:04'),
(7076, 'jigglypuff', 39, 'Jigglypuff', 'Base', 'Normal', 'Fairy', '2026-03-07 16:15:04'),
(7077, 'wigglytuff', 40, 'Wigglytuff', 'Base', 'Normal', 'Fairy', '2026-03-07 16:15:04'),
(7078, 'oddish', 43, 'Oddish', 'Base', 'Grass', 'Poison', '2026-03-07 16:15:04'),
(7079, 'gloom', 44, 'Gloom', 'Base', 'Grass', 'Poison', '2026-03-07 16:15:04'),
(7080, 'vileplume', 45, 'Vileplume', 'Base', 'Grass', 'Poison', '2026-03-07 16:15:04'),
(7081, 'venonat', 48, 'Venonat', 'Base', 'Bug', 'Poison', '2026-03-07 16:15:04'),
(7082, 'venomoth', 49, 'Venomoth', 'Base', 'Bug', 'Poison', '2026-03-07 16:15:04'),
(7083, 'diglett', 50, 'Diglett', 'Base', 'Ground', NULL, '2026-03-07 16:15:04'),
(7084, 'diglettalola', 50, 'Diglett-Alola', 'Alola', 'Ground', 'Steel', '2026-03-07 16:15:04'),
(7085, 'dugtrio', 51, 'Dugtrio', 'Base', 'Ground', NULL, '2026-03-07 16:15:04'),
(7086, 'dugtrioalola', 51, 'Dugtrio-Alola', 'Alola', 'Ground', 'Steel', '2026-03-07 16:15:04'),
(7087, 'meowth', 52, 'Meowth', 'Base', 'Normal', NULL, '2026-03-07 16:15:04'),
(7088, 'meowthalola', 52, 'Meowth-Alola', 'Alola', 'Dark', NULL, '2026-03-07 16:15:04'),
(7089, 'meowthgalar', 52, 'Meowth-Galar', 'Galar', 'Steel', NULL, '2026-03-07 16:15:04'),
(7090, 'persian', 53, 'Persian', 'Base', 'Normal', NULL, '2026-03-07 16:15:04'),
(7091, 'persianalola', 53, 'Persian-Alola', 'Alola', 'Dark', NULL, '2026-03-07 16:15:04'),
(7092, 'psyduck', 54, 'Psyduck', 'Base', 'Water', NULL, '2026-03-07 16:15:04'),
(7093, 'golduck', 55, 'Golduck', 'Base', 'Water', NULL, '2026-03-07 16:15:04'),
(7094, 'mankey', 56, 'Mankey', 'Base', 'Fighting', NULL, '2026-03-07 16:15:04'),
(7095, 'primeape', 57, 'Primeape', 'Base', 'Fighting', NULL, '2026-03-07 16:15:04'),
(7096, 'growlithe', 58, 'Growlithe', 'Base', 'Fire', NULL, '2026-03-07 16:15:04'),
(7097, 'growlithehisui', 58, 'Growlithe-Hisui', 'Hisui', 'Fire', 'Rock', '2026-03-07 16:15:04'),
(7098, 'arcanine', 59, 'Arcanine', 'Base', 'Fire', NULL, '2026-03-07 16:15:04'),
(7099, 'arcaninehisui', 59, 'Arcanine-Hisui', 'Hisui', 'Fire', 'Rock', '2026-03-07 16:15:04'),
(7100, 'poliwag', 60, 'Poliwag', 'Base', 'Water', NULL, '2026-03-07 16:15:04'),
(7101, 'poliwhirl', 61, 'Poliwhirl', 'Base', 'Water', NULL, '2026-03-07 16:15:04'),
(7102, 'poliwrath', 62, 'Poliwrath', 'Base', 'Water', 'Fighting', '2026-03-07 16:15:04'),
(7103, 'bellsprout', 69, 'Bellsprout', 'Base', 'Grass', 'Poison', '2026-03-07 16:15:04'),
(7104, 'weepinbell', 70, 'Weepinbell', 'Base', 'Grass', 'Poison', '2026-03-07 16:15:04'),
(7105, 'victreebel', 71, 'Victreebel', 'Base', 'Grass', 'Poison', '2026-03-07 16:15:04'),
(7106, 'tentacool', 72, 'Tentacool', 'Base', 'Water', 'Poison', '2026-03-07 16:15:04'),
(7107, 'tentacruel', 73, 'Tentacruel', 'Base', 'Water', 'Poison', '2026-03-07 16:15:04'),
(7108, 'geodude', 74, 'Geodude', 'Base', 'Rock', 'Ground', '2026-03-07 16:15:04'),
(7109, 'geodudealola', 74, 'Geodude-Alola', 'Alola', 'Rock', 'Electric', '2026-03-07 16:15:04'),
(7110, 'graveler', 75, 'Graveler', 'Base', 'Rock', 'Ground', '2026-03-07 16:15:04'),
(7111, 'graveleralola', 75, 'Graveler-Alola', 'Alola', 'Rock', 'Electric', '2026-03-07 16:15:04'),
(7112, 'golem', 76, 'Golem', 'Base', 'Rock', 'Ground', '2026-03-07 16:15:04'),
(7113, 'golemalola', 76, 'Golem-Alola', 'Alola', 'Rock', 'Electric', '2026-03-07 16:15:04'),
(7114, 'slowpoke', 79, 'Slowpoke', 'Base', 'Water', 'Psychic', '2026-03-07 16:15:04'),
(7115, 'slowpokegalar', 79, 'Slowpoke-Galar', 'Galar', 'Psychic', NULL, '2026-03-07 16:15:04'),
(7116, 'slowbro', 80, 'Slowbro', 'Base', 'Water', 'Psychic', '2026-03-07 16:15:04'),
(7117, 'slowbrogalar', 80, 'Slowbro-Galar', 'Galar', 'Poison', 'Psychic', '2026-03-07 16:15:04'),
(7118, 'magnemite', 81, 'Magnemite', 'Base', 'Electric', 'Steel', '2026-03-07 16:15:04'),
(7119, 'magneton', 82, 'Magneton', 'Base', 'Electric', 'Steel', '2026-03-07 16:15:04'),
(7120, 'doduo', 84, 'Doduo', 'Base', 'Normal', 'Flying', '2026-03-07 16:15:04'),
(7121, 'dodrio', 85, 'Dodrio', 'Base', 'Normal', 'Flying', '2026-03-07 16:15:04'),
(7122, 'seel', 86, 'Seel', 'Base', 'Water', NULL, '2026-03-07 16:15:04'),
(7123, 'dewgong', 87, 'Dewgong', 'Base', 'Water', 'Ice', '2026-03-07 16:15:04'),
(7124, 'grimer', 88, 'Grimer', 'Base', 'Poison', NULL, '2026-03-07 16:15:04'),
(7125, 'grimeralola', 88, 'Grimer-Alola', 'Alola', 'Poison', 'Dark', '2026-03-07 16:15:04'),
(7126, 'muk', 89, 'Muk', 'Base', 'Poison', NULL, '2026-03-07 16:15:04'),
(7127, 'mukalola', 89, 'Muk-Alola', 'Alola', 'Poison', 'Dark', '2026-03-07 16:15:04'),
(7128, 'shellder', 90, 'Shellder', 'Base', 'Water', NULL, '2026-03-07 16:15:04'),
(7129, 'cloyster', 91, 'Cloyster', 'Base', 'Water', 'Ice', '2026-03-07 16:15:04'),
(7130, 'gastly', 92, 'Gastly', 'Base', 'Ghost', 'Poison', '2026-03-07 16:15:04'),
(7131, 'haunter', 93, 'Haunter', 'Base', 'Ghost', 'Poison', '2026-03-07 16:15:04'),
(7132, 'gengar', 94, 'Gengar', 'Base', 'Ghost', 'Poison', '2026-03-07 16:15:04'),
(7133, 'drowzee', 96, 'Drowzee', 'Base', 'Psychic', NULL, '2026-03-07 16:15:04'),
(7134, 'hypno', 97, 'Hypno', 'Base', 'Psychic', NULL, '2026-03-07 16:15:04'),
(7135, 'voltorb', 100, 'Voltorb', 'Base', 'Electric', NULL, '2026-03-07 16:15:04'),
(7136, 'voltorbhisui', 100, 'Voltorb-Hisui', 'Hisui', 'Electric', 'Grass', '2026-03-07 16:15:04'),
(7137, 'electrode', 101, 'Electrode', 'Base', 'Electric', NULL, '2026-03-07 16:15:04'),
(7138, 'electrodehisui', 101, 'Electrode-Hisui', 'Hisui', 'Electric', 'Grass', '2026-03-07 16:15:04'),
(7139, 'exeggcute', 102, 'Exeggcute', 'Base', 'Grass', 'Psychic', '2026-03-07 16:15:04'),
(7140, 'exeggutor', 103, 'Exeggutor', 'Base', 'Grass', 'Psychic', '2026-03-07 16:15:04'),
(7141, 'exeggutoralola', 103, 'Exeggutor-Alola', 'Alola', 'Grass', 'Dragon', '2026-03-07 16:15:04'),
(7142, 'hitmonlee', 106, 'Hitmonlee', 'Base', 'Fighting', NULL, '2026-03-07 16:15:04'),
(7143, 'hitmonchan', 107, 'Hitmonchan', 'Base', 'Fighting', NULL, '2026-03-07 16:15:04'),
(7144, 'koffing', 109, 'Koffing', 'Base', 'Poison', NULL, '2026-03-07 16:15:04'),
(7145, 'weezing', 110, 'Weezing', 'Base', 'Poison', NULL, '2026-03-07 16:15:04'),
(7146, 'weezinggalar', 110, 'Weezing-Galar', 'Galar', 'Poison', 'Fairy', '2026-03-07 16:15:04'),
(7147, 'rhyhorn', 111, 'Rhyhorn', 'Base', 'Ground', 'Rock', '2026-03-07 16:15:04'),
(7148, 'rhydon', 112, 'Rhydon', 'Base', 'Ground', 'Rock', '2026-03-07 16:15:04'),
(7149, 'chansey', 113, 'Chansey', 'Base', 'Normal', NULL, '2026-03-07 16:15:04'),
(7150, 'horsea', 116, 'Horsea', 'Base', 'Water', NULL, '2026-03-07 16:15:04'),
(7151, 'seadra', 117, 'Seadra', 'Base', 'Water', NULL, '2026-03-07 16:15:04'),
(7152, 'scyther', 123, 'Scyther', 'Base', 'Bug', 'Flying', '2026-03-07 16:15:04'),
(7153, 'electabuzz', 125, 'Electabuzz', 'Base', 'Electric', NULL, '2026-03-07 16:15:04'),
(7154, 'magmar', 126, 'Magmar', 'Base', 'Fire', NULL, '2026-03-07 16:15:04'),
(7155, 'tauros', 128, 'Tauros', 'Base', 'Normal', NULL, '2026-03-07 16:15:04'),
(7156, 'taurospaldeacombat', 128, 'Tauros-Paldea-Combat', 'Paldea-Combat', 'Fighting', NULL, '2026-03-07 16:15:04'),
(7157, 'taurospaldeablaze', 128, 'Tauros-Paldea-Blaze', 'Paldea-Blaze', 'Fighting', 'Fire', '2026-03-07 16:15:04'),
(7158, 'taurospaldeaaqua', 128, 'Tauros-Paldea-Aqua', 'Paldea-Aqua', 'Fighting', 'Water', '2026-03-07 16:15:04'),
(7159, 'magikarp', 129, 'Magikarp', 'Base', 'Water', NULL, '2026-03-07 16:15:04'),
(7160, 'gyarados', 130, 'Gyarados', 'Base', 'Water', 'Flying', '2026-03-07 16:15:04'),
(7161, 'lapras', 131, 'Lapras', 'Base', 'Water', 'Ice', '2026-03-07 16:15:04'),
(7162, 'ditto', 132, 'Ditto', 'Base', 'Normal', NULL, '2026-03-07 16:15:04'),
(7163, 'eevee', 133, 'Eevee', 'Base', 'Normal', NULL, '2026-03-07 16:15:04'),
(7164, 'vaporeon', 134, 'Vaporeon', 'Base', 'Water', NULL, '2026-03-07 16:15:04'),
(7165, 'jolteon', 135, 'Jolteon', 'Base', 'Electric', NULL, '2026-03-07 16:15:04'),
(7166, 'flareon', 136, 'Flareon', 'Base', 'Fire', NULL, '2026-03-07 16:15:04'),
(7167, 'porygon', 137, 'Porygon', 'Base', 'Normal', NULL, '2026-03-07 16:15:04'),
(7168, 'snorlax', 143, 'Snorlax', 'Base', 'Normal', NULL, '2026-03-07 16:15:04'),
(7169, 'articuno', 144, 'Articuno', 'Base', 'Ice', 'Flying', '2026-03-07 16:15:04'),
(7170, 'articunogalar', 144, 'Articuno-Galar', 'Galar', 'Psychic', 'Flying', '2026-03-07 16:15:04'),
(7171, 'zapdos', 145, 'Zapdos', 'Base', 'Electric', 'Flying', '2026-03-07 16:15:04'),
(7172, 'zapdosgalar', 145, 'Zapdos-Galar', 'Galar', 'Fighting', 'Flying', '2026-03-07 16:15:04'),
(7173, 'moltres', 146, 'Moltres', 'Base', 'Fire', 'Flying', '2026-03-07 16:15:04'),
(7174, 'moltresgalar', 146, 'Moltres-Galar', 'Galar', 'Dark', 'Flying', '2026-03-07 16:15:04'),
(7175, 'dratini', 147, 'Dratini', 'Base', 'Dragon', NULL, '2026-03-07 16:15:04'),
(7176, 'dragonair', 148, 'Dragonair', 'Base', 'Dragon', NULL, '2026-03-07 16:15:04'),
(7177, 'dragonite', 149, 'Dragonite', 'Base', 'Dragon', 'Flying', '2026-03-07 16:15:04'),
(7178, 'mewtwo', 150, 'Mewtwo', 'Base', 'Psychic', NULL, '2026-03-07 16:15:04'),
(7179, 'mew', 151, 'Mew', 'Base', 'Psychic', NULL, '2026-03-07 16:15:04'),
(7180, 'chikorita', 152, 'Chikorita', 'Base', 'Grass', NULL, '2026-03-07 16:15:04'),
(7181, 'bayleef', 153, 'Bayleef', 'Base', 'Grass', NULL, '2026-03-07 16:15:04'),
(7182, 'meganium', 154, 'Meganium', 'Base', 'Grass', NULL, '2026-03-07 16:15:04'),
(7183, 'cyndaquil', 155, 'Cyndaquil', 'Base', 'Fire', NULL, '2026-03-07 16:15:04'),
(7184, 'quilava', 156, 'Quilava', 'Base', 'Fire', NULL, '2026-03-07 16:15:04'),
(7185, 'typhlosion', 157, 'Typhlosion', 'Base', 'Fire', NULL, '2026-03-07 16:15:04'),
(7186, 'typhlosionhisui', 157, 'Typhlosion-Hisui', 'Hisui', 'Fire', 'Ghost', '2026-03-07 16:15:04'),
(7187, 'totodile', 158, 'Totodile', 'Base', 'Water', NULL, '2026-03-07 16:15:04'),
(7188, 'croconaw', 159, 'Croconaw', 'Base', 'Water', NULL, '2026-03-07 16:15:04'),
(7189, 'feraligatr', 160, 'Feraligatr', 'Base', 'Water', NULL, '2026-03-07 16:15:04'),
(7190, 'sentret', 161, 'Sentret', 'Base', 'Normal', NULL, '2026-03-07 16:15:04'),
(7191, 'furret', 162, 'Furret', 'Base', 'Normal', NULL, '2026-03-07 16:15:04'),
(7192, 'hoothoot', 163, 'Hoothoot', 'Base', 'Normal', 'Flying', '2026-03-07 16:15:04'),
(7193, 'noctowl', 164, 'Noctowl', 'Base', 'Normal', 'Flying', '2026-03-07 16:15:04'),
(7194, 'spinarak', 167, 'Spinarak', 'Base', 'Bug', 'Poison', '2026-03-07 16:15:04'),
(7195, 'ariados', 168, 'Ariados', 'Base', 'Bug', 'Poison', '2026-03-07 16:15:04'),
(7196, 'chinchou', 170, 'Chinchou', 'Base', 'Water', 'Electric', '2026-03-07 16:15:04'),
(7197, 'lanturn', 171, 'Lanturn', 'Base', 'Water', 'Electric', '2026-03-07 16:15:04'),
(7198, 'pichu', 172, 'Pichu', 'Base', 'Electric', NULL, '2026-03-07 16:15:04'),
(7199, 'cleffa', 173, 'Cleffa', 'Base', 'Fairy', NULL, '2026-03-07 16:15:04'),
(7200, 'igglybuff', 174, 'Igglybuff', 'Base', 'Normal', 'Fairy', '2026-03-07 16:15:04'),
(7201, 'mareep', 179, 'Mareep', 'Base', 'Electric', NULL, '2026-03-07 16:15:04'),
(7202, 'flaaffy', 180, 'Flaaffy', 'Base', 'Electric', NULL, '2026-03-07 16:15:04'),
(7203, 'ampharos', 181, 'Ampharos', 'Base', 'Electric', NULL, '2026-03-07 16:15:04'),
(7204, 'bellossom', 182, 'Bellossom', 'Base', 'Grass', NULL, '2026-03-07 16:15:04'),
(7205, 'marill', 183, 'Marill', 'Base', 'Water', 'Fairy', '2026-03-07 16:15:04'),
(7206, 'azumarill', 184, 'Azumarill', 'Base', 'Water', 'Fairy', '2026-03-07 16:15:04'),
(7207, 'sudowoodo', 185, 'Sudowoodo', 'Base', 'Rock', NULL, '2026-03-07 16:15:04'),
(7208, 'politoed', 186, 'Politoed', 'Base', 'Water', NULL, '2026-03-07 16:15:04'),
(7209, 'hoppip', 187, 'Hoppip', 'Base', 'Grass', 'Flying', '2026-03-07 16:15:04'),
(7210, 'skiploom', 188, 'Skiploom', 'Base', 'Grass', 'Flying', '2026-03-07 16:15:04'),
(7211, 'jumpluff', 189, 'Jumpluff', 'Base', 'Grass', 'Flying', '2026-03-07 16:15:04'),
(7212, 'aipom', 190, 'Aipom', 'Base', 'Normal', NULL, '2026-03-07 16:15:04'),
(7213, 'sunkern', 191, 'Sunkern', 'Base', 'Grass', NULL, '2026-03-07 16:15:04'),
(7214, 'sunflora', 192, 'Sunflora', 'Base', 'Grass', NULL, '2026-03-07 16:15:04'),
(7215, 'yanma', 193, 'Yanma', 'Base', 'Bug', 'Flying', '2026-03-07 16:15:04'),
(7216, 'wooper', 194, 'Wooper', 'Base', 'Water', 'Ground', '2026-03-07 16:15:04'),
(7217, 'wooperpaldea', 194, 'Wooper-Paldea', 'Paldea', 'Poison', 'Ground', '2026-03-07 16:15:04'),
(7218, 'quagsire', 195, 'Quagsire', 'Base', 'Water', 'Ground', '2026-03-07 16:15:04'),
(7219, 'espeon', 196, 'Espeon', 'Base', 'Psychic', NULL, '2026-03-07 16:15:04'),
(7220, 'umbreon', 197, 'Umbreon', 'Base', 'Dark', NULL, '2026-03-07 16:15:04'),
(7221, 'murkrow', 198, 'Murkrow', 'Base', 'Dark', 'Flying', '2026-03-07 16:15:04'),
(7222, 'slowking', 199, 'Slowking', 'Base', 'Water', 'Psychic', '2026-03-07 16:15:04'),
(7223, 'slowkinggalar', 199, 'Slowking-Galar', 'Galar', 'Poison', 'Psychic', '2026-03-07 16:15:04'),
(7224, 'misdreavus', 200, 'Misdreavus', 'Base', 'Ghost', NULL, '2026-03-07 16:15:04'),
(7225, 'girafarig', 203, 'Girafarig', 'Base', 'Normal', 'Psychic', '2026-03-07 16:15:04'),
(7226, 'pineco', 204, 'Pineco', 'Base', 'Bug', NULL, '2026-03-07 16:15:04'),
(7227, 'forretress', 205, 'Forretress', 'Base', 'Bug', 'Steel', '2026-03-07 16:15:04'),
(7228, 'dunsparce', 206, 'Dunsparce', 'Base', 'Normal', NULL, '2026-03-07 16:15:04'),
(7229, 'gligar', 207, 'Gligar', 'Base', 'Ground', 'Flying', '2026-03-07 16:15:04'),
(7230, 'snubbull', 209, 'Snubbull', 'Base', 'Fairy', NULL, '2026-03-07 16:15:04'),
(7231, 'granbull', 210, 'Granbull', 'Base', 'Fairy', NULL, '2026-03-07 16:15:04'),
(7232, 'qwilfish', 211, 'Qwilfish', 'Base', 'Water', 'Poison', '2026-03-07 16:15:04'),
(7233, 'qwilfishhisui', 211, 'Qwilfish-Hisui', 'Hisui', 'Dark', 'Poison', '2026-03-07 16:15:04'),
(7234, 'scizor', 212, 'Scizor', 'Base', 'Bug', 'Steel', '2026-03-07 16:15:04'),
(7235, 'heracross', 214, 'Heracross', 'Base', 'Bug', 'Fighting', '2026-03-07 16:15:04'),
(7236, 'sneasel', 215, 'Sneasel', 'Base', 'Dark', 'Ice', '2026-03-07 16:15:04'),
(7237, 'sneaselhisui', 215, 'Sneasel-Hisui', 'Hisui', 'Fighting', 'Poison', '2026-03-07 16:15:04'),
(7238, 'teddiursa', 216, 'Teddiursa', 'Base', 'Normal', NULL, '2026-03-07 16:15:04'),
(7239, 'ursaring', 217, 'Ursaring', 'Base', 'Normal', NULL, '2026-03-07 16:15:04'),
(7240, 'slugma', 218, 'Slugma', 'Base', 'Fire', NULL, '2026-03-07 16:15:04'),
(7241, 'magcargo', 219, 'Magcargo', 'Base', 'Fire', 'Rock', '2026-03-07 16:15:04'),
(7242, 'swinub', 220, 'Swinub', 'Base', 'Ice', 'Ground', '2026-03-07 16:15:04'),
(7243, 'piloswine', 221, 'Piloswine', 'Base', 'Ice', 'Ground', '2026-03-07 16:15:04'),
(7244, 'delibird', 225, 'Delibird', 'Base', 'Ice', 'Flying', '2026-03-07 16:15:04'),
(7245, 'skarmory', 227, 'Skarmory', 'Base', 'Steel', 'Flying', '2026-03-07 16:15:04'),
(7246, 'houndour', 228, 'Houndour', 'Base', 'Dark', 'Fire', '2026-03-07 16:15:04'),
(7247, 'houndoom', 229, 'Houndoom', 'Base', 'Dark', 'Fire', '2026-03-07 16:15:04'),
(7248, 'kingdra', 230, 'Kingdra', 'Base', 'Water', 'Dragon', '2026-03-07 16:15:04'),
(7249, 'phanpy', 231, 'Phanpy', 'Base', 'Ground', NULL, '2026-03-07 16:15:04'),
(7250, 'donphan', 232, 'Donphan', 'Base', 'Ground', NULL, '2026-03-07 16:15:04'),
(7251, 'porygon2', 233, 'Porygon2', 'Base', 'Normal', NULL, '2026-03-07 16:15:04'),
(7252, 'stantler', 234, 'Stantler', 'Base', 'Normal', NULL, '2026-03-07 16:15:04'),
(7253, 'smeargle', 235, 'Smeargle', 'Base', 'Normal', NULL, '2026-03-07 16:15:04'),
(7254, 'tyrogue', 236, 'Tyrogue', 'Base', 'Fighting', NULL, '2026-03-07 16:15:04'),
(7255, 'hitmontop', 237, 'Hitmontop', 'Base', 'Fighting', NULL, '2026-03-07 16:15:04'),
(7256, 'elekid', 239, 'Elekid', 'Base', 'Electric', NULL, '2026-03-07 16:15:04'),
(7257, 'magby', 240, 'Magby', 'Base', 'Fire', NULL, '2026-03-07 16:15:04'),
(7258, 'blissey', 242, 'Blissey', 'Base', 'Normal', NULL, '2026-03-07 16:15:04'),
(7259, 'raikou', 243, 'Raikou', 'Base', 'Electric', NULL, '2026-03-07 16:15:04'),
(7260, 'entei', 244, 'Entei', 'Base', 'Fire', NULL, '2026-03-07 16:15:04'),
(7261, 'suicune', 245, 'Suicune', 'Base', 'Water', NULL, '2026-03-07 16:15:04'),
(7262, 'larvitar', 246, 'Larvitar', 'Base', 'Rock', 'Ground', '2026-03-07 16:15:04'),
(7263, 'pupitar', 247, 'Pupitar', 'Base', 'Rock', 'Ground', '2026-03-07 16:15:04'),
(7264, 'tyranitar', 248, 'Tyranitar', 'Base', 'Rock', 'Dark', '2026-03-07 16:15:04'),
(7265, 'lugia', 249, 'Lugia', 'Base', 'Psychic', 'Flying', '2026-03-07 16:15:04'),
(7266, 'hooh', 250, 'Ho-Oh', 'Base', 'Fire', 'Flying', '2026-03-07 16:15:04'),
(7267, 'treecko', 252, 'Treecko', 'Base', 'Grass', NULL, '2026-03-07 16:15:04'),
(7268, 'grovyle', 253, 'Grovyle', 'Base', 'Grass', NULL, '2026-03-07 16:15:04'),
(7269, 'sceptile', 254, 'Sceptile', 'Base', 'Grass', NULL, '2026-03-07 16:15:04'),
(7270, 'torchic', 255, 'Torchic', 'Base', 'Fire', NULL, '2026-03-07 16:15:04'),
(7271, 'combusken', 256, 'Combusken', 'Base', 'Fire', 'Fighting', '2026-03-07 16:15:04'),
(7272, 'blaziken', 257, 'Blaziken', 'Base', 'Fire', 'Fighting', '2026-03-07 16:15:04'),
(7273, 'mudkip', 258, 'Mudkip', 'Base', 'Water', NULL, '2026-03-07 16:15:04'),
(7274, 'marshtomp', 259, 'Marshtomp', 'Base', 'Water', 'Ground', '2026-03-07 16:15:04'),
(7275, 'swampert', 260, 'Swampert', 'Base', 'Water', 'Ground', '2026-03-07 16:15:04'),
(7276, 'poochyena', 261, 'Poochyena', 'Base', 'Dark', NULL, '2026-03-07 16:15:04'),
(7277, 'mightyena', 262, 'Mightyena', 'Base', 'Dark', NULL, '2026-03-07 16:15:04'),
(7278, 'lotad', 270, 'Lotad', 'Base', 'Water', 'Grass', '2026-03-07 16:15:04'),
(7279, 'lombre', 271, 'Lombre', 'Base', 'Water', 'Grass', '2026-03-07 16:15:04'),
(7280, 'ludicolo', 272, 'Ludicolo', 'Base', 'Water', 'Grass', '2026-03-07 16:15:04'),
(7281, 'seedot', 273, 'Seedot', 'Base', 'Grass', NULL, '2026-03-07 16:15:04'),
(7282, 'nuzleaf', 274, 'Nuzleaf', 'Base', 'Grass', 'Dark', '2026-03-07 16:15:04'),
(7283, 'shiftry', 275, 'Shiftry', 'Base', 'Grass', 'Dark', '2026-03-07 16:15:04'),
(7284, 'wingull', 278, 'Wingull', 'Base', 'Water', 'Flying', '2026-03-07 16:15:04'),
(7285, 'pelipper', 279, 'Pelipper', 'Base', 'Water', 'Flying', '2026-03-07 16:15:04'),
(7286, 'ralts', 280, 'Ralts', 'Base', 'Psychic', 'Fairy', '2026-03-07 16:15:04'),
(7287, 'kirlia', 281, 'Kirlia', 'Base', 'Psychic', 'Fairy', '2026-03-07 16:15:04'),
(7288, 'gardevoir', 282, 'Gardevoir', 'Base', 'Psychic', 'Fairy', '2026-03-07 16:15:04'),
(7289, 'surskit', 283, 'Surskit', 'Base', 'Bug', 'Water', '2026-03-07 16:15:04'),
(7290, 'masquerain', 284, 'Masquerain', 'Base', 'Bug', 'Flying', '2026-03-07 16:15:04'),
(7291, 'shroomish', 285, 'Shroomish', 'Base', 'Grass', NULL, '2026-03-07 16:15:04'),
(7292, 'breloom', 286, 'Breloom', 'Base', 'Grass', 'Fighting', '2026-03-07 16:15:04'),
(7293, 'slakoth', 287, 'Slakoth', 'Base', 'Normal', NULL, '2026-03-07 16:15:04'),
(7294, 'vigoroth', 288, 'Vigoroth', 'Base', 'Normal', NULL, '2026-03-07 16:15:04'),
(7295, 'slaking', 289, 'Slaking', 'Base', 'Normal', NULL, '2026-03-07 16:15:04'),
(7296, 'makuhita', 296, 'Makuhita', 'Base', 'Fighting', NULL, '2026-03-07 16:15:04'),
(7297, 'hariyama', 297, 'Hariyama', 'Base', 'Fighting', NULL, '2026-03-07 16:15:04'),
(7298, 'azurill', 298, 'Azurill', 'Base', 'Normal', 'Fairy', '2026-03-07 16:15:04'),
(7299, 'nosepass', 299, 'Nosepass', 'Base', 'Rock', NULL, '2026-03-07 16:15:04'),
(7300, 'sableye', 302, 'Sableye', 'Base', 'Dark', 'Ghost', '2026-03-07 16:15:04'),
(7301, 'meditite', 307, 'Meditite', 'Base', 'Fighting', 'Psychic', '2026-03-07 16:15:04'),
(7302, 'medicham', 308, 'Medicham', 'Base', 'Fighting', 'Psychic', '2026-03-07 16:15:04'),
(7303, 'plusle', 311, 'Plusle', 'Base', 'Electric', NULL, '2026-03-07 16:15:04'),
(7304, 'minun', 312, 'Minun', 'Base', 'Electric', NULL, '2026-03-07 16:15:04'),
(7305, 'volbeat', 313, 'Volbeat', 'Base', 'Bug', NULL, '2026-03-07 16:15:04'),
(7306, 'illumise', 314, 'Illumise', 'Base', 'Bug', NULL, '2026-03-07 16:15:04'),
(7307, 'gulpin', 316, 'Gulpin', 'Base', 'Poison', NULL, '2026-03-07 16:15:04'),
(7308, 'swalot', 317, 'Swalot', 'Base', 'Poison', NULL, '2026-03-07 16:15:04'),
(7309, 'numel', 322, 'Numel', 'Base', 'Fire', 'Ground', '2026-03-07 16:15:04'),
(7310, 'camerupt', 323, 'Camerupt', 'Base', 'Fire', 'Ground', '2026-03-07 16:15:04'),
(7311, 'torkoal', 324, 'Torkoal', 'Base', 'Fire', NULL, '2026-03-07 16:15:04'),
(7312, 'spoink', 325, 'Spoink', 'Base', 'Psychic', NULL, '2026-03-07 16:15:04'),
(7313, 'grumpig', 326, 'Grumpig', 'Base', 'Psychic', NULL, '2026-03-07 16:15:04'),
(7314, 'trapinch', 328, 'Trapinch', 'Base', 'Ground', NULL, '2026-03-07 16:15:04'),
(7315, 'vibrava', 329, 'Vibrava', 'Base', 'Ground', 'Dragon', '2026-03-07 16:15:04'),
(7316, 'flygon', 330, 'Flygon', 'Base', 'Ground', 'Dragon', '2026-03-07 16:15:04'),
(7317, 'cacnea', 331, 'Cacnea', 'Base', 'Grass', NULL, '2026-03-07 16:15:04'),
(7318, 'cacturne', 332, 'Cacturne', 'Base', 'Grass', 'Dark', '2026-03-07 16:15:04'),
(7319, 'swablu', 333, 'Swablu', 'Base', 'Normal', 'Flying', '2026-03-07 16:15:04'),
(7320, 'altaria', 334, 'Altaria', 'Base', 'Dragon', 'Flying', '2026-03-07 16:15:04'),
(7321, 'zangoose', 335, 'Zangoose', 'Base', 'Normal', NULL, '2026-03-07 16:15:04'),
(7322, 'seviper', 336, 'Seviper', 'Base', 'Poison', NULL, '2026-03-07 16:15:04'),
(7323, 'barboach', 339, 'Barboach', 'Base', 'Water', 'Ground', '2026-03-07 16:15:04'),
(7324, 'whiscash', 340, 'Whiscash', 'Base', 'Water', 'Ground', '2026-03-07 16:15:04'),
(7325, 'corphish', 341, 'Corphish', 'Base', 'Water', NULL, '2026-03-07 16:15:04'),
(7326, 'crawdaunt', 342, 'Crawdaunt', 'Base', 'Water', 'Dark', '2026-03-07 16:15:04'),
(7327, 'feebas', 349, 'Feebas', 'Base', 'Water', NULL, '2026-03-07 16:15:04'),
(7328, 'milotic', 350, 'Milotic', 'Base', 'Water', NULL, '2026-03-07 16:15:04'),
(7329, 'shuppet', 353, 'Shuppet', 'Base', 'Ghost', NULL, '2026-03-07 16:15:04'),
(7330, 'banette', 354, 'Banette', 'Base', 'Ghost', NULL, '2026-03-07 16:15:04'),
(7331, 'duskull', 355, 'Duskull', 'Base', 'Ghost', NULL, '2026-03-07 16:15:04'),
(7332, 'dusclops', 356, 'Dusclops', 'Base', 'Ghost', NULL, '2026-03-07 16:15:04'),
(7333, 'tropius', 357, 'Tropius', 'Base', 'Grass', 'Flying', '2026-03-07 16:15:04'),
(7334, 'chimecho', 358, 'Chimecho', 'Base', 'Psychic', NULL, '2026-03-07 16:15:04'),
(7335, 'snorunt', 361, 'Snorunt', 'Base', 'Ice', NULL, '2026-03-07 16:15:04'),
(7336, 'glalie', 362, 'Glalie', 'Base', 'Ice', NULL, '2026-03-07 16:15:04'),
(7337, 'luvdisc', 370, 'Luvdisc', 'Base', 'Water', NULL, '2026-03-07 16:15:04'),
(7338, 'bagon', 371, 'Bagon', 'Base', 'Dragon', NULL, '2026-03-07 16:15:04'),
(7339, 'shelgon', 372, 'Shelgon', 'Base', 'Dragon', NULL, '2026-03-07 16:15:04'),
(7340, 'salamence', 373, 'Salamence', 'Base', 'Dragon', 'Flying', '2026-03-07 16:15:04'),
(7341, 'beldum', 374, 'Beldum', 'Base', 'Steel', 'Psychic', '2026-03-07 16:15:04'),
(7342, 'metang', 375, 'Metang', 'Base', 'Steel', 'Psychic', '2026-03-07 16:15:04'),
(7343, 'metagross', 376, 'Metagross', 'Base', 'Steel', 'Psychic', '2026-03-07 16:15:04'),
(7344, 'regirock', 377, 'Regirock', 'Base', 'Rock', NULL, '2026-03-07 16:15:04'),
(7345, 'regice', 378, 'Regice', 'Base', 'Ice', NULL, '2026-03-07 16:15:04'),
(7346, 'registeel', 379, 'Registeel', 'Base', 'Steel', NULL, '2026-03-07 16:15:04'),
(7347, 'latias', 380, 'Latias', 'Base', 'Dragon', 'Psychic', '2026-03-07 16:15:04'),
(7348, 'latios', 381, 'Latios', 'Base', 'Dragon', 'Psychic', '2026-03-07 16:15:04'),
(7349, 'kyogre', 382, 'Kyogre', 'Base', 'Water', NULL, '2026-03-07 16:15:04'),
(7350, 'groudon', 383, 'Groudon', 'Base', 'Ground', NULL, '2026-03-07 16:15:04'),
(7351, 'rayquaza', 384, 'Rayquaza', 'Base', 'Dragon', 'Flying', '2026-03-07 16:15:04'),
(7352, 'jirachi', 385, 'Jirachi', 'Base', 'Steel', 'Psychic', '2026-03-07 16:15:04'),
(7353, 'deoxys', 386, 'Deoxys', 'Normal', 'Psychic', NULL, '2026-03-07 16:15:04'),
(7354, 'deoxysattack', 386, 'Deoxys-Attack', 'Attack', 'Psychic', NULL, '2026-03-07 16:15:04'),
(7355, 'deoxysdefense', 386, 'Deoxys-Defense', 'Defense', 'Psychic', NULL, '2026-03-07 16:15:04'),
(7356, 'deoxysspeed', 386, 'Deoxys-Speed', 'Speed', 'Psychic', NULL, '2026-03-07 16:15:04'),
(7357, 'turtwig', 387, 'Turtwig', 'Base', 'Grass', NULL, '2026-03-07 16:15:04'),
(7358, 'grotle', 388, 'Grotle', 'Base', 'Grass', NULL, '2026-03-07 16:15:04'),
(7359, 'torterra', 389, 'Torterra', 'Base', 'Grass', 'Ground', '2026-03-07 16:15:04'),
(7360, 'chimchar', 390, 'Chimchar', 'Base', 'Fire', NULL, '2026-03-07 16:15:04'),
(7361, 'monferno', 391, 'Monferno', 'Base', 'Fire', 'Fighting', '2026-03-07 16:15:04'),
(7362, 'infernape', 392, 'Infernape', 'Base', 'Fire', 'Fighting', '2026-03-07 16:15:04'),
(7363, 'piplup', 393, 'Piplup', 'Base', 'Water', NULL, '2026-03-07 16:15:04'),
(7364, 'prinplup', 394, 'Prinplup', 'Base', 'Water', NULL, '2026-03-07 16:15:04'),
(7365, 'empoleon', 395, 'Empoleon', 'Base', 'Water', 'Steel', '2026-03-07 16:15:04'),
(7366, 'starly', 396, 'Starly', 'Base', 'Normal', 'Flying', '2026-03-07 16:15:04'),
(7367, 'staravia', 397, 'Staravia', 'Base', 'Normal', 'Flying', '2026-03-07 16:15:04'),
(7368, 'staraptor', 398, 'Staraptor', 'Base', 'Normal', 'Flying', '2026-03-07 16:15:04'),
(7369, 'kricketot', 401, 'Kricketot', 'Base', 'Bug', NULL, '2026-03-07 16:15:04'),
(7370, 'kricketune', 402, 'Kricketune', 'Base', 'Bug', NULL, '2026-03-07 16:15:04'),
(7371, 'shinx', 403, 'Shinx', 'Base', 'Electric', NULL, '2026-03-07 16:15:04'),
(7372, 'luxio', 404, 'Luxio', 'Base', 'Electric', NULL, '2026-03-07 16:15:04'),
(7373, 'luxray', 405, 'Luxray', 'Base', 'Electric', NULL, '2026-03-07 16:15:04'),
(7374, 'cranidos', 408, 'Cranidos', 'Base', 'Rock', NULL, '2026-03-07 16:15:04'),
(7375, 'rampardos', 409, 'Rampardos', 'Base', 'Rock', NULL, '2026-03-07 16:15:04'),
(7376, 'shieldon', 410, 'Shieldon', 'Base', 'Rock', 'Steel', '2026-03-07 16:15:04'),
(7377, 'bastiodon', 411, 'Bastiodon', 'Base', 'Rock', 'Steel', '2026-03-07 16:15:04'),
(7378, 'combee', 415, 'Combee', 'Base', 'Bug', 'Flying', '2026-03-07 16:15:04'),
(7379, 'vespiquen', 416, 'Vespiquen', 'Base', 'Bug', 'Flying', '2026-03-07 16:15:04'),
(7380, 'pachirisu', 417, 'Pachirisu', 'Base', 'Electric', NULL, '2026-03-07 16:15:04'),
(7381, 'buizel', 418, 'Buizel', 'Base', 'Water', NULL, '2026-03-07 16:15:04'),
(7382, 'floatzel', 419, 'Floatzel', 'Base', 'Water', NULL, '2026-03-07 16:15:04'),
(7383, 'shellos', 422, 'Shellos', 'West', 'Water', NULL, '2026-03-07 16:15:04'),
(7384, 'gastrodon', 423, 'Gastrodon', 'West', 'Water', 'Ground', '2026-03-07 16:15:04'),
(7385, 'ambipom', 424, 'Ambipom', 'Base', 'Normal', NULL, '2026-03-07 16:15:04'),
(7386, 'drifloon', 425, 'Drifloon', 'Base', 'Ghost', 'Flying', '2026-03-07 16:15:04'),
(7387, 'drifblim', 426, 'Drifblim', 'Base', 'Ghost', 'Flying', '2026-03-07 16:15:04'),
(7388, 'mismagius', 429, 'Mismagius', 'Base', 'Ghost', NULL, '2026-03-07 16:15:04'),
(7389, 'honchkrow', 430, 'Honchkrow', 'Base', 'Dark', 'Flying', '2026-03-07 16:15:04'),
(7390, 'chingling', 433, 'Chingling', 'Base', 'Psychic', NULL, '2026-03-07 16:15:04'),
(7391, 'stunky', 434, 'Stunky', 'Base', 'Poison', 'Dark', '2026-03-07 16:15:04'),
(7392, 'skuntank', 435, 'Skuntank', 'Base', 'Poison', 'Dark', '2026-03-07 16:15:04'),
(7393, 'bronzor', 436, 'Bronzor', 'Base', 'Steel', 'Psychic', '2026-03-07 16:15:04'),
(7394, 'bronzong', 437, 'Bronzong', 'Base', 'Steel', 'Psychic', '2026-03-07 16:15:04'),
(7395, 'bonsly', 438, 'Bonsly', 'Base', 'Rock', NULL, '2026-03-07 16:15:04'),
(7396, 'happiny', 440, 'Happiny', 'Base', 'Normal', NULL, '2026-03-07 16:15:04'),
(7397, 'spiritomb', 442, 'Spiritomb', 'Base', 'Ghost', 'Dark', '2026-03-07 16:15:04'),
(7398, 'gible', 443, 'Gible', 'Base', 'Dragon', 'Ground', '2026-03-07 16:15:04'),
(7399, 'gabite', 444, 'Gabite', 'Base', 'Dragon', 'Ground', '2026-03-07 16:15:04'),
(7400, 'garchomp', 445, 'Garchomp', 'Base', 'Dragon', 'Ground', '2026-03-07 16:15:04'),
(7401, 'munchlax', 446, 'Munchlax', 'Base', 'Normal', NULL, '2026-03-07 16:15:04'),
(7402, 'riolu', 447, 'Riolu', 'Base', 'Fighting', NULL, '2026-03-07 16:15:04'),
(7403, 'lucario', 448, 'Lucario', 'Base', 'Fighting', 'Steel', '2026-03-07 16:15:04'),
(7404, 'hippopotas', 449, 'Hippopotas', 'Base', 'Ground', NULL, '2026-03-07 16:15:04'),
(7405, 'hippowdon', 450, 'Hippowdon', 'Base', 'Ground', NULL, '2026-03-07 16:15:04'),
(7406, 'croagunk', 453, 'Croagunk', 'Base', 'Poison', 'Fighting', '2026-03-07 16:15:04'),
(7407, 'toxicroak', 454, 'Toxicroak', 'Base', 'Poison', 'Fighting', '2026-03-07 16:15:04'),
(7408, 'finneon', 456, 'Finneon', 'Base', 'Water', NULL, '2026-03-07 16:15:04'),
(7409, 'lumineon', 457, 'Lumineon', 'Base', 'Water', NULL, '2026-03-07 16:15:04'),
(7410, 'snover', 459, 'Snover', 'Base', 'Grass', 'Ice', '2026-03-07 16:15:04'),
(7411, 'abomasnow', 460, 'Abomasnow', 'Base', 'Grass', 'Ice', '2026-03-07 16:15:04'),
(7412, 'weavile', 461, 'Weavile', 'Base', 'Dark', 'Ice', '2026-03-07 16:15:04'),
(7413, 'magnezone', 462, 'Magnezone', 'Base', 'Electric', 'Steel', '2026-03-07 16:15:04'),
(7414, 'rhyperior', 464, 'Rhyperior', 'Base', 'Ground', 'Rock', '2026-03-07 16:15:04'),
(7415, 'electivire', 466, 'Electivire', 'Base', 'Electric', NULL, '2026-03-07 16:15:04'),
(7416, 'magmortar', 467, 'Magmortar', 'Base', 'Fire', NULL, '2026-03-07 16:15:04'),
(7417, 'yanmega', 469, 'Yanmega', 'Base', 'Bug', 'Flying', '2026-03-07 16:15:04'),
(7418, 'leafeon', 470, 'Leafeon', 'Base', 'Grass', NULL, '2026-03-07 16:15:04'),
(7419, 'glaceon', 471, 'Glaceon', 'Base', 'Ice', NULL, '2026-03-07 16:15:04'),
(7420, 'gliscor', 472, 'Gliscor', 'Base', 'Ground', 'Flying', '2026-03-07 16:15:04'),
(7421, 'mamoswine', 473, 'Mamoswine', 'Base', 'Ice', 'Ground', '2026-03-07 16:15:04'),
(7422, 'porygonz', 474, 'Porygon-Z', 'Base', 'Normal', NULL, '2026-03-07 16:15:04'),
(7423, 'gallade', 475, 'Gallade', 'Base', 'Psychic', 'Fighting', '2026-03-07 16:15:04'),
(7424, 'probopass', 476, 'Probopass', 'Base', 'Rock', 'Steel', '2026-03-07 16:15:04'),
(7425, 'dusknoir', 477, 'Dusknoir', 'Base', 'Ghost', NULL, '2026-03-07 16:15:04'),
(7426, 'froslass', 478, 'Froslass', 'Base', 'Ice', 'Ghost', '2026-03-07 16:15:04'),
(7427, 'rotom', 479, 'Rotom', 'Base', 'Electric', 'Ghost', '2026-03-07 16:15:04'),
(7428, 'rotomheat', 479, 'Rotom-Heat', 'Heat', 'Electric', 'Fire', '2026-03-07 16:15:04'),
(7429, 'rotomwash', 479, 'Rotom-Wash', 'Wash', 'Electric', 'Water', '2026-03-07 16:15:04'),
(7430, 'rotomfrost', 479, 'Rotom-Frost', 'Frost', 'Electric', 'Ice', '2026-03-07 16:15:04'),
(7431, 'rotomfan', 479, 'Rotom-Fan', 'Fan', 'Electric', 'Flying', '2026-03-07 16:15:04'),
(7432, 'rotommow', 479, 'Rotom-Mow', 'Mow', 'Electric', 'Grass', '2026-03-07 16:15:04'),
(7433, 'uxie', 480, 'Uxie', 'Base', 'Psychic', NULL, '2026-03-07 16:15:04'),
(7434, 'mesprit', 481, 'Mesprit', 'Base', 'Psychic', NULL, '2026-03-07 16:15:04'),
(7435, 'azelf', 482, 'Azelf', 'Base', 'Psychic', NULL, '2026-03-07 16:15:04'),
(7436, 'dialga', 483, 'Dialga', 'Base', 'Steel', 'Dragon', '2026-03-07 16:15:04'),
(7437, 'dialgaorigin', 483, 'Dialga-Origin', 'Origin', 'Steel', 'Dragon', '2026-03-07 16:15:04'),
(7438, 'palkia', 484, 'Palkia', 'Base', 'Water', 'Dragon', '2026-03-07 16:15:04'),
(7439, 'palkiaorigin', 484, 'Palkia-Origin', 'Origin', 'Water', 'Dragon', '2026-03-07 16:15:04'),
(7440, 'heatran', 485, 'Heatran', 'Base', 'Fire', 'Steel', '2026-03-07 16:15:04'),
(7441, 'regigigas', 486, 'Regigigas', 'Base', 'Normal', NULL, '2026-03-07 16:15:04'),
(7442, 'giratina', 487, 'Giratina', 'Altered', 'Ghost', 'Dragon', '2026-03-07 16:15:04'),
(7443, 'giratinaorigin', 487, 'Giratina-Origin', 'Origin', 'Ghost', 'Dragon', '2026-03-07 16:15:04'),
(7444, 'cresselia', 488, 'Cresselia', 'Base', 'Psychic', NULL, '2026-03-07 16:15:04'),
(7445, 'phione', 489, 'Phione', 'Base', 'Water', NULL, '2026-03-07 16:15:04'),
(7446, 'manaphy', 490, 'Manaphy', 'Base', 'Water', NULL, '2026-03-07 16:15:04'),
(7447, 'darkrai', 491, 'Darkrai', 'Base', 'Dark', NULL, '2026-03-07 16:15:04'),
(7448, 'shaymin', 492, 'Shaymin', 'Land', 'Grass', NULL, '2026-03-07 16:15:04'),
(7449, 'shayminsky', 492, 'Shaymin-Sky', 'Sky', 'Grass', 'Flying', '2026-03-07 16:15:04'),
(7450, 'arceus', 493, 'Arceus', 'Normal', 'Normal', NULL, '2026-03-07 16:15:04'),
(7451, 'arceusbug', 493, 'Arceus-Bug', 'Bug', 'Bug', NULL, '2026-03-07 16:15:04'),
(7452, 'arceusdark', 493, 'Arceus-Dark', 'Dark', 'Dark', NULL, '2026-03-07 16:15:04'),
(7453, 'arceusdragon', 493, 'Arceus-Dragon', 'Dragon', 'Dragon', NULL, '2026-03-07 16:15:04'),
(7454, 'arceuselectric', 493, 'Arceus-Electric', 'Electric', 'Electric', NULL, '2026-03-07 16:15:04'),
(7455, 'arceusfairy', 493, 'Arceus-Fairy', 'Fairy', 'Fairy', NULL, '2026-03-07 16:15:04'),
(7456, 'arceusfighting', 493, 'Arceus-Fighting', 'Fighting', 'Fighting', NULL, '2026-03-07 16:15:04'),
(7457, 'arceusfire', 493, 'Arceus-Fire', 'Fire', 'Fire', NULL, '2026-03-07 16:15:04'),
(7458, 'arceusflying', 493, 'Arceus-Flying', 'Flying', 'Flying', NULL, '2026-03-07 16:15:04'),
(7459, 'arceusghost', 493, 'Arceus-Ghost', 'Ghost', 'Ghost', NULL, '2026-03-07 16:15:04'),
(7460, 'arceusgrass', 493, 'Arceus-Grass', 'Grass', 'Grass', NULL, '2026-03-07 16:15:04'),
(7461, 'arceusground', 493, 'Arceus-Ground', 'Ground', 'Ground', NULL, '2026-03-07 16:15:04'),
(7462, 'arceusice', 493, 'Arceus-Ice', 'Ice', 'Ice', NULL, '2026-03-07 16:15:04'),
(7463, 'arceuspoison', 493, 'Arceus-Poison', 'Poison', 'Poison', NULL, '2026-03-07 16:15:04'),
(7464, 'arceuspsychic', 493, 'Arceus-Psychic', 'Psychic', 'Psychic', NULL, '2026-03-07 16:15:04'),
(7465, 'arceusrock', 493, 'Arceus-Rock', 'Rock', 'Rock', NULL, '2026-03-07 16:15:04'),
(7466, 'arceussteel', 493, 'Arceus-Steel', 'Steel', 'Steel', NULL, '2026-03-07 16:15:04'),
(7467, 'arceuswater', 493, 'Arceus-Water', 'Water', 'Water', NULL, '2026-03-07 16:15:04'),
(7468, 'snivy', 495, 'Snivy', 'Base', 'Grass', NULL, '2026-03-07 16:15:04'),
(7469, 'servine', 496, 'Servine', 'Base', 'Grass', NULL, '2026-03-07 16:15:04'),
(7470, 'serperior', 497, 'Serperior', 'Base', 'Grass', NULL, '2026-03-07 16:15:04'),
(7471, 'tepig', 498, 'Tepig', 'Base', 'Fire', NULL, '2026-03-07 16:15:04'),
(7472, 'pignite', 499, 'Pignite', 'Base', 'Fire', 'Fighting', '2026-03-07 16:15:04'),
(7473, 'emboar', 500, 'Emboar', 'Base', 'Fire', 'Fighting', '2026-03-07 16:15:04'),
(7474, 'oshawott', 501, 'Oshawott', 'Base', 'Water', NULL, '2026-03-07 16:15:04'),
(7475, 'dewott', 502, 'Dewott', 'Base', 'Water', NULL, '2026-03-07 16:15:04'),
(7476, 'samurott', 503, 'Samurott', 'Base', 'Water', NULL, '2026-03-07 16:15:04'),
(7477, 'samurotthisui', 503, 'Samurott-Hisui', 'Hisui', 'Water', 'Dark', '2026-03-07 16:15:04'),
(7478, 'blitzle', 522, 'Blitzle', 'Base', 'Electric', NULL, '2026-03-07 16:15:04'),
(7479, 'zebstrika', 523, 'Zebstrika', 'Base', 'Electric', NULL, '2026-03-07 16:15:04'),
(7480, 'drilbur', 529, 'Drilbur', 'Base', 'Ground', NULL, '2026-03-07 16:15:04'),
(7481, 'excadrill', 530, 'Excadrill', 'Base', 'Ground', 'Steel', '2026-03-07 16:15:04'),
(7482, 'timburr', 532, 'Timburr', 'Base', 'Fighting', NULL, '2026-03-07 16:15:04'),
(7483, 'gurdurr', 533, 'Gurdurr', 'Base', 'Fighting', NULL, '2026-03-07 16:15:04'),
(7484, 'conkeldurr', 534, 'Conkeldurr', 'Base', 'Fighting', NULL, '2026-03-07 16:15:04'),
(7485, 'sewaddle', 540, 'Sewaddle', 'Base', 'Bug', 'Grass', '2026-03-07 16:15:04'),
(7486, 'swadloon', 541, 'Swadloon', 'Base', 'Bug', 'Grass', '2026-03-07 16:15:04'),
(7487, 'leavanny', 542, 'Leavanny', 'Base', 'Bug', 'Grass', '2026-03-07 16:15:04'),
(7488, 'cottonee', 546, 'Cottonee', 'Base', 'Grass', 'Fairy', '2026-03-07 16:15:04'),
(7489, 'whimsicott', 547, 'Whimsicott', 'Base', 'Grass', 'Fairy', '2026-03-07 16:15:04'),
(7490, 'petilil', 548, 'Petilil', 'Base', 'Grass', NULL, '2026-03-07 16:15:04'),
(7491, 'lilligant', 549, 'Lilligant', 'Base', 'Grass', NULL, '2026-03-07 16:15:04'),
(7492, 'lilliganthisui', 549, 'Lilligant-Hisui', 'Hisui', 'Grass', 'Fighting', '2026-03-07 16:15:04'),
(7493, 'basculin', 550, 'Basculin', 'Red-Striped', 'Water', NULL, '2026-03-07 16:15:04'),
(7494, 'basculinbluestriped', 550, 'Basculin-Blue-Striped', 'Blue-Striped', 'Water', NULL, '2026-03-07 16:15:04'),
(7495, 'basculinwhitestriped', 550, 'Basculin-White-Striped', 'White-Striped', 'Water', NULL, '2026-03-07 16:15:04'),
(7496, 'sandile', 551, 'Sandile', 'Base', 'Ground', 'Dark', '2026-03-07 16:15:04'),
(7497, 'krokorok', 552, 'Krokorok', 'Base', 'Ground', 'Dark', '2026-03-07 16:15:04'),
(7498, 'krookodile', 553, 'Krookodile', 'Base', 'Ground', 'Dark', '2026-03-07 16:15:04'),
(7499, 'scraggy', 559, 'Scraggy', 'Base', 'Dark', 'Fighting', '2026-03-07 16:15:04'),
(7500, 'scrafty', 560, 'Scrafty', 'Base', 'Dark', 'Fighting', '2026-03-07 16:15:04'),
(7501, 'zorua', 570, 'Zorua', 'Base', 'Dark', NULL, '2026-03-07 16:15:04'),
(7502, 'zoruahisui', 570, 'Zorua-Hisui', 'Hisui', 'Normal', 'Ghost', '2026-03-07 16:15:04'),
(7503, 'zoroark', 571, 'Zoroark', 'Base', 'Dark', NULL, '2026-03-07 16:15:04'),
(7504, 'zoroarkhisui', 571, 'Zoroark-Hisui', 'Hisui', 'Normal', 'Ghost', '2026-03-07 16:15:04'),
(7505, 'minccino', 572, 'Minccino', 'Base', 'Normal', NULL, '2026-03-07 16:15:04'),
(7506, 'cinccino', 573, 'Cinccino', 'Base', 'Normal', NULL, '2026-03-07 16:15:04'),
(7507, 'gothita', 574, 'Gothita', 'Base', 'Psychic', NULL, '2026-03-07 16:15:04'),
(7508, 'gothorita', 575, 'Gothorita', 'Base', 'Psychic', NULL, '2026-03-07 16:15:04'),
(7509, 'gothitelle', 576, 'Gothitelle', 'Base', 'Psychic', NULL, '2026-03-07 16:15:04'),
(7510, 'solosis', 577, 'Solosis', 'Base', 'Psychic', NULL, '2026-03-07 16:15:04'),
(7511, 'duosion', 578, 'Duosion', 'Base', 'Psychic', NULL, '2026-03-07 16:15:04'),
(7512, 'reuniclus', 579, 'Reuniclus', 'Base', 'Psychic', NULL, '2026-03-07 16:15:04'),
(7513, 'ducklett', 580, 'Ducklett', 'Base', 'Water', 'Flying', '2026-03-07 16:15:04'),
(7514, 'swanna', 581, 'Swanna', 'Base', 'Water', 'Flying', '2026-03-07 16:15:04'),
(7515, 'deerling', 585, 'Deerling', 'Spring', 'Normal', 'Grass', '2026-03-07 16:15:04'),
(7516, 'sawsbuck', 586, 'Sawsbuck', 'Spring', 'Normal', 'Grass', '2026-03-07 16:15:04'),
(7517, 'foongus', 590, 'Foongus', 'Base', 'Grass', 'Poison', '2026-03-07 16:15:04'),
(7518, 'amoonguss', 591, 'Amoonguss', 'Base', 'Grass', 'Poison', '2026-03-07 16:15:04'),
(7519, 'alomomola', 594, 'Alomomola', 'Base', 'Water', NULL, '2026-03-07 16:15:04'),
(7520, 'joltik', 595, 'Joltik', 'Base', 'Bug', 'Electric', '2026-03-07 16:15:04'),
(7521, 'galvantula', 596, 'Galvantula', 'Base', 'Bug', 'Electric', '2026-03-07 16:15:04'),
(7522, 'tynamo', 602, 'Tynamo', 'Base', 'Electric', NULL, '2026-03-07 16:15:04'),
(7523, 'eelektrik', 603, 'Eelektrik', 'Base', 'Electric', NULL, '2026-03-07 16:15:04'),
(7524, 'eelektross', 604, 'Eelektross', 'Base', 'Electric', NULL, '2026-03-07 16:15:04'),
(7525, 'litwick', 607, 'Litwick', 'Base', 'Ghost', 'Fire', '2026-03-07 16:15:04'),
(7526, 'lampent', 608, 'Lampent', 'Base', 'Ghost', 'Fire', '2026-03-07 16:15:04'),
(7527, 'chandelure', 609, 'Chandelure', 'Base', 'Ghost', 'Fire', '2026-03-07 16:15:04'),
(7528, 'axew', 610, 'Axew', 'Base', 'Dragon', NULL, '2026-03-07 16:15:04'),
(7529, 'fraxure', 611, 'Fraxure', 'Base', 'Dragon', NULL, '2026-03-07 16:15:04'),
(7530, 'haxorus', 612, 'Haxorus', 'Base', 'Dragon', NULL, '2026-03-07 16:15:04'),
(7531, 'cubchoo', 613, 'Cubchoo', 'Base', 'Ice', NULL, '2026-03-07 16:15:04'),
(7532, 'beartic', 614, 'Beartic', 'Base', 'Ice', NULL, '2026-03-07 16:15:04'),
(7533, 'cryogonal', 615, 'Cryogonal', 'Base', 'Ice', NULL, '2026-03-07 16:15:04'),
(7534, 'mienfoo', 619, 'Mienfoo', 'Base', 'Fighting', NULL, '2026-03-07 16:15:04'),
(7535, 'mienshao', 620, 'Mienshao', 'Base', 'Fighting', NULL, '2026-03-07 16:15:04'),
(7536, 'golett', 622, 'Golett', 'Base', 'Ground', 'Ghost', '2026-03-07 16:15:04'),
(7537, 'golurk', 623, 'Golurk', 'Base', 'Ground', 'Ghost', '2026-03-07 16:15:04'),
(7538, 'pawniard', 624, 'Pawniard', 'Base', 'Dark', 'Steel', '2026-03-07 16:15:04'),
(7539, 'bisharp', 625, 'Bisharp', 'Base', 'Dark', 'Steel', '2026-03-07 16:15:04'),
(7540, 'rufflet', 627, 'Rufflet', 'Base', 'Normal', 'Flying', '2026-03-07 16:15:04'),
(7541, 'braviary', 628, 'Braviary', 'Base', 'Normal', 'Flying', '2026-03-07 16:15:04'),
(7542, 'braviaryhisui', 628, 'Braviary-Hisui', 'Hisui', 'Psychic', 'Flying', '2026-03-07 16:15:04'),
(7543, 'vullaby', 629, 'Vullaby', 'Base', 'Dark', 'Flying', '2026-03-07 16:15:04'),
(7544, 'mandibuzz', 630, 'Mandibuzz', 'Base', 'Dark', 'Flying', '2026-03-07 16:15:04'),
(7545, 'deino', 633, 'Deino', 'Base', 'Dark', 'Dragon', '2026-03-07 16:15:04'),
(7546, 'zweilous', 634, 'Zweilous', 'Base', 'Dark', 'Dragon', '2026-03-07 16:15:04'),
(7547, 'hydreigon', 635, 'Hydreigon', 'Base', 'Dark', 'Dragon', '2026-03-07 16:15:04'),
(7548, 'larvesta', 636, 'Larvesta', 'Base', 'Bug', 'Fire', '2026-03-07 16:15:04'),
(7549, 'volcarona', 637, 'Volcarona', 'Base', 'Bug', 'Fire', '2026-03-07 16:15:04'),
(7550, 'cobalion', 638, 'Cobalion', 'Base', 'Steel', 'Fighting', '2026-03-07 16:15:04'),
(7551, 'terrakion', 639, 'Terrakion', 'Base', 'Rock', 'Fighting', '2026-03-07 16:15:04'),
(7552, 'virizion', 640, 'Virizion', 'Base', 'Grass', 'Fighting', '2026-03-07 16:15:04'),
(7553, 'tornadus', 641, 'Tornadus', 'Incarnate', 'Flying', NULL, '2026-03-07 16:15:04'),
(7554, 'tornadustherian', 641, 'Tornadus-Therian', 'Therian', 'Flying', NULL, '2026-03-07 16:15:04'),
(7555, 'thundurus', 642, 'Thundurus', 'Incarnate', 'Electric', 'Flying', '2026-03-07 16:15:04'),
(7556, 'thundurustherian', 642, 'Thundurus-Therian', 'Therian', 'Electric', 'Flying', '2026-03-07 16:15:04'),
(7557, 'reshiram', 643, 'Reshiram', 'Base', 'Dragon', 'Fire', '2026-03-07 16:15:04'),
(7558, 'zekrom', 644, 'Zekrom', 'Base', 'Dragon', 'Electric', '2026-03-07 16:15:04'),
(7559, 'landorus', 645, 'Landorus', 'Incarnate', 'Ground', 'Flying', '2026-03-07 16:15:04'),
(7560, 'landorustherian', 645, 'Landorus-Therian', 'Therian', 'Ground', 'Flying', '2026-03-07 16:15:04'),
(7561, 'kyurem', 646, 'Kyurem', 'Base', 'Dragon', 'Ice', '2026-03-07 16:15:04'),
(7562, 'kyuremblack', 646, 'Kyurem-Black', 'Black', 'Dragon', 'Ice', '2026-03-07 16:15:04'),
(7563, 'kyuremwhite', 646, 'Kyurem-White', 'White', 'Dragon', 'Ice', '2026-03-07 16:15:04'),
(7564, 'keldeo', 647, 'Keldeo', 'Ordinary', 'Water', 'Fighting', '2026-03-07 16:15:04'),
(7565, 'keldeoresolute', 647, 'Keldeo-Resolute', 'Resolute', 'Water', 'Fighting', '2026-03-07 16:15:04'),
(7566, 'meloetta', 648, 'Meloetta', 'Aria', 'Normal', 'Psychic', '2026-03-07 16:15:04'),
(7567, 'meloettapirouette', 648, 'Meloetta-Pirouette', 'Pirouette', 'Normal', 'Fighting', '2026-03-07 16:15:04'),
(7568, 'chespin', 650, 'Chespin', 'Base', 'Grass', NULL, '2026-03-07 16:15:04'),
(7569, 'quilladin', 651, 'Quilladin', 'Base', 'Grass', NULL, '2026-03-07 16:15:04'),
(7570, 'chesnaught', 652, 'Chesnaught', 'Base', 'Grass', 'Fighting', '2026-03-07 16:15:04'),
(7571, 'fennekin', 653, 'Fennekin', 'Base', 'Fire', NULL, '2026-03-07 16:15:04'),
(7572, 'braixen', 654, 'Braixen', 'Base', 'Fire', NULL, '2026-03-07 16:15:04'),
(7573, 'delphox', 655, 'Delphox', 'Base', 'Fire', 'Psychic', '2026-03-07 16:15:04'),
(7574, 'froakie', 656, 'Froakie', 'Base', 'Water', NULL, '2026-03-07 16:15:04'),
(7575, 'frogadier', 657, 'Frogadier', 'Base', 'Water', NULL, '2026-03-07 16:15:04'),
(7576, 'greninja', 658, 'Greninja', 'Base', 'Water', 'Dark', '2026-03-07 16:15:04'),
(7577, 'greninjabond', 658, 'Greninja-Bond', 'Bond', 'Water', 'Dark', '2026-03-07 16:15:04'),
(7578, 'fletchling', 661, 'Fletchling', 'Base', 'Normal', 'Flying', '2026-03-07 16:15:04'),
(7579, 'fletchinder', 662, 'Fletchinder', 'Base', 'Fire', 'Flying', '2026-03-07 16:15:04'),
(7580, 'talonflame', 663, 'Talonflame', 'Base', 'Fire', 'Flying', '2026-03-07 16:15:04'),
(7581, 'scatterbug', 664, 'Scatterbug', 'Base', 'Bug', NULL, '2026-03-07 16:15:04'),
(7582, 'spewpa', 665, 'Spewpa', 'Base', 'Bug', NULL, '2026-03-07 16:15:04'),
(7583, 'vivillon', 666, 'Vivillon', 'Meadow', 'Bug', 'Flying', '2026-03-07 16:15:04'),
(7584, 'vivillonfancy', 666, 'Vivillon-Fancy', 'Fancy', 'Bug', 'Flying', '2026-03-07 16:15:04'),
(7585, 'vivillonpokeball', 666, 'Vivillon-Pokeball', 'Pokeball', 'Bug', 'Flying', '2026-03-07 16:15:04'),
(7586, 'litleo', 667, 'Litleo', 'Base', 'Fire', 'Normal', '2026-03-07 16:15:04'),
(7587, 'pyroar', 668, 'Pyroar', 'Base', 'Fire', 'Normal', '2026-03-07 16:15:04'),
(7588, 'flabebe', 669, 'Flabébé', 'Red', 'Fairy', NULL, '2026-03-07 16:15:04'),
(7589, 'floette', 670, 'Floette', 'Red', 'Fairy', NULL, '2026-03-07 16:15:04'),
(7590, 'florges', 671, 'Florges', 'Red', 'Fairy', NULL, '2026-03-07 16:15:04'),
(7591, 'skiddo', 672, 'Skiddo', 'Base', 'Grass', NULL, '2026-03-07 16:15:04'),
(7592, 'gogoat', 673, 'Gogoat', 'Base', 'Grass', NULL, '2026-03-07 16:15:04'),
(7593, 'espurr', 677, 'Espurr', 'Base', 'Psychic', NULL, '2026-03-07 16:15:04'),
(7594, 'meowstic', 678, 'Meowstic', 'M', 'Psychic', NULL, '2026-03-07 16:15:04'),
(7595, 'meowsticf', 678, 'Meowstic-F', 'F', 'Psychic', NULL, '2026-03-07 16:15:04'),
(7596, 'inkay', 686, 'Inkay', 'Base', 'Dark', 'Psychic', '2026-03-07 16:15:04'),
(7597, 'malamar', 687, 'Malamar', 'Base', 'Dark', 'Psychic', '2026-03-07 16:15:04'),
(7598, 'skrelp', 690, 'Skrelp', 'Base', 'Poison', 'Water', '2026-03-07 16:15:04'),
(7599, 'dragalge', 691, 'Dragalge', 'Base', 'Poison', 'Dragon', '2026-03-07 16:15:04'),
(7600, 'clauncher', 692, 'Clauncher', 'Base', 'Water', NULL, '2026-03-07 16:15:04'),
(7601, 'clawitzer', 693, 'Clawitzer', 'Base', 'Water', NULL, '2026-03-07 16:15:04'),
(7602, 'sylveon', 700, 'Sylveon', 'Base', 'Fairy', NULL, '2026-03-07 16:15:04'),
(7603, 'hawlucha', 701, 'Hawlucha', 'Base', 'Fighting', 'Flying', '2026-03-07 16:15:04'),
(7604, 'dedenne', 702, 'Dedenne', 'Base', 'Electric', 'Fairy', '2026-03-07 16:15:04'),
(7605, 'carbink', 703, 'Carbink', 'Base', 'Rock', 'Fairy', '2026-03-07 16:15:04'),
(7606, 'goomy', 704, 'Goomy', 'Base', 'Dragon', NULL, '2026-03-07 16:15:04'),
(7607, 'sliggoo', 705, 'Sliggoo', 'Base', 'Dragon', NULL, '2026-03-07 16:15:04'),
(7608, 'sliggoohisui', 705, 'Sliggoo-Hisui', 'Hisui', 'Steel', 'Dragon', '2026-03-07 16:15:04'),
(7609, 'goodra', 706, 'Goodra', 'Base', 'Dragon', NULL, '2026-03-07 16:15:04'),
(7610, 'goodrahisui', 706, 'Goodra-Hisui', 'Hisui', 'Steel', 'Dragon', '2026-03-07 16:15:04'),
(7611, 'klefki', 707, 'Klefki', 'Base', 'Steel', 'Fairy', '2026-03-07 16:15:04'),
(7612, 'phantump', 708, 'Phantump', 'Base', 'Ghost', 'Grass', '2026-03-07 16:15:04'),
(7613, 'trevenant', 709, 'Trevenant', 'Base', 'Ghost', 'Grass', '2026-03-07 16:15:04'),
(7614, 'bergmite', 712, 'Bergmite', 'Base', 'Ice', NULL, '2026-03-07 16:15:04'),
(7615, 'avalugg', 713, 'Avalugg', 'Base', 'Ice', NULL, '2026-03-07 16:15:04'),
(7616, 'avalugghisui', 713, 'Avalugg-Hisui', 'Hisui', 'Ice', 'Rock', '2026-03-07 16:15:04'),
(7617, 'noibat', 714, 'Noibat', 'Base', 'Flying', 'Dragon', '2026-03-07 16:15:04'),
(7618, 'noivern', 715, 'Noivern', 'Base', 'Flying', 'Dragon', '2026-03-07 16:15:04'),
(7619, 'diancie', 719, 'Diancie', 'Base', 'Rock', 'Fairy', '2026-03-07 16:15:04'),
(7620, 'hoopa', 720, 'Hoopa', 'Confined', 'Psychic', 'Ghost', '2026-03-07 16:15:04'),
(7621, 'hoopaunbound', 720, 'Hoopa-Unbound', 'Unbound', 'Psychic', 'Dark', '2026-03-07 16:15:04'),
(7622, 'volcanion', 721, 'Volcanion', 'Base', 'Fire', 'Water', '2026-03-07 16:15:04'),
(7623, 'rowlet', 722, 'Rowlet', 'Base', 'Grass', 'Flying', '2026-03-07 16:15:04'),
(7624, 'dartrix', 723, 'Dartrix', 'Base', 'Grass', 'Flying', '2026-03-07 16:15:04'),
(7625, 'decidueye', 724, 'Decidueye', 'Base', 'Grass', 'Ghost', '2026-03-07 16:15:04'),
(7626, 'decidueyehisui', 724, 'Decidueye-Hisui', 'Hisui', 'Grass', 'Fighting', '2026-03-07 16:15:04'),
(7627, 'litten', 725, 'Litten', 'Base', 'Fire', NULL, '2026-03-07 16:15:04'),
(7628, 'torracat', 726, 'Torracat', 'Base', 'Fire', NULL, '2026-03-07 16:15:04'),
(7629, 'incineroar', 727, 'Incineroar', 'Base', 'Fire', 'Dark', '2026-03-07 16:15:04'),
(7630, 'popplio', 728, 'Popplio', 'Base', 'Water', NULL, '2026-03-07 16:15:04'),
(7631, 'brionne', 729, 'Brionne', 'Base', 'Water', NULL, '2026-03-07 16:15:04'),
(7632, 'primarina', 730, 'Primarina', 'Base', 'Water', 'Fairy', '2026-03-07 16:15:04'),
(7633, 'pikipek', 731, 'Pikipek', 'Base', 'Normal', 'Flying', '2026-03-07 16:15:04'),
(7634, 'trumbeak', 732, 'Trumbeak', 'Base', 'Normal', 'Flying', '2026-03-07 16:15:04'),
(7635, 'toucannon', 733, 'Toucannon', 'Base', 'Normal', 'Flying', '2026-03-07 16:15:04'),
(7636, 'yungoos', 734, 'Yungoos', 'Base', 'Normal', NULL, '2026-03-07 16:15:04');
INSERT INTO `showdown_pkmn` (`id`, `showdown_key`, `showdown_id`, `name`, `form`, `type1`, `type2`, `created_at`) VALUES
(7637, 'gumshoos', 735, 'Gumshoos', 'Base', 'Normal', NULL, '2026-03-07 16:15:04'),
(7638, 'grubbin', 736, 'Grubbin', 'Base', 'Bug', NULL, '2026-03-07 16:15:04'),
(7639, 'charjabug', 737, 'Charjabug', 'Base', 'Bug', 'Electric', '2026-03-07 16:15:04'),
(7640, 'vikavolt', 738, 'Vikavolt', 'Base', 'Bug', 'Electric', '2026-03-07 16:15:04'),
(7641, 'crabrawler', 739, 'Crabrawler', 'Base', 'Fighting', NULL, '2026-03-07 16:15:04'),
(7642, 'crabominable', 740, 'Crabominable', 'Base', 'Fighting', 'Ice', '2026-03-07 16:15:04'),
(7643, 'oricorio', 741, 'Oricorio', 'Baile', 'Fire', 'Flying', '2026-03-07 16:15:04'),
(7644, 'oricoriopompom', 741, 'Oricorio-Pom-Pom', 'Pom-Pom', 'Electric', 'Flying', '2026-03-07 16:15:04'),
(7645, 'oricoriopau', 741, 'Oricorio-Pa\'u', 'Pa\'u', 'Psychic', 'Flying', '2026-03-07 16:15:04'),
(7646, 'oricoriosensu', 741, 'Oricorio-Sensu', 'Sensu', 'Ghost', 'Flying', '2026-03-07 16:15:04'),
(7647, 'cutiefly', 742, 'Cutiefly', 'Base', 'Bug', 'Fairy', '2026-03-07 16:15:04'),
(7648, 'ribombee', 743, 'Ribombee', 'Base', 'Bug', 'Fairy', '2026-03-07 16:15:04'),
(7649, 'rockruff', 744, 'Rockruff', 'Midday', 'Rock', NULL, '2026-03-07 16:15:04'),
(7650, 'rockruffdusk', 744, 'Rockruff-Dusk', 'Dusk', 'Rock', NULL, '2026-03-07 16:15:04'),
(7651, 'lycanroc', 745, 'Lycanroc', 'Midday', 'Rock', NULL, '2026-03-07 16:15:04'),
(7652, 'lycanrocmidnight', 745, 'Lycanroc-Midnight', 'Midnight', 'Rock', NULL, '2026-03-07 16:15:04'),
(7653, 'lycanrocdusk', 745, 'Lycanroc-Dusk', 'Dusk', 'Rock', NULL, '2026-03-07 16:15:04'),
(7654, 'mareanie', 747, 'Mareanie', 'Base', 'Poison', 'Water', '2026-03-07 16:15:04'),
(7655, 'toxapex', 748, 'Toxapex', 'Base', 'Poison', 'Water', '2026-03-07 16:15:04'),
(7656, 'mudbray', 749, 'Mudbray', 'Base', 'Ground', NULL, '2026-03-07 16:15:04'),
(7657, 'mudsdale', 750, 'Mudsdale', 'Base', 'Ground', NULL, '2026-03-07 16:15:04'),
(7658, 'dewpider', 751, 'Dewpider', 'Base', 'Water', 'Bug', '2026-03-07 16:15:04'),
(7659, 'araquanid', 752, 'Araquanid', 'Base', 'Water', 'Bug', '2026-03-07 16:15:04'),
(7660, 'fomantis', 753, 'Fomantis', 'Base', 'Grass', NULL, '2026-03-07 16:15:04'),
(7661, 'lurantis', 754, 'Lurantis', 'Base', 'Grass', NULL, '2026-03-07 16:15:04'),
(7662, 'salandit', 757, 'Salandit', 'Base', 'Poison', 'Fire', '2026-03-07 16:15:04'),
(7663, 'salazzle', 758, 'Salazzle', 'Base', 'Poison', 'Fire', '2026-03-07 16:15:04'),
(7664, 'bounsweet', 761, 'Bounsweet', 'Base', 'Grass', NULL, '2026-03-07 16:15:04'),
(7665, 'steenee', 762, 'Steenee', 'Base', 'Grass', NULL, '2026-03-07 16:15:04'),
(7666, 'tsareena', 763, 'Tsareena', 'Base', 'Grass', NULL, '2026-03-07 16:15:04'),
(7667, 'comfey', 764, 'Comfey', 'Base', 'Fairy', NULL, '2026-03-07 16:15:04'),
(7668, 'oranguru', 765, 'Oranguru', 'Base', 'Normal', 'Psychic', '2026-03-07 16:15:04'),
(7669, 'passimian', 766, 'Passimian', 'Base', 'Fighting', NULL, '2026-03-07 16:15:04'),
(7670, 'sandygast', 769, 'Sandygast', 'Base', 'Ghost', 'Ground', '2026-03-07 16:15:04'),
(7671, 'palossand', 770, 'Palossand', 'Base', 'Ghost', 'Ground', '2026-03-07 16:15:04'),
(7672, 'minior', 774, 'Minior', 'Red', 'Rock', 'Flying', '2026-03-07 16:15:04'),
(7673, 'miniormeteor', 774, 'Minior-Meteor', 'Meteor', 'Rock', 'Flying', '2026-03-07 16:15:04'),
(7674, 'komala', 775, 'Komala', 'Base', 'Normal', NULL, '2026-03-07 16:15:04'),
(7675, 'mimikyu', 778, 'Mimikyu', 'Disguised', 'Ghost', 'Fairy', '2026-03-07 16:15:04'),
(7676, 'mimikyubusted', 778, 'Mimikyu-Busted', 'Busted', 'Ghost', 'Fairy', '2026-03-07 16:15:04'),
(7677, 'bruxish', 779, 'Bruxish', 'Base', 'Water', 'Psychic', '2026-03-07 16:15:04'),
(7678, 'jangmoo', 782, 'Jangmo-o', 'Base', 'Dragon', NULL, '2026-03-07 16:15:04'),
(7679, 'hakamoo', 783, 'Hakamo-o', 'Base', 'Dragon', 'Fighting', '2026-03-07 16:15:04'),
(7680, 'kommoo', 784, 'Kommo-o', 'Base', 'Dragon', 'Fighting', '2026-03-07 16:15:04'),
(7681, 'cosmog', 789, 'Cosmog', 'Base', 'Psychic', NULL, '2026-03-07 16:15:04'),
(7682, 'cosmoem', 790, 'Cosmoem', 'Base', 'Psychic', NULL, '2026-03-07 16:15:04'),
(7683, 'solgaleo', 791, 'Solgaleo', 'Base', 'Psychic', 'Steel', '2026-03-07 16:15:04'),
(7684, 'lunala', 792, 'Lunala', 'Base', 'Psychic', 'Ghost', '2026-03-07 16:15:04'),
(7685, 'necrozma', 800, 'Necrozma', 'Base', 'Psychic', NULL, '2026-03-07 16:15:04'),
(7686, 'necrozmaduskmane', 800, 'Necrozma-Dusk-Mane', 'Dusk-Mane', 'Psychic', 'Steel', '2026-03-07 16:15:04'),
(7687, 'necrozmadawnwings', 800, 'Necrozma-Dawn-Wings', 'Dawn-Wings', 'Psychic', 'Ghost', '2026-03-07 16:15:04'),
(7688, 'magearna', 801, 'Magearna', 'Base', 'Steel', 'Fairy', '2026-03-07 16:15:04'),
(7689, 'magearnaoriginal', 801, 'Magearna-Original', 'Original', 'Steel', 'Fairy', '2026-03-07 16:15:04'),
(7690, 'grookey', 810, 'Grookey', 'Base', 'Grass', NULL, '2026-03-07 16:15:04'),
(7691, 'thwackey', 811, 'Thwackey', 'Base', 'Grass', NULL, '2026-03-07 16:15:04'),
(7692, 'rillaboom', 812, 'Rillaboom', 'Base', 'Grass', NULL, '2026-03-07 16:15:04'),
(7693, 'scorbunny', 813, 'Scorbunny', 'Base', 'Fire', NULL, '2026-03-07 16:15:04'),
(7694, 'raboot', 814, 'Raboot', 'Base', 'Fire', NULL, '2026-03-07 16:15:04'),
(7695, 'cinderace', 815, 'Cinderace', 'Base', 'Fire', NULL, '2026-03-07 16:15:04'),
(7696, 'sobble', 816, 'Sobble', 'Base', 'Water', NULL, '2026-03-07 16:15:04'),
(7697, 'drizzile', 817, 'Drizzile', 'Base', 'Water', NULL, '2026-03-07 16:15:04'),
(7698, 'inteleon', 818, 'Inteleon', 'Base', 'Water', NULL, '2026-03-07 16:15:04'),
(7699, 'skwovet', 819, 'Skwovet', 'Base', 'Normal', NULL, '2026-03-07 16:15:04'),
(7700, 'greedent', 820, 'Greedent', 'Base', 'Normal', NULL, '2026-03-07 16:15:04'),
(7701, 'rookidee', 821, 'Rookidee', 'Base', 'Flying', NULL, '2026-03-07 16:15:04'),
(7702, 'corvisquire', 822, 'Corvisquire', 'Base', 'Flying', NULL, '2026-03-07 16:15:04'),
(7703, 'corviknight', 823, 'Corviknight', 'Base', 'Flying', 'Steel', '2026-03-07 16:15:04'),
(7704, 'chewtle', 833, 'Chewtle', 'Base', 'Water', NULL, '2026-03-07 16:15:04'),
(7705, 'drednaw', 834, 'Drednaw', 'Base', 'Water', 'Rock', '2026-03-07 16:15:04'),
(7706, 'rolycoly', 837, 'Rolycoly', 'Base', 'Rock', NULL, '2026-03-07 16:15:04'),
(7707, 'carkol', 838, 'Carkol', 'Base', 'Rock', 'Fire', '2026-03-07 16:15:04'),
(7708, 'coalossal', 839, 'Coalossal', 'Base', 'Rock', 'Fire', '2026-03-07 16:15:04'),
(7709, 'applin', 840, 'Applin', 'Base', 'Grass', 'Dragon', '2026-03-07 16:15:04'),
(7710, 'flapple', 841, 'Flapple', 'Base', 'Grass', 'Dragon', '2026-03-07 16:15:04'),
(7711, 'appletun', 842, 'Appletun', 'Base', 'Grass', 'Dragon', '2026-03-07 16:15:04'),
(7712, 'silicobra', 843, 'Silicobra', 'Base', 'Ground', NULL, '2026-03-07 16:15:05'),
(7713, 'sandaconda', 844, 'Sandaconda', 'Base', 'Ground', NULL, '2026-03-07 16:15:05'),
(7714, 'cramorant', 845, 'Cramorant', 'Base', 'Flying', 'Water', '2026-03-07 16:15:05'),
(7715, 'cramorantgulping', 845, 'Cramorant-Gulping', 'Gulping', 'Flying', 'Water', '2026-03-07 16:15:05'),
(7716, 'cramorantgorging', 845, 'Cramorant-Gorging', 'Gorging', 'Flying', 'Water', '2026-03-07 16:15:05'),
(7717, 'arrokuda', 846, 'Arrokuda', 'Base', 'Water', NULL, '2026-03-07 16:15:05'),
(7718, 'barraskewda', 847, 'Barraskewda', 'Base', 'Water', NULL, '2026-03-07 16:15:05'),
(7719, 'toxel', 848, 'Toxel', 'Base', 'Electric', 'Poison', '2026-03-07 16:15:05'),
(7720, 'toxtricity', 849, 'Toxtricity', 'Amped', 'Electric', 'Poison', '2026-03-07 16:15:05'),
(7721, 'toxtricitylowkey', 849, 'Toxtricity-Low-Key', 'Low-Key', 'Electric', 'Poison', '2026-03-07 16:15:05'),
(7722, 'sinistea', 854, 'Sinistea', 'Phony', 'Ghost', NULL, '2026-03-07 16:15:05'),
(7723, 'sinisteaantique', 854, 'Sinistea-Antique', 'Antique', 'Ghost', NULL, '2026-03-07 16:15:05'),
(7724, 'polteageist', 855, 'Polteageist', 'Phony', 'Ghost', NULL, '2026-03-07 16:15:05'),
(7725, 'polteageistantique', 855, 'Polteageist-Antique', 'Antique', 'Ghost', NULL, '2026-03-07 16:15:05'),
(7726, 'hatenna', 856, 'Hatenna', 'Base', 'Psychic', NULL, '2026-03-07 16:15:05'),
(7727, 'hattrem', 857, 'Hattrem', 'Base', 'Psychic', NULL, '2026-03-07 16:15:05'),
(7728, 'hatterene', 858, 'Hatterene', 'Base', 'Psychic', 'Fairy', '2026-03-07 16:15:05'),
(7729, 'impidimp', 859, 'Impidimp', 'Base', 'Dark', 'Fairy', '2026-03-07 16:15:05'),
(7730, 'morgrem', 860, 'Morgrem', 'Base', 'Dark', 'Fairy', '2026-03-07 16:15:05'),
(7731, 'grimmsnarl', 861, 'Grimmsnarl', 'Base', 'Dark', 'Fairy', '2026-03-07 16:15:05'),
(7732, 'perrserker', 863, 'Perrserker', 'Base', 'Steel', NULL, '2026-03-07 16:15:05'),
(7733, 'milcery', 868, 'Milcery', 'Base', 'Fairy', NULL, '2026-03-07 16:15:05'),
(7734, 'alcremie', 869, 'Alcremie', 'Vanilla-Cream', 'Fairy', NULL, '2026-03-07 16:15:05'),
(7735, 'falinks', 870, 'Falinks', 'Base', 'Fighting', NULL, '2026-03-07 16:15:05'),
(7736, 'pincurchin', 871, 'Pincurchin', 'Base', 'Electric', NULL, '2026-03-07 16:15:05'),
(7737, 'snom', 872, 'Snom', 'Base', 'Ice', 'Bug', '2026-03-07 16:15:05'),
(7738, 'frosmoth', 873, 'Frosmoth', 'Base', 'Ice', 'Bug', '2026-03-07 16:15:05'),
(7739, 'stonjourner', 874, 'Stonjourner', 'Base', 'Rock', NULL, '2026-03-07 16:15:05'),
(7740, 'eiscue', 875, 'Eiscue', 'Ice', 'Ice', NULL, '2026-03-07 16:15:05'),
(7741, 'eiscuenoice', 875, 'Eiscue-Noice', 'Noice', 'Ice', NULL, '2026-03-07 16:15:05'),
(7742, 'indeedee', 876, 'Indeedee', 'M', 'Psychic', 'Normal', '2026-03-07 16:15:05'),
(7743, 'indeedeef', 876, 'Indeedee-F', 'F', 'Psychic', 'Normal', '2026-03-07 16:15:05'),
(7744, 'morpeko', 877, 'Morpeko', 'Full-Belly', 'Electric', 'Dark', '2026-03-07 16:15:05'),
(7745, 'morpekohangry', 877, 'Morpeko-Hangry', 'Hangry', 'Electric', 'Dark', '2026-03-07 16:15:05'),
(7746, 'cufant', 878, 'Cufant', 'Base', 'Steel', NULL, '2026-03-07 16:15:05'),
(7747, 'copperajah', 879, 'Copperajah', 'Base', 'Steel', NULL, '2026-03-07 16:15:05'),
(7748, 'duraludon', 884, 'Duraludon', 'Base', 'Steel', 'Dragon', '2026-03-07 16:15:05'),
(7749, 'dreepy', 885, 'Dreepy', 'Base', 'Dragon', 'Ghost', '2026-03-07 16:15:05'),
(7750, 'drakloak', 886, 'Drakloak', 'Base', 'Dragon', 'Ghost', '2026-03-07 16:15:05'),
(7751, 'dragapult', 887, 'Dragapult', 'Base', 'Dragon', 'Ghost', '2026-03-07 16:15:05'),
(7752, 'zacian', 888, 'Zacian', 'Hero', 'Fairy', NULL, '2026-03-07 16:15:05'),
(7753, 'zaciancrowned', 888, 'Zacian-Crowned', 'Crowned', 'Fairy', 'Steel', '2026-03-07 16:15:05'),
(7754, 'zamazenta', 889, 'Zamazenta', 'Hero', 'Fighting', NULL, '2026-03-07 16:15:05'),
(7755, 'zamazentacrowned', 889, 'Zamazenta-Crowned', 'Crowned', 'Fighting', 'Steel', '2026-03-07 16:15:05'),
(7756, 'eternatus', 890, 'Eternatus', 'Base', 'Poison', 'Dragon', '2026-03-07 16:15:05'),
(7757, 'kubfu', 891, 'Kubfu', 'Base', 'Fighting', NULL, '2026-03-07 16:15:05'),
(7758, 'urshifu', 892, 'Urshifu', 'Single-Strike', 'Fighting', 'Dark', '2026-03-07 16:15:05'),
(7759, 'urshifurapidstrike', 892, 'Urshifu-Rapid-Strike', 'Rapid-Strike', 'Fighting', 'Water', '2026-03-07 16:15:05'),
(7760, 'zarude', 893, 'Zarude', 'Base', 'Dark', 'Grass', '2026-03-07 16:15:05'),
(7761, 'zarudedada', 893, 'Zarude-Dada', 'Dada', 'Dark', 'Grass', '2026-03-07 16:15:05'),
(7762, 'regieleki', 894, 'Regieleki', 'Base', 'Electric', NULL, '2026-03-07 16:15:05'),
(7763, 'regidrago', 895, 'Regidrago', 'Base', 'Dragon', NULL, '2026-03-07 16:15:05'),
(7764, 'glastrier', 896, 'Glastrier', 'Base', 'Ice', NULL, '2026-03-07 16:15:05'),
(7765, 'spectrier', 897, 'Spectrier', 'Base', 'Ghost', NULL, '2026-03-07 16:15:05'),
(7766, 'calyrex', 898, 'Calyrex', 'Base', 'Psychic', 'Grass', '2026-03-07 16:15:05'),
(7767, 'calyrexice', 898, 'Calyrex-Ice', 'Ice', 'Psychic', 'Ice', '2026-03-07 16:15:05'),
(7768, 'calyrexshadow', 898, 'Calyrex-Shadow', 'Shadow', 'Psychic', 'Ghost', '2026-03-07 16:15:05'),
(7769, 'wyrdeer', 899, 'Wyrdeer', 'Base', 'Normal', 'Psychic', '2026-03-07 16:15:05'),
(7770, 'kleavor', 900, 'Kleavor', 'Base', 'Bug', 'Rock', '2026-03-07 16:15:05'),
(7771, 'ursaluna', 901, 'Ursaluna', 'Base', 'Ground', 'Normal', '2026-03-07 16:15:05'),
(7772, 'ursalunabloodmoon', 901, 'Ursaluna-Bloodmoon', 'Bloodmoon', 'Ground', 'Normal', '2026-03-07 16:15:05'),
(7773, 'basculegion', 902, 'Basculegion', 'M', 'Water', 'Ghost', '2026-03-07 16:15:05'),
(7774, 'basculegionf', 902, 'Basculegion-F', 'F', 'Water', 'Ghost', '2026-03-07 16:15:05'),
(7775, 'sneasler', 903, 'Sneasler', 'Base', 'Fighting', 'Poison', '2026-03-07 16:15:05'),
(7776, 'overqwil', 904, 'Overqwil', 'Base', 'Dark', 'Poison', '2026-03-07 16:15:05'),
(7777, 'enamorus', 905, 'Enamorus', 'Incarnate', 'Fairy', 'Flying', '2026-03-07 16:15:05'),
(7778, 'enamorustherian', 905, 'Enamorus-Therian', 'Therian', 'Fairy', 'Flying', '2026-03-07 16:15:05'),
(7779, 'sprigatito', 906, 'Sprigatito', 'Base', 'Grass', NULL, '2026-03-07 16:15:05'),
(7780, 'floragato', 907, 'Floragato', 'Base', 'Grass', NULL, '2026-03-07 16:15:05'),
(7781, 'meowscarada', 908, 'Meowscarada', 'Base', 'Grass', 'Dark', '2026-03-07 16:15:05'),
(7782, 'fuecoco', 909, 'Fuecoco', 'Base', 'Fire', NULL, '2026-03-07 16:15:05'),
(7783, 'crocalor', 910, 'Crocalor', 'Base', 'Fire', NULL, '2026-03-07 16:15:05'),
(7784, 'skeledirge', 911, 'Skeledirge', 'Base', 'Fire', 'Ghost', '2026-03-07 16:15:05'),
(7785, 'quaxly', 912, 'Quaxly', 'Base', 'Water', NULL, '2026-03-07 16:15:05'),
(7786, 'quaxwell', 913, 'Quaxwell', 'Base', 'Water', NULL, '2026-03-07 16:15:05'),
(7787, 'quaquaval', 914, 'Quaquaval', 'Base', 'Water', 'Fighting', '2026-03-07 16:15:05'),
(7788, 'lechonk', 915, 'Lechonk', 'Base', 'Normal', NULL, '2026-03-07 16:15:05'),
(7789, 'oinkologne', 916, 'Oinkologne', 'M', 'Normal', NULL, '2026-03-07 16:15:05'),
(7790, 'oinkolognef', 916, 'Oinkologne-F', 'F', 'Normal', NULL, '2026-03-07 16:15:05'),
(7791, 'tarountula', 917, 'Tarountula', 'Base', 'Bug', NULL, '2026-03-07 16:15:05'),
(7792, 'spidops', 918, 'Spidops', 'Base', 'Bug', NULL, '2026-03-07 16:15:05'),
(7793, 'nymble', 919, 'Nymble', 'Base', 'Bug', NULL, '2026-03-07 16:15:05'),
(7794, 'lokix', 920, 'Lokix', 'Base', 'Bug', 'Dark', '2026-03-07 16:15:05'),
(7795, 'pawmi', 921, 'Pawmi', 'Base', 'Electric', NULL, '2026-03-07 16:15:05'),
(7796, 'pawmo', 922, 'Pawmo', 'Base', 'Electric', 'Fighting', '2026-03-07 16:15:05'),
(7797, 'pawmot', 923, 'Pawmot', 'Base', 'Electric', 'Fighting', '2026-03-07 16:15:05'),
(7798, 'tandemaus', 924, 'Tandemaus', 'Base', 'Normal', NULL, '2026-03-07 16:15:05'),
(7799, 'maushold', 925, 'Maushold', 'Three', 'Normal', NULL, '2026-03-07 16:15:05'),
(7800, 'mausholdfour', 925, 'Maushold-Four', 'Four', 'Normal', NULL, '2026-03-07 16:15:05'),
(7801, 'fidough', 926, 'Fidough', 'Base', 'Fairy', NULL, '2026-03-07 16:15:05'),
(7802, 'dachsbun', 927, 'Dachsbun', 'Base', 'Fairy', NULL, '2026-03-07 16:15:05'),
(7803, 'smoliv', 928, 'Smoliv', 'Base', 'Grass', 'Normal', '2026-03-07 16:15:05'),
(7804, 'dolliv', 929, 'Dolliv', 'Base', 'Grass', 'Normal', '2026-03-07 16:15:05'),
(7805, 'arboliva', 930, 'Arboliva', 'Base', 'Grass', 'Normal', '2026-03-07 16:15:05'),
(7806, 'squawkabilly', 931, 'Squawkabilly', 'Green', 'Normal', 'Flying', '2026-03-07 16:15:05'),
(7807, 'squawkabillyblue', 931, 'Squawkabilly-Blue', 'Blue', 'Normal', 'Flying', '2026-03-07 16:15:05'),
(7808, 'squawkabillyyellow', 931, 'Squawkabilly-Yellow', 'Yellow', 'Normal', 'Flying', '2026-03-07 16:15:05'),
(7809, 'squawkabillywhite', 931, 'Squawkabilly-White', 'White', 'Normal', 'Flying', '2026-03-07 16:15:05'),
(7810, 'nacli', 932, 'Nacli', 'Base', 'Rock', NULL, '2026-03-07 16:15:05'),
(7811, 'naclstack', 933, 'Naclstack', 'Base', 'Rock', NULL, '2026-03-07 16:15:05'),
(7812, 'garganacl', 934, 'Garganacl', 'Base', 'Rock', NULL, '2026-03-07 16:15:05'),
(7813, 'charcadet', 935, 'Charcadet', 'Base', 'Fire', NULL, '2026-03-07 16:15:05'),
(7814, 'armarouge', 936, 'Armarouge', 'Base', 'Fire', 'Psychic', '2026-03-07 16:15:05'),
(7815, 'ceruledge', 937, 'Ceruledge', 'Base', 'Fire', 'Ghost', '2026-03-07 16:15:05'),
(7816, 'tadbulb', 938, 'Tadbulb', 'Base', 'Electric', NULL, '2026-03-07 16:15:05'),
(7817, 'bellibolt', 939, 'Bellibolt', 'Base', 'Electric', NULL, '2026-03-07 16:15:05'),
(7818, 'wattrel', 940, 'Wattrel', 'Base', 'Electric', 'Flying', '2026-03-07 16:15:05'),
(7819, 'kilowattrel', 941, 'Kilowattrel', 'Base', 'Electric', 'Flying', '2026-03-07 16:15:05'),
(7820, 'maschiff', 942, 'Maschiff', 'Base', 'Dark', NULL, '2026-03-07 16:15:05'),
(7821, 'mabosstiff', 943, 'Mabosstiff', 'Base', 'Dark', NULL, '2026-03-07 16:15:05'),
(7822, 'shroodle', 944, 'Shroodle', 'Base', 'Poison', 'Normal', '2026-03-07 16:15:05'),
(7823, 'grafaiai', 945, 'Grafaiai', 'Base', 'Poison', 'Normal', '2026-03-07 16:15:05'),
(7824, 'bramblin', 946, 'Bramblin', 'Base', 'Grass', 'Ghost', '2026-03-07 16:15:05'),
(7825, 'brambleghast', 947, 'Brambleghast', 'Base', 'Grass', 'Ghost', '2026-03-07 16:15:05'),
(7826, 'toedscool', 948, 'Toedscool', 'Base', 'Ground', 'Grass', '2026-03-07 16:15:05'),
(7827, 'toedscruel', 949, 'Toedscruel', 'Base', 'Ground', 'Grass', '2026-03-07 16:15:05'),
(7828, 'klawf', 950, 'Klawf', 'Base', 'Rock', NULL, '2026-03-07 16:15:05'),
(7829, 'capsakid', 951, 'Capsakid', 'Base', 'Grass', NULL, '2026-03-07 16:15:05'),
(7830, 'scovillain', 952, 'Scovillain', 'Base', 'Grass', 'Fire', '2026-03-07 16:15:05'),
(7831, 'rellor', 953, 'Rellor', 'Base', 'Bug', NULL, '2026-03-07 16:15:05'),
(7832, 'rabsca', 954, 'Rabsca', 'Base', 'Bug', 'Psychic', '2026-03-07 16:15:05'),
(7833, 'flittle', 955, 'Flittle', 'Base', 'Psychic', NULL, '2026-03-07 16:15:05'),
(7834, 'espathra', 956, 'Espathra', 'Base', 'Psychic', NULL, '2026-03-07 16:15:05'),
(7835, 'tinkatink', 957, 'Tinkatink', 'Base', 'Fairy', 'Steel', '2026-03-07 16:15:05'),
(7836, 'tinkatuff', 958, 'Tinkatuff', 'Base', 'Fairy', 'Steel', '2026-03-07 16:15:05'),
(7837, 'tinkaton', 959, 'Tinkaton', 'Base', 'Fairy', 'Steel', '2026-03-07 16:15:05'),
(7838, 'wiglett', 960, 'Wiglett', 'Base', 'Water', NULL, '2026-03-07 16:15:05'),
(7839, 'wugtrio', 961, 'Wugtrio', 'Base', 'Water', NULL, '2026-03-07 16:15:05'),
(7840, 'bombirdier', 962, 'Bombirdier', 'Base', 'Flying', 'Dark', '2026-03-07 16:15:05'),
(7841, 'finizen', 963, 'Finizen', 'Base', 'Water', NULL, '2026-03-07 16:15:05'),
(7842, 'palafin', 964, 'Palafin', 'Zero', 'Water', NULL, '2026-03-07 16:15:05'),
(7843, 'palafinhero', 964, 'Palafin-Hero', 'Hero', 'Water', NULL, '2026-03-07 16:15:05'),
(7844, 'varoom', 965, 'Varoom', 'Base', 'Steel', 'Poison', '2026-03-07 16:15:05'),
(7845, 'revavroom', 966, 'Revavroom', 'Base', 'Steel', 'Poison', '2026-03-07 16:15:05'),
(7846, 'cyclizar', 967, 'Cyclizar', 'Base', 'Dragon', 'Normal', '2026-03-07 16:15:05'),
(7847, 'orthworm', 968, 'Orthworm', 'Base', 'Steel', NULL, '2026-03-07 16:15:05'),
(7848, 'glimmet', 969, 'Glimmet', 'Base', 'Rock', 'Poison', '2026-03-07 16:15:05'),
(7849, 'glimmora', 970, 'Glimmora', 'Base', 'Rock', 'Poison', '2026-03-07 16:15:05'),
(7850, 'greavard', 971, 'Greavard', 'Base', 'Ghost', NULL, '2026-03-07 16:15:05'),
(7851, 'houndstone', 972, 'Houndstone', 'Base', 'Ghost', NULL, '2026-03-07 16:15:05'),
(7852, 'flamigo', 973, 'Flamigo', 'Base', 'Flying', 'Fighting', '2026-03-07 16:15:05'),
(7853, 'cetoddle', 974, 'Cetoddle', 'Base', 'Ice', NULL, '2026-03-07 16:15:05'),
(7854, 'cetitan', 975, 'Cetitan', 'Base', 'Ice', NULL, '2026-03-07 16:15:05'),
(7855, 'veluza', 976, 'Veluza', 'Base', 'Water', 'Psychic', '2026-03-07 16:15:05'),
(7856, 'dondozo', 977, 'Dondozo', 'Base', 'Water', NULL, '2026-03-07 16:15:05'),
(7857, 'tatsugiri', 978, 'Tatsugiri', 'Curly', 'Dragon', 'Water', '2026-03-07 16:15:05'),
(7858, 'tatsugiridroopy', 978, 'Tatsugiri-Droopy', 'Droopy', 'Dragon', 'Water', '2026-03-07 16:15:05'),
(7859, 'tatsugiristretchy', 978, 'Tatsugiri-Stretchy', 'Stretchy', 'Dragon', 'Water', '2026-03-07 16:15:05'),
(7860, 'annihilape', 979, 'Annihilape', 'Base', 'Fighting', 'Ghost', '2026-03-07 16:15:05'),
(7861, 'clodsire', 980, 'Clodsire', 'Base', 'Poison', 'Ground', '2026-03-07 16:15:05'),
(7862, 'farigiraf', 981, 'Farigiraf', 'Base', 'Normal', 'Psychic', '2026-03-07 16:15:05'),
(7863, 'dudunsparce', 982, 'Dudunsparce', 'Two-Segment', 'Normal', NULL, '2026-03-07 16:15:05'),
(7864, 'dudunsparcethreesegment', 982, 'Dudunsparce-Three-Segment', 'Three-Segment', 'Normal', NULL, '2026-03-07 16:15:05'),
(7865, 'kingambit', 983, 'Kingambit', 'Base', 'Dark', 'Steel', '2026-03-07 16:15:05'),
(7866, 'greattusk', 984, 'Great Tusk', 'Base', 'Ground', 'Fighting', '2026-03-07 16:15:05'),
(7867, 'screamtail', 985, 'Scream Tail', 'Base', 'Fairy', 'Psychic', '2026-03-07 16:15:05'),
(7868, 'brutebonnet', 986, 'Brute Bonnet', 'Base', 'Grass', 'Dark', '2026-03-07 16:15:05'),
(7869, 'fluttermane', 987, 'Flutter Mane', 'Base', 'Ghost', 'Fairy', '2026-03-07 16:15:05'),
(7870, 'slitherwing', 988, 'Slither Wing', 'Base', 'Bug', 'Fighting', '2026-03-07 16:15:05'),
(7871, 'sandyshocks', 989, 'Sandy Shocks', 'Base', 'Electric', 'Ground', '2026-03-07 16:15:05'),
(7872, 'irontreads', 990, 'Iron Treads', 'Base', 'Ground', 'Steel', '2026-03-07 16:15:05'),
(7873, 'ironbundle', 991, 'Iron Bundle', 'Base', 'Ice', 'Water', '2026-03-07 16:15:05'),
(7874, 'ironhands', 992, 'Iron Hands', 'Base', 'Fighting', 'Electric', '2026-03-07 16:15:05'),
(7875, 'ironjugulis', 993, 'Iron Jugulis', 'Base', 'Dark', 'Flying', '2026-03-07 16:15:05'),
(7876, 'ironmoth', 994, 'Iron Moth', 'Base', 'Fire', 'Poison', '2026-03-07 16:15:05'),
(7877, 'ironthorns', 995, 'Iron Thorns', 'Base', 'Rock', 'Electric', '2026-03-07 16:15:05'),
(7878, 'frigibax', 996, 'Frigibax', 'Base', 'Dragon', 'Ice', '2026-03-07 16:15:05'),
(7879, 'arctibax', 997, 'Arctibax', 'Base', 'Dragon', 'Ice', '2026-03-07 16:15:05'),
(7880, 'baxcalibur', 998, 'Baxcalibur', 'Base', 'Dragon', 'Ice', '2026-03-07 16:15:05'),
(7881, 'gimmighoul', 999, 'Gimmighoul', 'Chest', 'Ghost', NULL, '2026-03-07 16:15:05'),
(7882, 'gimmighoulroaming', 999, 'Gimmighoul-Roaming', 'Roaming', 'Ghost', NULL, '2026-03-07 16:15:05'),
(7883, 'gholdengo', 1000, 'Gholdengo', 'Base', 'Steel', 'Ghost', '2026-03-07 16:15:05'),
(7884, 'wochien', 1001, 'Wo-Chien', 'Base', 'Dark', 'Grass', '2026-03-07 16:15:05'),
(7885, 'chienpao', 1002, 'Chien-Pao', 'Base', 'Dark', 'Ice', '2026-03-07 16:15:05'),
(7886, 'tinglu', 1003, 'Ting-Lu', 'Base', 'Dark', 'Ground', '2026-03-07 16:15:05'),
(7887, 'chiyu', 1004, 'Chi-Yu', 'Base', 'Dark', 'Fire', '2026-03-07 16:15:05'),
(7888, 'roaringmoon', 1005, 'Roaring Moon', 'Base', 'Dragon', 'Dark', '2026-03-07 16:15:05'),
(7889, 'ironvaliant', 1006, 'Iron Valiant', 'Base', 'Fairy', 'Fighting', '2026-03-07 16:15:05'),
(7890, 'koraidon', 1007, 'Koraidon', 'Base', 'Fighting', 'Dragon', '2026-03-07 16:15:05'),
(7891, 'miraidon', 1008, 'Miraidon', 'Base', 'Electric', 'Dragon', '2026-03-07 16:15:05'),
(7892, 'walkingwake', 1009, 'Walking Wake', 'Base', 'Water', 'Dragon', '2026-03-07 16:15:05'),
(7893, 'ironleaves', 1010, 'Iron Leaves', 'Base', 'Grass', 'Psychic', '2026-03-07 16:15:05'),
(7894, 'dipplin', 1011, 'Dipplin', 'Base', 'Grass', 'Dragon', '2026-03-07 16:15:05'),
(7895, 'poltchageist', 1012, 'Poltchageist', 'Counterfeit', 'Grass', 'Ghost', '2026-03-07 16:15:05'),
(7896, 'poltchageistartisan', 1012, 'Poltchageist-Artisan', 'Artisan', 'Grass', 'Ghost', '2026-03-07 16:15:05'),
(7897, 'sinistcha', 1013, 'Sinistcha', 'Unremarkable', 'Grass', 'Ghost', '2026-03-07 16:15:05'),
(7898, 'sinistchamasterpiece', 1013, 'Sinistcha-Masterpiece', 'Masterpiece', 'Grass', 'Ghost', '2026-03-07 16:15:05'),
(7899, 'okidogi', 1014, 'Okidogi', 'Base', 'Poison', 'Fighting', '2026-03-07 16:15:05'),
(7900, 'munkidori', 1015, 'Munkidori', 'Base', 'Poison', 'Psychic', '2026-03-07 16:15:05'),
(7901, 'fezandipiti', 1016, 'Fezandipiti', 'Base', 'Poison', 'Fairy', '2026-03-07 16:15:05'),
(7902, 'ogerpon', 1017, 'Ogerpon', 'Teal', 'Grass', NULL, '2026-03-07 16:15:05'),
(7903, 'ogerponwellspring', 1017, 'Ogerpon-Wellspring', 'Wellspring', 'Grass', 'Water', '2026-03-07 16:15:05'),
(7904, 'ogerponhearthflame', 1017, 'Ogerpon-Hearthflame', 'Hearthflame', 'Grass', 'Fire', '2026-03-07 16:15:05'),
(7905, 'ogerponcornerstone', 1017, 'Ogerpon-Cornerstone', 'Cornerstone', 'Grass', 'Rock', '2026-03-07 16:15:05'),
(7906, 'ogerpontealtera', 1017, 'Ogerpon-Teal-Tera', 'Teal-Tera', 'Grass', NULL, '2026-03-07 16:15:05'),
(7907, 'ogerponwellspringtera', 1017, 'Ogerpon-Wellspring-Tera', 'Wellspring-Tera', 'Grass', 'Water', '2026-03-07 16:15:05'),
(7908, 'ogerponhearthflametera', 1017, 'Ogerpon-Hearthflame-Tera', 'Hearthflame-Tera', 'Grass', 'Fire', '2026-03-07 16:15:05'),
(7909, 'ogerponcornerstonetera', 1017, 'Ogerpon-Cornerstone-Tera', 'Cornerstone-Tera', 'Grass', 'Rock', '2026-03-07 16:15:05'),
(7910, 'archaludon', 1018, 'Archaludon', 'Base', 'Steel', 'Dragon', '2026-03-07 16:15:05'),
(7911, 'hydrapple', 1019, 'Hydrapple', 'Base', 'Grass', 'Dragon', '2026-03-07 16:15:05'),
(7912, 'gougingfire', 1020, 'Gouging Fire', 'Base', 'Fire', 'Dragon', '2026-03-07 16:15:05'),
(7913, 'ragingbolt', 1021, 'Raging Bolt', 'Base', 'Electric', 'Dragon', '2026-03-07 16:15:05'),
(7914, 'ironboulder', 1022, 'Iron Boulder', 'Base', 'Rock', 'Psychic', '2026-03-07 16:15:05'),
(7915, 'ironcrown', 1023, 'Iron Crown', 'Base', 'Steel', 'Psychic', '2026-03-07 16:15:05'),
(7916, 'terapagos', 1024, 'Terapagos', 'Base', 'Normal', NULL, '2026-03-07 16:15:05'),
(7917, 'terapagosterastal', 1024, 'Terapagos-Terastal', 'Terastal', 'Normal', NULL, '2026-03-07 16:15:05'),
(7918, 'terapagosstellar', 1024, 'Terapagos-Stellar', 'Stellar', 'Normal', NULL, '2026-03-07 16:15:05'),
(7919, 'pecharunt', 1025, 'Pecharunt', 'Base', 'Poison', 'Ghost', '2026-03-07 16:15:05');

-- --------------------------------------------------------

--
-- Table structure for table `users`
--

CREATE TABLE `users` (
  `id` int(11) NOT NULL,
  `email` varchar(255) NOT NULL,
  `password` varchar(255) NOT NULL,
  `gamerTag` varchar(100) NOT NULL,
  `created_at` datetime DEFAULT CURRENT_TIMESTAMP
) ENGINE=InnoDB DEFAULT CHARSET=utf8;

--
-- Dumping data for table `users`
--

INSERT INTO `users` (`id`, `email`, `password`, `gamerTag`, `created_at`) VALUES
(1, 'truburd@gmail.com', 'password', 'DZN', '2026-02-18 14:09:10'),
(2, 'user2@example.com', 'password2', 'player2', '2026-02-18 14:09:10'),
(3, 'user@example.com', 'password3', 'player3', '2026-02-20 16:28:31');

--
-- Indexes for dumped tables
--

--
-- Indexes for table `active_users`
--
ALTER TABLE `active_users`
  ADD PRIMARY KEY (`id`),
  ADD KEY `user_id` (`user_id`);

--
-- Indexes for table `drafted_pkmn`
--
ALTER TABLE `drafted_pkmn`
  ADD PRIMARY KEY (`id`),
  ADD UNIQUE KEY `unique_pokemon_per_season` (`season_id`,`showdown_pkmn`),
  ADD KEY `active_user` (`active_user`),
  ADD KEY `showdown_pkmn` (`showdown_pkmn`);

--
-- Indexes for table `draft_info`
--
ALTER TABLE `draft_info`
  ADD PRIMARY KEY (`id`);

--
-- Indexes for table `format_rules`
--
ALTER TABLE `format_rules`
  ADD PRIMARY KEY (`id`),
  ADD KEY `season_id` (`season_id`);

--
-- Indexes for table `leagues`
--
ALTER TABLE `leagues`
  ADD PRIMARY KEY (`league_id`);

--
-- Indexes for table `matchup`
--
ALTER TABLE `matchup`
  ADD PRIMARY KEY (`id`),
  ADD KEY `season_id` (`season_id`),
  ADD KEY `player1_active_user_id` (`player1_active_user_id`),
  ADD KEY `player2_active_user_id` (`player2_active_user_id`),
  ADD KEY `winner_active_user_id` (`winner_active_user_id`);

--
-- Indexes for table `match_pokemon_stats`
--
ALTER TABLE `match_pokemon_stats`
  ADD PRIMARY KEY (`id`),
  ADD KEY `matchup_id` (`matchup_id`),
  ADD KEY `roster_pkmn_id` (`roster_pkmn_id`);

--
-- Indexes for table `pkmn_tier`
--
ALTER TABLE `pkmn_tier`
  ADD PRIMARY KEY (`id`),
  ADD UNIQUE KEY `unique_pkmn_season` (`showdown_pkmn_id`,`season_id`),
  ADD KEY `season_id` (`season_id`);

--
-- Indexes for table `roster_pkmn`
--
ALTER TABLE `roster_pkmn`
  ADD PRIMARY KEY (`id`),
  ADD UNIQUE KEY `active_user` (`active_user`,`showdown_pkmn`),
  ADD UNIQUE KEY `unique_pokemon` (`showdown_pkmn`);

--
-- Indexes for table `seasons`
--
ALTER TABLE `seasons`
  ADD PRIMARY KEY (`season_id`),
  ADD UNIQUE KEY `league_id` (`league_id`,`season_number`);

--
-- Indexes for table `showdown_pkmn`
--
ALTER TABLE `showdown_pkmn`
  ADD PRIMARY KEY (`id`);

--
-- Indexes for table `users`
--
ALTER TABLE `users`
  ADD PRIMARY KEY (`id`),
  ADD UNIQUE KEY `email` (`email`),
  ADD UNIQUE KEY `gamerTag` (`gamerTag`);

--
-- AUTO_INCREMENT for dumped tables
--

--
-- AUTO_INCREMENT for table `active_users`
--
ALTER TABLE `active_users`
  MODIFY `id` int(11) NOT NULL AUTO_INCREMENT, AUTO_INCREMENT=11;

--
-- AUTO_INCREMENT for table `drafted_pkmn`
--
ALTER TABLE `drafted_pkmn`
  MODIFY `id` int(11) NOT NULL AUTO_INCREMENT, AUTO_INCREMENT=163;

--
-- AUTO_INCREMENT for table `draft_info`
--
ALTER TABLE `draft_info`
  MODIFY `id` int(11) NOT NULL AUTO_INCREMENT, AUTO_INCREMENT=3;

--
-- AUTO_INCREMENT for table `format_rules`
--
ALTER TABLE `format_rules`
  MODIFY `id` int(11) NOT NULL AUTO_INCREMENT, AUTO_INCREMENT=22;

--
-- AUTO_INCREMENT for table `leagues`
--
ALTER TABLE `leagues`
  MODIFY `league_id` int(11) NOT NULL AUTO_INCREMENT, AUTO_INCREMENT=2;

--
-- AUTO_INCREMENT for table `matchup`
--
ALTER TABLE `matchup`
  MODIFY `id` int(11) NOT NULL AUTO_INCREMENT, AUTO_INCREMENT=12;

--
-- AUTO_INCREMENT for table `match_pokemon_stats`
--
ALTER TABLE `match_pokemon_stats`
  MODIFY `id` int(11) NOT NULL AUTO_INCREMENT, AUTO_INCREMENT=132;

--
-- AUTO_INCREMENT for table `pkmn_tier`
--
ALTER TABLE `pkmn_tier`
  MODIFY `id` int(11) NOT NULL AUTO_INCREMENT, AUTO_INCREMENT=12399;

--
-- AUTO_INCREMENT for table `roster_pkmn`
--
ALTER TABLE `roster_pkmn`
  MODIFY `id` int(11) NOT NULL AUTO_INCREMENT, AUTO_INCREMENT=128;

--
-- AUTO_INCREMENT for table `seasons`
--
ALTER TABLE `seasons`
  MODIFY `season_id` int(11) NOT NULL AUTO_INCREMENT, AUTO_INCREMENT=1000;

--
-- AUTO_INCREMENT for table `showdown_pkmn`
--
ALTER TABLE `showdown_pkmn`
  MODIFY `id` int(11) NOT NULL AUTO_INCREMENT, AUTO_INCREMENT=7920;

--
-- AUTO_INCREMENT for table `users`
--
ALTER TABLE `users`
  MODIFY `id` int(11) NOT NULL AUTO_INCREMENT, AUTO_INCREMENT=4;

--
-- Constraints for dumped tables
--

--
-- Constraints for table `active_users`
--
ALTER TABLE `active_users`
  ADD CONSTRAINT `active_users_ibfk_1` FOREIGN KEY (`user_id`) REFERENCES `users` (`id`);

--
-- Constraints for table `drafted_pkmn`
--
ALTER TABLE `drafted_pkmn`
  ADD CONSTRAINT `drafted_pkmn_ibfk_1` FOREIGN KEY (`active_user`) REFERENCES `active_users` (`id`),
  ADD CONSTRAINT `drafted_pkmn_ibfk_2` FOREIGN KEY (`showdown_pkmn`) REFERENCES `showdown_pkmn` (`id`);

--
-- Constraints for table `format_rules`
--
ALTER TABLE `format_rules`
  ADD CONSTRAINT `format_rules_ibfk_1` FOREIGN KEY (`season_id`) REFERENCES `seasons` (`season_id`);

--
-- Constraints for table `matchup`
--
ALTER TABLE `matchup`
  ADD CONSTRAINT `matchup_ibfk_1` FOREIGN KEY (`season_id`) REFERENCES `seasons` (`season_id`) ON DELETE CASCADE,
  ADD CONSTRAINT `matchup_ibfk_2` FOREIGN KEY (`player1_active_user_id`) REFERENCES `active_users` (`id`) ON DELETE CASCADE,
  ADD CONSTRAINT `matchup_ibfk_3` FOREIGN KEY (`player2_active_user_id`) REFERENCES `active_users` (`id`) ON DELETE CASCADE,
  ADD CONSTRAINT `matchup_ibfk_4` FOREIGN KEY (`winner_active_user_id`) REFERENCES `active_users` (`id`) ON DELETE SET NULL;

--
-- Constraints for table `match_pokemon_stats`
--
ALTER TABLE `match_pokemon_stats`
  ADD CONSTRAINT `match_pokemon_stats_ibfk_1` FOREIGN KEY (`matchup_id`) REFERENCES `matchup` (`id`) ON DELETE CASCADE,
  ADD CONSTRAINT `match_pokemon_stats_ibfk_2` FOREIGN KEY (`roster_pkmn_id`) REFERENCES `roster_pkmn` (`id`) ON DELETE CASCADE;

--
-- Constraints for table `pkmn_tier`
--
ALTER TABLE `pkmn_tier`
  ADD CONSTRAINT `pkmn_tier_ibfk_1` FOREIGN KEY (`showdown_pkmn_id`) REFERENCES `showdown_pkmn` (`id`) ON DELETE CASCADE,
  ADD CONSTRAINT `pkmn_tier_ibfk_2` FOREIGN KEY (`season_id`) REFERENCES `seasons` (`season_id`) ON DELETE CASCADE;

--
-- Constraints for table `roster_pkmn`
--
ALTER TABLE `roster_pkmn`
  ADD CONSTRAINT `fk_roster_pokemon` FOREIGN KEY (`showdown_pkmn`) REFERENCES `showdown_pkmn` (`id`),
  ADD CONSTRAINT `fk_roster_user` FOREIGN KEY (`active_user`) REFERENCES `active_users` (`id`);

--
-- Constraints for table `seasons`
--
ALTER TABLE `seasons`
  ADD CONSTRAINT `seasons_ibfk_1` FOREIGN KEY (`league_id`) REFERENCES `leagues` (`league_id`);
COMMIT;

/*!40101 SET CHARACTER_SET_CLIENT=@OLD_CHARACTER_SET_CLIENT */;
/*!40101 SET CHARACTER_SET_RESULTS=@OLD_CHARACTER_SET_RESULTS */;
/*!40101 SET COLLATION_CONNECTION=@OLD_COLLATION_CONNECTION */;
