-- phpMyAdmin SQL Dump
-- version 5.1.2
-- https://www.phpmyadmin.net/
--
-- Host: localhost:3306
-- Generation Time: Mar 04, 2026 at 02:38 AM
-- Server version: 5.7.24
-- PHP Version: 8.3.1

SET SQL_MODE = "NO_AUTO_VALUE_ON_ZERO";
START TRANSACTION;
SET time_zone = "+00:00";


/*!40101 SET @OLD_CHARACTER_SET_CLIENT=@@CHARACTER_SET_CLIENT */;
/*!40101 SET @OLD_CHARACTER_SET_RESULTS=@@CHARACTER_SET_RESULTS */;
/*!40101 SET @OLD_COLLATION_CONNECTION=@@COLLATION_CONNECTION */;
/*!40101 SET NAMES utf8mb4 */;

--
-- Database: `ascent_league_db`
--

-- --------------------------------------------------------

--
-- Table structure for table `active_users`
--

CREATE TABLE `active_users` (
  `id` int(11) NOT NULL,
  `user_id` int(11) NOT NULL,
  `draft_pick` int(11) DEFAULT NULL,
  `wins` int(11) DEFAULT '0',
  `losses` int(11) DEFAULT '0',
  `season_id` int(11) NOT NULL DEFAULT '1'
) ENGINE=InnoDB DEFAULT CHARSET=utf8;

--
-- Dumping data for table `active_users`
--

INSERT INTO `active_users` (`id`, `user_id`, `draft_pick`, `wins`, `losses`, `season_id`) VALUES
(3, 1, 1, 0, 0, 1),
(4, 2, 2, 0, 0, 1),
(9, 1, 1, 0, 0, 999),
(10, 2, 2, 0, 0, 999);

-- --------------------------------------------------------

--
-- Table structure for table `drafted_pkmn`
--

CREATE TABLE `drafted_pkmn` (
  `id` int(11) NOT NULL,
  `season_id` int(11) NOT NULL,
  `active_user` int(11) NOT NULL,
  `showdown_pkmn` int(11) NOT NULL,
  `pick_number` int(11) NOT NULL,
  `drafted_at` datetime NOT NULL DEFAULT CURRENT_TIMESTAMP
) ENGINE=InnoDB DEFAULT CHARSET=utf8;

--
-- Dumping data for table `drafted_pkmn`
--

INSERT INTO `drafted_pkmn` (`id`, `season_id`, `active_user`, `showdown_pkmn`, `pick_number`, `drafted_at`) VALUES
(17, 999, 9, 235, 1, '2026-03-03 20:32:08'),
(18, 999, 10, 352, 2, '2026-03-03 20:33:02'),
(19, 999, 10, 2489, 3, '2026-03-03 20:33:53'),
(20, 999, 9, 2147, 4, '2026-03-03 20:50:27'),
(21, 999, 9, 329, 5, '2026-03-03 20:50:33'),
(22, 999, 10, 2418, 6, '2026-03-03 20:50:51'),
(23, 999, 10, 310, 7, '2026-03-03 20:50:55'),
(24, 999, 9, 2323, 8, '2026-03-03 21:13:13'),
(25, 999, 9, 2205, 9, '2026-03-03 21:13:19'),
(26, 999, 10, 2214, 10, '2026-03-03 21:13:28'),
(27, 999, 10, 2017, 11, '2026-03-03 21:13:31'),
(28, 999, 9, 2278, 12, '2026-03-03 21:13:40'),
(29, 999, 9, 2179, 13, '2026-03-03 21:13:55'),
(30, 999, 10, 136, 14, '2026-03-03 21:14:01'),
(33, 999, 10, 2043, 15, '2026-03-03 21:14:12'),
(34, 999, 9, 367, 16, '2026-03-03 21:14:20'),
(35, 999, 9, 532, 17, '2026-03-03 21:14:24'),
(36, 999, 10, 72, 18, '2026-03-03 21:14:31'),
(37, 999, 10, 229, 19, '2026-03-03 21:14:36'),
(42, 999, 9, 2164, 20, '2026-03-03 21:15:15'),
(43, 999, 9, 2415, 21, '2026-03-03 21:15:19'),
(45, 999, 10, 2122, 22, '2026-03-03 21:18:25'),
(46, 999, 10, 2354, 23, '2026-03-03 21:21:37'),
(47, 999, 9, 2468, 24, '2026-03-03 21:21:42'),
(48, 999, 9, 2331, 25, '2026-03-03 21:21:47');

-- --------------------------------------------------------

--
-- Table structure for table `draft_info`
--

CREATE TABLE `draft_info` (
  `id` int(11) NOT NULL,
  `season_id` int(11) NOT NULL,
  `current_pick` int(11) DEFAULT '1',
  `total_picks` int(11) NOT NULL,
  `direction` enum('up','down') DEFAULT 'up',
  `created_at` timestamp NOT NULL DEFAULT CURRENT_TIMESTAMP,
  `updated_at` timestamp NOT NULL DEFAULT CURRENT_TIMESTAMP ON UPDATE CURRENT_TIMESTAMP
) ENGINE=InnoDB DEFAULT CHARSET=utf8;

--
-- Dumping data for table `draft_info`
--

INSERT INTO `draft_info` (`id`, `season_id`, `current_pick`, `total_picks`, `direction`, `created_at`, `updated_at`) VALUES
(1, 12, 1, 0, 'up', '2026-02-23 21:47:29', '2026-03-03 20:03:38'),
(2, 999, 26, 2, 'up', '2026-03-03 20:47:36', '2026-03-04 02:21:47');

-- --------------------------------------------------------

--
-- Table structure for table `leagues`
--

CREATE TABLE `leagues` (
  `league_id` int(11) NOT NULL,
  `name` varchar(100) NOT NULL,
  `created` datetime NOT NULL
) ENGINE=InnoDB DEFAULT CHARSET=utf8;

--
-- Dumping data for table `leagues`
--

INSERT INTO `leagues` (`league_id`, `name`, `created`) VALUES
(1, 'Ascent Draft League', '2026-03-03 12:59:49');

-- --------------------------------------------------------

--
-- Table structure for table `legacy_stats_playoffs`
--

CREATE TABLE `legacy_stats_playoffs` (
  `id` int(2) DEFAULT NULL,
  `team_a` varchar(4) DEFAULT NULL,
  `team_b` varchar(4) DEFAULT NULL,
  `win` varchar(4) DEFAULT NULL,
  `loss` varchar(4) DEFAULT NULL,
  `season` int(2) DEFAULT NULL
) ENGINE=InnoDB DEFAULT CHARSET=utf8;

--
-- Dumping data for table `legacy_stats_playoffs`
--

INSERT INTO `legacy_stats_playoffs` (`id`, `team_a`, `team_b`, `win`, `loss`, `season`) VALUES
(1, 'dzn', 'rx', 'rx', 'dzn', 2),
(2, 'sgs', 'orng', 'sgs', 'orng', 2),
(3, 'rx', 'sgs', 'sgs', 'rx', 2),
(4, 'rx', 'krl', 'rx', 'krl', 3),
(5, 'orng', 'js', 'orng', 'js', 3),
(6, 'rx', 'sgs', 'sgs', 'rx', 3),
(7, 'dzn', 'orng', 'orng', 'dzn', 3),
(8, 'sgs', 'orng', 'sgs', 'orng', 4),
(9, 'orng', 'aro', 'orng', 'aro', 4),
(10, 'rx', 'cbb', 'rx', 'cbb', 4),
(11, 'orng', 'dzn', 'dzn', 'orng', 4),
(12, 'sgs', 'rx', 'rx', 'sgs', 4),
(13, 'dzn', 'rx', 'rx', 'dzn', 4),
(14, 'sgs', 'aro', 'sgs', 'aro', 5),
(15, 'rx', 'krl', 'rx', 'krl', 5),
(16, 'sgs', 'dzn', 'sgs', 'dzn', 5),
(17, 'orng', 'rx', 'orng', 'rx', 5),
(18, 'sgs', 'orng', 'orng', 'sgs', 5),
(19, 'dzn', 'cbb', 'dzn', 'cbb', 6),
(20, 'krl', 'rx', 'rx', 'krl', 6),
(21, 'orng', 'js', 'orng', 'js', 6),
(22, 'sgs', 'aro', 'sgs', 'aro', 6),
(23, 'dzn', 'rx', 'rx', 'dzn', 6),
(24, 'orng', 'sgs', 'orng', 'sgs', 6),
(25, 'orng', 'rx', 'orng', 'rx', 6),
(26, 'dzn', 'rx', 'dzn', 'rx', 7),
(27, 'sgs', 'syg', 'sgs', 'syg', 7),
(28, 'krl', 'cbb', 'krl', 'cbb', 7),
(29, 'orng', 'js', 'js', 'orng', 7),
(30, 'dzn', 'sgs', 'sgs', 'dzn', 7),
(31, 'krl', 'js', 'krl', 'js', 7),
(32, 'sgs', 'krl', 'sgs', 'krl', 7),
(33, 'orng', 'mint', 'orng', 'mint', 8),
(34, 'dzn', 'krl', 'dzn', 'krl', 8),
(35, 'aro', 'mmm', 'aro', 'mmm', 8),
(36, 'syg', 'js', 'js', 'syg', 8),
(37, 'orng', 'dzn', 'orng', 'dzn', 8),
(38, 'aro', 'alt', 'aro', 'alt', 9),
(39, 'mint', 'js', 'js', 'mint', 9),
(40, 'dzn', 'mmm', 'dzn', 'mmm', 9),
(41, 'orng', 'don', 'orng', 'don', 9),
(42, 'alt', 'mint', 'mint', 'alt', 9),
(43, 'mmm', 'don', 'don', 'mmm', 9),
(44, 'aro', 'js', 'js', 'aro', 9),
(45, 'dzn', 'orng', 'orng', 'dzn', 9),
(46, 'dzn', 'mint', 'dzn', 'mint', 9),
(47, 'aro', 'don', 'aro', 'don', 9),
(48, 'js', 'orng', 'orng', 'js', 9),
(49, 'dzn', 'aro', 'dzn', 'aro', 9),
(50, 'dzn', 'js', 'dzn', 'js', 9),
(51, 'orng', 'dzn', 'orng', 'dzn', 9),
(52, 'wood', 'don', 'wood', 'don', 10),
(53, 'dzn', 'wood', 'dzn', 'wood', 10),
(54, 'js', 'cbb', 'js', 'cbb', 10),
(55, 'orng', 'syn', 'orng', 'syn', 10),
(56, 'sgs', 'aro', 'aro', 'sgs', 10),
(57, 'sgs', 'don', 'sgs', 'don', 10),
(58, 'syn', 'sgs', 'sgs', 'syn', 10),
(59, 'cbb', 'wood', 'wood', 'cbb', 10),
(60, 'dzn', 'js', 'js', 'dzn', 10),
(61, 'orng', 'aro', 'aro', 'orng', 10),
(62, 'dzn', 'sgs', 'dzn', 'sgs', 10),
(63, 'orng', 'wood', 'wood', 'orng', 10),
(64, 'js', 'aro', 'aro', 'js', 10),
(65, 'dzn', 'wood', 'wood', 'dzn', 10),
(66, 'js', 'wood', 'js', 'wood', 10),
(67, 'aro', 'js', 'js', 'aro', 10),
(68, 'js', 'aro', 'js', 'aro', 10),
(69, 'huh', 'syn', 'syn', 'huh', 11),
(70, 'sgs', 'syn', 'sgs', 'syn', 11),
(71, 'aro', 'js', 'js', 'aro', 11),
(72, 'dzn', 'cbb', 'cbb', 'dzn', 11),
(73, 'orng', 'don', 'orng', 'don', 11),
(74, 'don', 'syn', 'don', 'syn', 11),
(75, 'dzn', 'don', 'dzn', 'don', 11),
(76, 'aro', 'syn', 'aro', 'syn', 11),
(77, 'sgs', 'js', 'sgs', 'js', 11),
(78, 'cbb', 'orng', 'orng', 'cbb', 11),
(79, 'js', 'dzn', 'dzn', 'js', 11),
(80, 'cbb', 'aro', 'cbb', 'aro', 11),
(81, 'sgs', 'orng', 'orng', 'sgs', 11),
(82, 'dzn', 'cbb', 'dzn', 'cbb', 11),
(83, 'sgs', 'dzn', 'dzn', 'sgs', 11),
(84, 'orng', 'dzn', 'dzn', 'orng', 11),
(85, 'dzn', 'orng', 'dzn', 'orng', 11);

-- --------------------------------------------------------

--
-- Table structure for table `legacy_stats_seasons`
--

CREATE TABLE `legacy_stats_seasons` (
  `id` int(3) DEFAULT NULL,
  `team_a` varchar(4) DEFAULT NULL,
  `team_b` varchar(5) DEFAULT NULL,
  `win` varchar(4) DEFAULT NULL,
  `loss` varchar(4) DEFAULT NULL,
  `season` varchar(2) DEFAULT NULL
) ENGINE=InnoDB DEFAULT CHARSET=utf8;

--
-- Dumping data for table `legacy_stats_seasons`
--

INSERT INTO `legacy_stats_seasons` (`id`, `team_a`, `team_b`, `win`, `loss`, `season`) VALUES
(1, 'krl', 'sgs', 'sgs', 'krl', '1'),
(2, 'dzn', 'rx', 'rx', 'dzn', '1'),
(3, 'orng', 'js', 'orng', 'js', '1'),
(4, 'krl', 'dzn', 'krl', 'dzn', '1'),
(5, 'sgs', 'orng', 'sgs', 'orng', '1'),
(6, 'rx', 'js', 'rx', 'js', '1'),
(7, 'krl', 'rx', 'rx', 'krl', '1'),
(8, 'sgs', 'js', 'sgs', 'js', '1'),
(9, 'dzn', 'orng', 'dzn', 'orng', '1'),
(10, 'krl', 'orng', 'orng', 'krl', '1'),
(11, 'sgs', 'rx', 'sgs', 'rx', '1'),
(12, 'dzn', 'js', 'dzn', 'js', '1'),
(13, 'krl', 'js', 'krl', 'js', '1'),
(14, 'sgs', 'dzn', 'sgs', 'dzn', '1'),
(15, 'rx', 'orng', 'orng', 'rx', '1'),
(16, 'krl', 'sgs', 'sgs', 'krl', '1'),
(17, 'dzn', 'rx', 'rx', 'dzn', '1'),
(18, 'orng', 'js', 'orng', 'js', '1'),
(19, 'krl', 'dzn', 'dzn', 'krl', '1'),
(20, 'sgs', 'orng', 'orng', 'sgs', '1'),
(21, 'rx', 'js', 'rx', 'js', '1'),
(22, 'krl', 'rx', 'rx', 'krl', '1'),
(23, 'sgs', 'js', 'sgs', 'js', '1'),
(24, 'dzn', 'orng', 'orng', 'dzn', '1'),
(25, 'krl', 'orng', 'orng', 'krl', '1'),
(26, 'sgs', 'rx', 'rx', 'sgs', '1'),
(27, 'dzn', 'js', 'dzn', 'js', '1'),
(28, 'krl', 'js', 'krl', 'js', '1'),
(29, 'sgs', 'dzn', 'sgs', 'dzn', '1'),
(30, 'rx', 'orng', 'orng', 'rx', '1'),
(31, 'krl', 'drk', 'krl', 'drk', '2'),
(32, 'sgs', 'rx', 'sgs', 'rx', '2'),
(33, 'mthd', 'js', 'mthd', 'js', '2'),
(34, 'dzn', 'mint', 'dzn', 'mint', '2'),
(35, 'king', 'orng', 'orng', 'king', '2'),
(36, 'krl', 'rx', 'rx', 'krl', '2'),
(37, 'drk', 'orng', 'orng', 'drk', '2'),
(38, 'mthd', 'king', 'king', 'mthd', '2'),
(39, 'js', 'mint', 'js', 'mint', '2'),
(40, 'sgs', 'dzn', 'dzn', 'sgs', '2'),
(41, 'krl', 'king', 'king', 'krl', '2'),
(42, 'sgs', 'js', 'sgs', 'js', '2'),
(43, 'mthd', 'orng', 'orng', 'mthd', '2'),
(44, 'dzn', 'rx', 'dzn', 'rx', '2'),
(45, 'drk', 'mint', 'mint', 'drk', '2'),
(46, 'krl', 'mthd', 'krl', 'mthd', '2'),
(47, 'js', 'rx', 'rx', 'js', '2'),
(48, 'sgs', 'mint', 'sgs', 'mint', '2'),
(49, 'dzn', 'orng', 'orng', 'dzn', '2'),
(50, 'king', 'drk', 'king', 'drk', '2'),
(51, 'krl', 'dzn', 'dzn', 'krl', '2'),
(52, 'sgs', 'drk', 'sgs', 'drk', '2'),
(53, 'rx', 'mthd', 'mthd', 'rx', '2'),
(54, 'orng', 'js', 'orng', 'js', '2'),
(55, 'king', 'mint', 'king', 'mint', '2'),
(56, 'krl', 'js', 'js', 'krl', '2'),
(57, 'dzn', 'drk', 'dzn', 'drk', '2'),
(58, 'orng', 'mint', 'orng', 'mint', '2'),
(59, 'mthd', 'sgs', 'sgs', 'mthd', '2'),
(60, 'king', 'rx', 'rx', 'king', '2'),
(61, 'aro', 'mint', 'mint', 'aro', '2'),
(62, 'sgs', 'orng', 'orng', 'sgs', '2'),
(63, 'king', 'js', 'king', 'js', '2'),
(64, 'mthd', 'dzn', 'mthd', 'dzn', '2'),
(65, 'rx', 'drk', 'rx', 'drk', '2'),
(66, 'aro', 'sgs', 'sgs', 'aro', '2'),
(67, 'orng', 'rx', 'rx', 'orng', '2'),
(68, 'dzn', 'king', 'dzn', 'king', '2'),
(69, 'drk', 'js', 'js', 'drk', '2'),
(70, 'mthd', 'mint ', 'mint', 'mthd', '2'),
(71, 'aro', 'orng', 'orng', 'mint', '2'),
(72, 'mint', 'rx', 'mint', 'rx', '2'),
(73, 'dzn', 'js', 'dzn', 'js', '2'),
(74, 'sgs', 'king', 'king', 'sgs', '2'),
(75, 'drk', 'mthd', 'mthd', 'drk', '2'),
(76, 'aro', 'drk', 'aro', 'drk', '2'),
(77, 'sgs', 'rx', 'sgs', 'rx', '2'),
(78, 'mthd', 'js', 'js', 'mthd', '2'),
(79, 'orng', 'king', 'king', 'orng', '2'),
(80, 'mint', 'dzn', 'mint', 'dzn', '2'),
(81, 'aro', 'rx', 'rx', 'aro', '2'),
(82, 'mthd', 'king', 'mthd', 'king', '2'),
(83, 'orng', 'drk', 'orng', 'drk', '2'),
(84, 'js', 'mint', 'js', 'mint', '2'),
(85, 'sgs', 'dzn', 'dzn', 'sgs', '2'),
(86, 'aro', 'king', 'king', 'aro', '2'),
(87, 'mint', 'drk', 'mint', 'drk', '2'),
(88, 'orng', 'mthd', 'orng', 'mthd', '2'),
(89, 'rx', 'dzn', 'dzn', 'rx', '2'),
(90, 'sgs', 'js', 'sgs', 'js', '2'),
(91, 'aro', 'mthd', 'mthd', 'aro', '2'),
(92, 'orng', 'dzn', 'dzn', 'orng', '2'),
(93, 'rx', 'js', 'rx', 'js', '2'),
(94, 'sgs ', 'mint', 'sgs', 'mint', '2'),
(95, 'drk', 'king', 'king', 'drk', '2'),
(96, 'aro', 'dzn', 'dzn', 'aro', '2'),
(97, 'rx', 'mthd', 'mthd', 'rx', '2'),
(98, 'mint', 'king', 'mint', 'king', '2'),
(99, 'orng', 'js', 'orng', 'js', '2'),
(100, 'drk', 'sgs', 'sgs', 'drk', '2'),
(101, 'aro', 'js', 'js', 'aro', '2'),
(102, 'sgs', 'mthd', 'sgs', 'mthd', '2'),
(103, 'mint', 'orng', 'orng', 'mint', '2'),
(104, 'rx', 'king', 'rx', 'king', '2'),
(105, 'dzn', 'drk', 'dzn', 'drk', '2'),
(106, 'aro', 'mint', 'mint', 'aro', '2'),
(107, 'dzn', 'mthd', 'dzn', 'mthd', '2'),
(108, 'sgs', 'orng', 'sgs', 'orng', '2'),
(109, 'king', 'js', 'js', 'king', '2'),
(110, 'rx', 'drk', 'rx', 'drk', '2'),
(111, 'aro', 'sgs', 'sgs', 'aro', '2'),
(112, 'mint', 'mthd', 'mthd', 'mint', '2'),
(113, 'rx', 'orng', 'orng', 'rx', '2'),
(114, 'js', 'drk', 'js', 'drk', '2'),
(115, 'king', 'dzn', 'dzn', 'king', '2'),
(116, 'aro', 'orng', 'aro', 'orng', '2'),
(117, 'mthd', 'drk', 'mthd', 'drk', '2'),
(118, 'king', 'sgs', 'king', 'sgs', '2'),
(119, 'rx', 'mint', 'rx', 'mint', '2'),
(120, 'js', 'dzn', 'js', 'dzn', '2'),
(121, 'cbb', 'js', 'js', 'cbb', '3'),
(122, 'cbb', 'dzn', 'cbb', 'dzn', '3'),
(123, 'js', 'rx', 'rx', 'js', '3'),
(124, 'dzn', 'aro', 'dzn', 'aro', '3'),
(125, 'rx', 'king', 'rx', 'king', '3'),
(126, 'aro', 'c2c', 'aro', 'c2c', '3'),
(127, 'king', 'c2c', 'king', 'c2c', '3'),
(128, 'mthd', 'cbb', 'cbb', 'mthd', '3'),
(129, 'drk', 'c2c', 'c2c', 'drk', '3'),
(130, 'fs', 'king', 'king', 'fs', '3'),
(131, 'krl', 'aro', 'krl', 'aro', '3'),
(132, 'sgs', 'rx', 'rx', 'sgs', '3'),
(133, 'mint', 'dzn', 'mint', 'dzn', '3'),
(134, 'orng', 'js', 'orng', 'js', '3'),
(135, 'mthd', 'drk', 'mthd', 'drk', '3'),
(136, 'mthd', 'fs', 'mthd', 'fs', '3'),
(137, 'drk', 'krl', 'krl', 'drk', '3'),
(138, 'fs', 'sgs', 'sgs', 'fs', '3'),
(139, 'krl', 'mint', 'krl', 'mint', '3'),
(140, 'sgs', 'orng', 'sgs', 'orng', '3'),
(141, 'mint', 'orng', 'orng', 'mint', '3'),
(142, 'cbb', 'rx', 'rx', 'cbb', '3'),
(143, 'cbb', 'aro', 'aro', 'cbb', '3'),
(144, 'js', 'aro', 'js', 'aro', '3'),
(145, 'js', 'king', 'js', 'king', '3'),
(146, 'dzn', 'king', 'dzn', 'king', '3'),
(147, 'dzn', 'c2c', 'dzn', 'c2c', '3'),
(148, 'rx', 'c2c', 'c2c', 'rx', '3'),
(149, 'mthd', 'js', 'js', 'mthd', '3'),
(150, 'drk', 'cbb', 'cbb', 'drk', '3'),
(151, 'fs', 'c2c', 'c2c', 'fs', '3'),
(152, 'krl', 'king', 'king', 'krl', '3'),
(153, 'sgs', 'aro', 'sgs', 'aro', '3'),
(154, 'mint', 'rx', 'rx', 'mint', '3'),
(155, 'orng', 'dzn', 'orng', 'dzn', '3'),
(156, 'mthd', 'krl', 'mthd', 'krl', '3'),
(157, 'mthd', 'sgs', 'sgs', 'mthd', '3'),
(158, 'drk', 'sgs', 'sgs', 'drk', '3'),
(159, 'drk', 'mint', 'mint', 'drk', '3'),
(160, 'fs', 'mint', 'mint', 'fs', '3'),
(161, 'fs', 'orng', 'orng', 'fs', '3'),
(162, 'krl', 'orng', 'krl', 'orng', '3'),
(163, 'cbb', 'king', 'king', 'cbb', '3'),
(164, 'cbb', 'c2c', 'c2c', 'cbb', '3'),
(165, 'js', 'dzn', 'js', 'dzn', '3'),
(166, 'js', 'c2c', 'js', 'c2c', '3'),
(167, 'dzn', 'rx', 'dzn', 'rx', '3'),
(168, 'rx', 'aro', 'rx', 'aro', '3'),
(169, 'aro', 'king', 'king', 'aro', '3'),
(170, 'mthd', 'dzn', 'dzn', 'mthd', '3'),
(171, 'drk', 'js', 'js', 'drk', '3'),
(172, 'fs', 'cbb', 'cbb', 'fs', '3'),
(173, 'krl', 'c2c', 'krl', 'c2c', '3'),
(174, 'sgs', 'king', 'sgs', 'king', '3'),
(175, 'mint', 'aro', 'mint', 'aro', '3'),
(176, 'orng', 'rx', 'orng', 'rx', '3'),
(177, 'mthd', 'mint', 'mthd', 'mint', '3'),
(178, 'mthd', 'orng', 'mthd', 'orng', '3'),
(179, 'drk', 'fs', 'fs', 'drk', '3'),
(180, 'drk', 'orng', 'orng', 'drk', '3'),
(181, 'fs', 'krl', 'krl', 'fs', '3'),
(182, 'krl', 'sgs', 'krl', 'sgs', '3'),
(183, 'sgs', 'mint', 'sgs', 'mint', '3'),
(184, 'cbb', 'js', 'cbb', 'js', '3'),
(185, 'cbb', 'aro', 'cbb', 'aro', '3'),
(186, 'js', 'king', 'js', 'king', '3'),
(187, 'dzn', 'aro', 'dzn', 'aro', '3'),
(188, 'dzn', 'c2c', 'dzn', 'c2c', '3'),
(189, 'rx', 'king', 'rx', 'king', '3'),
(190, 'rx', 'c2c', 'rx', 'c2c', '3'),
(191, 'mthd', 'rx', 'rx', 'mthd', '3'),
(192, 'drk', 'dzn', 'dzn', 'drk', '3'),
(193, 'fs', 'js', 'js', 'fs', '3'),
(194, 'krl', 'cbb', 'krl', 'cbb', '3'),
(195, 'sgs', 'c2c', 'sgs', 'c2c', '3'),
(196, 'mint', 'king', 'mint', 'king', '3'),
(197, 'orng', 'aro', 'aro', 'orng', '3'),
(198, 'mthd', 'drk', 'mthd', 'drk', '3'),
(199, 'mthd', 'sgs', 'mthd', 'sgs', '3'),
(200, 'drk', 'mint', 'mint', 'drk', '3'),
(201, 'fs', 'sgs', 'sgs', 'fs', '3'),
(202, 'fs', 'orng', 'orng', 'fs', '3'),
(203, 'krl', 'mint', 'mint', 'krl', '3'),
(204, 'krl', 'orng', 'orng', 'krl', '3'),
(205, 'cbb', 'dzn', 'dzn', 'cbb', '3'),
(206, 'cbb', 'king', 'cbb', 'king', '3'),
(207, 'js', 'rx', 'rx', 'js', '3'),
(208, 'js', 'c2c', 'js', 'c2c', '3'),
(209, 'dzn', 'rx', 'dzn', 'rx', '3'),
(210, 'aro', 'king', 'aro', 'king', '3'),
(211, 'aro', 'c2c', 'c2c', 'aro', '3'),
(212, 'mthd', 'aro', 'mthd', 'aro', '3'),
(213, 'drk', 'rx', 'rx', 'drk', '3'),
(214, 'fs', 'dzn', 'dzn', 'fs', '3'),
(215, 'krl', 'js', 'js', 'krl', '3'),
(216, 'sgs', 'cbb', 'sgs', 'cbb', '3'),
(217, 'mint', 'c2c', 'mint', 'c2c', '3'),
(218, 'orng', 'king', 'orng', 'king', '3'),
(219, 'mthd', 'fs', 'mthd', 'fs', '3'),
(220, 'mthd', 'mint', 'mthd', 'mint', '3'),
(221, 'drk', 'krl', 'krl', 'drk', '3'),
(222, 'drk', 'orng', 'orng', 'drk', '3'),
(223, 'fs', 'krl', 'krl', 'fs', '3'),
(224, 'sgs', 'mint', 'sgs', 'mint', '3'),
(225, 'sgs', 'orng', 'sgs', 'orng', '3'),
(226, 'rx', 'cbb', 'rx', 'cbb', '3'),
(227, 'cbb', 'c2c', 'cbb', 'c2c', '3'),
(228, 'js', 'dzn', 'js', 'dzn', '3'),
(229, 'js', 'aro', 'aro', 'js', '3'),
(230, 'dzn', 'king', 'dzn', 'king', '3'),
(231, 'rx', 'aro', 'aro', 'rx', '3'),
(232, 'king', 'c2c', 'c2c', 'king', '3'),
(233, 'mthd', 'king', 'king', 'mthd', '3'),
(234, 'drk', 'aro', 'aro', 'drk', '3'),
(235, 'fs', 'rx', 'rx', 'fs', '3'),
(236, 'krl', 'dzn', 'dzn', 'krl', '3'),
(237, 'sgs', 'js', 'sgs', 'js', '3'),
(238, 'mint', 'cbb', 'mint', 'cbb', '3'),
(239, 'orng', 'c2c', 'orng', 'c2c', '3'),
(240, 'mthd', 'krl', 'krl', 'mthd', '3'),
(241, 'mthd', 'orng', 'orng', 'mthd', '3'),
(242, 'drk', 'fs', 'fs', 'drk', '3'),
(243, 'drk', 'sgs', 'sgs', 'drk', '3'),
(244, 'fs', 'mint', 'mint', 'fs', '3'),
(245, 'krl', 'sgs', 'sgs', 'krl', '3'),
(246, 'mint', 'orng', 'orng', 'mint', '3'),
(247, 'cbb', 'js', 'cbb', 'js', '3'),
(248, 'cbb', 'king', 'king', 'cbb', '3'),
(249, 'js', 'c2c', 'js', 'c2c', '3'),
(250, 'dzn', 'rx', 'dzn', 'rx', '3'),
(251, 'dzn', 'aro', 'dzn', 'aro', '3'),
(252, 'aro', 'c2c', 'aro', 'c2c', '3'),
(253, 'mthd', 'c2c', 'mthd', 'c2c', '3'),
(254, 'drk', 'king', 'king', 'drk', '3'),
(255, 'fs', 'aro', 'aro', 'fs', '3'),
(256, 'krl', 'rx', 'krl', 'rx', '3'),
(257, 'sgs', 'dzn', 'sgs', 'dzn', '3'),
(258, 'mint', 'js', 'js', 'mint', '3'),
(259, 'orng', 'cbb', 'orng', 'cbb', '3'),
(260, 'mthd', 'drk', 'mthd', 'drk', '3'),
(261, 'mthd', 'mint', 'mthd', 'mint', '3'),
(262, 'drk', 'orng', 'orng', 'drk', '3'),
(263, 'fs', 'krl', 'krl', 'fs', '3'),
(264, 'fs', 'sgs', 'sgs', 'fs', '3'),
(265, 'krl', 'mint', 'krl', 'mint', '3'),
(266, 'sgs', 'orng', 'sgs', 'orng', '3'),
(267, 'cbb', 'aro', 'aro', 'cbb', '3'),
(268, 'cbb', 'c2c', 'cbb', 'c2c', '3'),
(269, 'js', 'dzn', 'dzn', 'js', '3'),
(270, 'js', 'rx', 'rx', 'js', '3'),
(271, 'dzn', 'king', 'dzn', 'king', '3'),
(272, 'dzn', 'c2c', 'dzn', 'c2c', '3'),
(273, 'aro', 'king', 'king', 'aro', '3'),
(274, 'cbb', 'dzn', 'dzn', 'cbb', '3'),
(275, 'cbb', 'rx', 'rx', 'cbb', '3'),
(276, 'js', 'aro', 'js', 'aro', '3'),
(277, 'js', 'king', 'js', 'king', '3'),
(278, 'rx', 'aro', 'aro', 'rx', '3'),
(279, 'rx', 'c2c', 'rx', 'c2c', '3'),
(280, 'king', 'c2c', 'king', 'c2c', '3'),
(281, 'mthd', 'sgs', 'mthd', 'sgs', '3'),
(282, 'mthd', 'orng', 'orng', 'mthd', '3'),
(283, 'drk', 'fs', 'fs', 'drk', '3'),
(284, 'drk', 'krl', 'krl', 'drk', '3'),
(285, 'fs', 'mint', 'mint', 'fs', '3'),
(286, 'fs', 'orng', 'orng', 'fs', '3'),
(287, 'sgs', 'mint', 'sgs', 'mint', '3'),
(288, 'mthd', 'fs', 'mthd', 'fs', '3'),
(289, 'mthd', 'krl', 'krl', 'mthd', '3'),
(290, 'drk', 'sgs', 'sgs', 'drk', '3'),
(291, 'drk', 'mint', 'drk', 'mint', '3'),
(292, 'krl', 'sgs', 'krl', 'sgs', '3'),
(293, 'krl', 'orng', 'orng', 'krl', '3'),
(294, 'mint', 'orng', 'mint', 'orng', '3'),
(295, 'cbb', 'drk', 'cbb', 'drk', '4'),
(296, 'cbb', 'fs', 'cbb', 'fs', '4'),
(297, 'drk', 'dzn', 'dzn', 'drk', '4'),
(298, 'fs', 'rx', 'rx', 'fs', '4'),
(299, 'dzn', 'rx', 'dzn', 'rx', '4'),
(300, 'cbb', 'dzn', 'dzn', 'cbb', '4'),
(301, 'cbb', 'rx', 'rx', 'cbb', '4'),
(302, 'drk', 'fs', 'fs', 'drk', '4'),
(303, 'drk', 'rx', 'rx', 'drk', '4'),
(304, 'fs', 'dzn', 'dzn', 'fs', '4'),
(305, 'cbb', 'drk', 'drk', 'cbb', '4'),
(306, 'cbb', 'dzn', 'dzn', 'cbb', '4'),
(307, 'drk', 'fs', 'drk', 'fs', '4'),
(308, 'fs', 'rx', 'rx', 'fs', '4'),
(309, 'dzn', 'rx', 'rx', 'dzn', '4'),
(310, 'cbb', 'rx', 'rx', 'cbb', '4'),
(311, 'drk', 'dzn', 'dzn', 'drk', '4'),
(312, 'drk', 'rx', 'rx', 'drk', '4'),
(313, 'fs', 'dzn', 'fs', 'dzn', '4'),
(314, 'cbb', 'krl', 'cbb', 'krl', '4'),
(315, 'cbb', 'dzn', 'cbb', 'dzn', '4'),
(316, 'drk', 'dzn', 'dzn', 'drk', '4'),
(317, 'drk', 'rx', 'rx', 'drk', '4'),
(318, 'krl', 'rx', 'krl', 'rx', '4'),
(319, 'cbb', 'drk', 'cbb', 'drk', '4'),
(320, 'cbb', 'rx', 'cbb', 'rx', '4'),
(321, 'drk', 'krl', 'krl', 'drk', '4'),
(322, 'krl', 'dzn', 'dzn', 'krl', '4'),
(323, 'dzn', 'rx', 'dzn', 'rx', '4'),
(324, 'mthd', 'king', 'king', 'mthd', '4'),
(325, 'mthd', 'orng', 'orng', 'mthd', '4'),
(326, 'king', 'sgs', 'sgs', 'king', '4'),
(327, 'orng', 'aro', 'orng', 'aro', '4'),
(328, 'sgs', 'aro', 'sgs', 'aro', '4'),
(329, 'mthd', 'sgs', 'sgs', 'mthd', '4'),
(330, 'mthd', 'aro', 'aro', 'mthd', '4'),
(331, 'king', 'orng', 'king', 'orng', '4'),
(332, 'king', 'aro', 'aro', 'king', '4'),
(333, 'orng', 'sgs', 'sgs', 'orng', '4'),
(334, 'mthd', 'king', 'mthd', 'king', '4'),
(335, 'mthd', 'sgs', 'mthd', 'sgs', '4'),
(336, 'king', 'orng', 'orng', 'king', '4'),
(337, 'orng', 'aro', 'orng', 'aro', '4'),
(338, 'sgs', 'aro', 'sgs', 'aro', '4'),
(339, 'mthd', 'orng', 'orng', 'mthd', '4'),
(340, 'mthd', 'aro', 'aro', 'mthd', '4'),
(341, 'king', 'sgs', 'sgs', 'king', '4'),
(342, 'king', 'aro', 'aro', 'king', '4'),
(343, 'orng', 'sgs', 'sgs', 'orng', '4'),
(344, 'mthd', 'orng', 'orng', 'mthd', '4'),
(345, 'mthd', 'sgs', 'sgs', 'mthd', '4'),
(346, 'king', 'sgs', 'sgs', 'king', '4'),
(347, 'king', 'aro', 'aro', 'king', '4'),
(348, 'orng', 'aro', 'aro', 'orng', '4'),
(349, 'mthd', 'king', 'king', 'mthd', '4'),
(350, 'mthd', 'aro', 'aro', 'mthd', '4'),
(351, 'king', 'orng', 'orng', 'king', '4'),
(352, 'orng', 'sgs', 'sgs', 'orng', '4'),
(353, 'sgs', 'aro', 'aro', 'sgs', '4'),
(354, 'mthd', 'cbb', 'mthd', 'cbb', '4'),
(355, 'drk', 'aro', 'aro', 'drk', '4'),
(356, 'krl', 'sgs', 'sgs', 'krl', '4'),
(357, 'dzn', 'orng', 'dzn', 'orng', '4'),
(358, 'rx', 'king', 'rx', 'king', '4'),
(359, 'cbb', 'king', 'king', 'cbb', '4'),
(360, 'drk', 'mthd', 'mthd', 'drk', '4'),
(361, 'krl', 'aro', 'aro', 'krl', '4'),
(362, 'dzn', 'sgs', 'sgs', 'dzn', '4'),
(363, 'rx', 'orng', 'rx', 'orng', '4'),
(364, 'cbb', 'orng', 'orng', 'cbb', '4'),
(365, 'drk', 'king', 'king', 'drk', '4'),
(366, 'krl', 'mthd', 'mthd', 'krl', '4'),
(367, 'dzn', 'aro', 'aro', 'dzn', '4'),
(368, 'rx', 'sgs', 'sgs', 'rx', '4'),
(369, 'cbb', 'sgs', 'sgs', 'cbb', '4'),
(370, 'drk', 'orng', 'orng', 'drk', '4'),
(371, 'krl', 'king', 'krl', 'king', '4'),
(372, 'dzn', 'mthd', 'dzn', 'mthd', '4'),
(373, 'rx', 'aro', 'rx', 'aro', '4'),
(374, 'cbb', 'aro', 'cbb', 'aro', '4'),
(375, 'drk', 'sgs', 'sgs', 'drk', '4'),
(376, 'krl', 'orng', 'orng', 'krl', '4'),
(377, 'dzn', 'king', 'dzn', 'king', '4'),
(378, 'rx', 'mthd', 'rx', 'mthd', '4'),
(379, 'sgs', 'krl', 'sgs', 'krl', '5'),
(380, 'sgs', 'cbb', 'sgs', 'cbb', '5'),
(381, 'krl', 'dzn', 'dzn', 'krl', '5'),
(382, 'cbb', 'rx', 'rx', 'cbb', '5'),
(383, 'dzn', 'rx', 'dzn', 'rx', '5'),
(384, 'sgs', 'dzn', 'dzn', 'sgs', '5'),
(385, 'sgs', 'rx', 'rx', 'sgs', '5'),
(386, 'krl', 'cbb', 'krl', 'cbb', '5'),
(387, 'krl', 'rx', 'rx', 'krl', '5'),
(388, 'cbb', 'dzn', 'dzn', 'cbb', '5'),
(389, 'sgs', 'krl', 'sgs', 'krl', '5'),
(390, 'sgs', 'dzn', 'dzn', 'sgs', '5'),
(391, 'krl', 'cbb', 'krl', 'cbb', '5'),
(392, 'cbb', 'rx', 'cbb', 'rx', '5'),
(393, 'dzn', 'rx', 'rx', 'dzn', '5'),
(394, 'sgs', 'cbb', 'sgs', 'cbb', '5'),
(395, 'sgs', 'rx', 'rx', 'sgs', '5'),
(396, 'krl', 'dzn', 'dzn', 'krl', '5'),
(397, 'krl', 'rx', 'krl', 'rx', '5'),
(398, 'cbb', 'dzn', 'dzn', 'cbb', '5'),
(399, 'sgs', 'cbb', 'sgs', 'cbb', '5'),
(400, 'sgs', 'dzn', 'dzn', 'sgs', '5'),
(401, 'krl', 'dzn', 'dzn', 'krl', '5'),
(402, 'krl', 'rx', 'rx', 'krl', '5'),
(403, 'cbb', 'rx', 'rx', 'cbb', '5'),
(404, 'sgs', 'krl', 'krl', 'sgs', '5'),
(405, 'sgs', 'rx', 'sgs', 'rx', '5'),
(406, 'krl', 'cbb', 'krl', 'cbb', '5'),
(407, 'cbb', 'dzn', 'dzn', 'cbb', '5'),
(408, 'dzn', 'rx', 'rx', 'dzn', '5'),
(409, 'orng', 'js', 'orng', 'js', '5'),
(410, 'orng', 'king', 'king', 'orng', '5'),
(411, 'js', 'c2c', 'c2c', 'js', '5'),
(412, 'king', 'aro', 'king', 'aro', '5'),
(413, 'c2c', 'aro', 'c2c', 'aro', '5'),
(414, 'orng', 'c2c', 'orng', 'c2c', '5'),
(415, 'orng', 'aro', 'aro', 'orng', '5'),
(416, 'js', 'king', 'js', 'king', '5'),
(417, 'js', 'aro', 'js', 'aro', '5'),
(418, 'king', 'c2c', 'king', 'c2c', '5'),
(419, 'orng', 'js', 'orng', 'js', '5'),
(420, 'orng', 'c2c', 'orng', 'c2c', '5'),
(421, 'js', 'king', 'king', 'js', '5'),
(422, 'king', 'aro', 'aro', 'king', '5'),
(423, 'c2c', 'aro', 'aro', 'c2c', '5'),
(424, 'orng', 'king', 'orng', 'king', '5'),
(425, 'orng', 'aro', 'aro', 'orng', '5'),
(426, 'js', 'c2c', 'c2c', 'js', '5'),
(427, 'js ', 'aro', 'aro', 'js', '5'),
(428, 'king', 'c2c', 'king', 'c2c', '5'),
(429, 'orng', 'king', 'orng', 'king', '5'),
(430, 'orng', 'c2c', 'orng', 'c2c', '5'),
(431, 'js', 'c2c', 'js', 'c2c', '5'),
(432, 'js', 'aro', 'aro', 'js', '5'),
(433, 'king', 'aro', 'aro', 'king', '5'),
(434, 'orng', 'js', 'orng', 'js', '5'),
(435, 'orng', 'aro', 'orng', 'aro', '5'),
(436, 'king', 'c2c', 'c2c', 'king', '5'),
(437, 'c2c', 'aro', 'aro', 'c2c', '5'),
(438, 'sgs', 'orng', 'orng', 'sgs', '5'),
(439, 'krl', 'aro', 'krl', 'aro', '5'),
(440, 'cbb', 'c2c', 'cbb', 'c2c', '5'),
(441, 'dzn', 'king', 'dzn', 'king', '5'),
(442, 'rx', 'js', 'rx', 'js', '5'),
(443, 'sgs', 'js', 'sgs', 'js', '5'),
(444, 'krl', 'orng', 'orng', 'krl', '5'),
(445, 'cbb', 'aro', 'aro', 'cbb', '5'),
(446, 'dzn', 'c2c', 'dzn', 'c2c', '5'),
(447, 'rx', 'king', 'rx', 'king', '5'),
(448, 'sgs', 'king', 'sgs', 'king', '5'),
(449, 'krl', 'js', 'krl', 'js', '5'),
(450, 'cbb', 'orng', 'orng', 'cbb', '5'),
(451, 'dzn', 'aro', 'aro', 'dzn', '5'),
(452, 'rx', 'c2c', 'rx', 'c2c', '5'),
(453, 'sgs', 'c2c', 'c2c', 'sgs', '5'),
(454, 'krl', 'king', 'krl', 'king', '5'),
(455, 'cbb', 'js', 'js', 'cbb', '5'),
(456, 'dzn', 'orng', 'orng', 'dzn', '5'),
(457, 'rx', 'aro', 'aro', 'rx', '5'),
(458, 'sgs', 'aro', 'sgs', 'aro', '5'),
(459, 'krl', 'c2c', 'krl', 'c2c', '5'),
(460, 'cbb', 'king', 'king', 'cbb', '5'),
(461, 'dzn', 'js', 'dzn', 'js', '5'),
(462, 'rx', 'orng', 'orng', 'rx', '5'),
(463, 'cbb', 'dzn', 'dzn', 'cbb', '6'),
(464, 'cbb', 'mint', 'cbb', 'mint', '6'),
(465, 'dzn', 'rx', 'rx', 'dzn', '6'),
(466, 'sgs', 'mmm', 'sgs', 'mmm', '6'),
(467, 'mint', 'sgs', 'sgs', 'mint', '6'),
(468, 'rx', 'mmm', 'rx', 'mmm', '6'),
(469, 'cbb', 'rx', 'cbb', 'rx', '6'),
(470, 'cbb', 'sgs', 'sgs', 'cbb', '6'),
(471, 'dzn', 'sgs', 'dzn', 'sgs', '6'),
(472, 'dzn', 'mmm', 'mmm', 'dzn', '6'),
(473, 'mint', 'rx', 'rx', 'mint', '6'),
(474, 'mint', 'mmm', 'mint', 'mmm', '6'),
(475, 'cbb', 'dzn', 'cbb', 'dzn', '6'),
(476, 'cbb', 'mmm', 'mmm', 'cbb', '6'),
(477, 'dzn', 'mint', 'dzn', 'mint', '6'),
(478, 'mint', 'sgs', 'sgs', 'mint', '6'),
(479, 'rx', 'sgs', 'rx', 'sgs', '6'),
(480, 'rx', 'mmm', 'rx', 'mmm', '6'),
(481, 'cbb', 'mint', 'cbb', 'mint', '6'),
(482, 'cbb', 'sgs', 'sgs', 'cbb', '6'),
(483, 'dzn', 'rx', 'dzn', 'rx', '6'),
(484, 'dzn', 'mmm', 'dzn', 'mmm', '6'),
(485, 'mint', 'rx', 'rx', 'mint', '6'),
(486, 'sgs', 'mmm', 'sgs', 'mmm', '6'),
(487, 'cbb', 'rx', 'rx', 'cbb', '6'),
(488, 'cbb', 'mmm', 'cbb', 'mmm', '6'),
(489, 'dzn', 'mint', 'dzn', 'mint', '6'),
(490, 'dzn', 'sgs', 'dzn', 'sgs', '6'),
(491, 'mint', 'mmm', 'mint', 'mmm', '6'),
(492, 'rx', 'sgs', 'rx', 'sgs', '6'),
(493, 'cbb', 'dzn', 'dzn', 'cbb', '6'),
(494, 'cbb', 'sgs', 'sgs', 'cbb', '6'),
(495, 'dzn', 'mmm', 'dzn', 'mmm', '6'),
(496, 'mint', 'rx', 'mint', 'rx', '6'),
(497, 'mint', 'sgs', 'sgs', 'mint', '6'),
(498, 'rx', 'mmm', 'rx', 'mmm', '6'),
(499, 'cbb', 'mint', 'cbb', 'mint', '6'),
(500, 'cbb', 'rx', 'rx', 'cbb', '6'),
(501, 'cbb', 'mmm', 'cbb', 'mmm', '6'),
(502, 'dzn', 'mint', 'dzn', 'mint', '6'),
(503, 'dzn', 'rx', 'dzn', 'rx', '6'),
(504, 'dzn', 'sgs', 'sgs', 'dzn', '6'),
(505, 'mint', 'mmm', 'mint', 'mmm', '6'),
(506, 'rx', 'sgs', 'sgs', 'rx', '6'),
(507, 'sgs', 'mmm', 'sgs', 'mmm', '6'),
(508, 'krl', 'orng', 'orng', 'krl', '6'),
(509, 'krl', 'aro', 'krl', 'aro', '6'),
(510, 'orng', 'c2c', 'orng', 'c2c', '6'),
(511, 'js', 'syg', 'syg', 'js', '6'),
(512, 'aro', 'js', 'aro', 'js', '6'),
(513, 'c2c', 'syg', 'syg', 'c2c', '6'),
(514, 'krl', 'c2c', 'c2c', 'krl', '6'),
(515, 'krl', 'js', 'js', 'krl', '6'),
(516, 'orng', 'js', 'js', 'orng', '6'),
(517, 'orng', 'syg', 'orng', 'syg', '6'),
(518, 'aro', 'c2c', 'aro', 'c2c', '6'),
(519, 'aro', 'syg', 'aro', 'syg', '6'),
(520, 'krl', 'orng', 'orng', 'krl', '6'),
(521, 'krl', 'syg', 'krl', 'syg', '6'),
(522, 'orng', 'aro', 'orng', 'aro', '6'),
(523, 'aro', 'js', 'js', 'aro', '6'),
(524, 'c2c', 'js', 'c2c', 'js', '6'),
(525, 'c2c', 'syg', 'c2c', 'syg', '6'),
(526, 'krl', 'aro', 'aro', 'krl', '6'),
(527, 'krl', 'js', 'js', 'krl', '6'),
(528, 'orng', 'c2c', 'orng', 'c2c', '6'),
(529, 'orng', 'syg', 'syg', 'orng', '6'),
(530, 'aro', 'c2c ', 'aro', 'c2c', '6'),
(531, 'js', 'syg', 'js', 'syg', '6'),
(532, 'krl', 'c2c', 'krl', 'c2c', '6'),
(533, 'krl', 'syg', 'syg', 'krl', '6'),
(534, 'orng', 'aro', 'orng', 'aro', '6'),
(535, 'orng', 'js', 'js', 'orng', '6'),
(536, 'aro', 'syg', 'aro', 'syg', '6'),
(537, 'c2c', 'js', 'c2c', 'js', '6'),
(538, 'krl', 'orng', 'krl', 'orng', '6'),
(539, 'krl', 'js', 'krl', 'js', '6'),
(540, 'orng', 'syg', 'orng', 'syg', '6'),
(541, 'aro', 'c2c', 'aro', 'c2c', '6'),
(542, 'aro', 'js', 'aro', 'js', '6'),
(543, 'krl', 'aro', 'aro', 'krl', '6'),
(544, 'krl', 'c2c', 'krl', 'c2c', '6'),
(545, 'krl', 'syg', 'krl', 'syg', '6'),
(546, 'orng', 'aro', 'orng', 'aro', '6'),
(547, 'orng', 'c2c', 'orng', 'c2c', '6'),
(548, 'orng', 'js', 'orng', 'js', '6'),
(549, 'aro', 'syg', 'syg', 'aro', '6'),
(550, 'c2c', 'js', 'js', 'c2c', '6'),
(551, 'js', 'syg', 'syg', 'js', '6'),
(552, 'cbb', 'krl', 'krl', 'cbb', '6'),
(553, 'dzn', 'syg', 'dzn', 'syg', '6'),
(554, 'mint', 'js', 'js', 'mint', '6'),
(555, 'rx', 'c2c', 'rx', 'c2c', '6'),
(556, 'sgs', 'aro', 'sgs', 'aro', '6'),
(557, 'mmm', 'orng', 'orng', 'mmm', '6'),
(558, 'cbb', 'orng', 'orng', 'cbb', '6'),
(559, 'dzn', 'krl', 'dzn', 'krl', '6'),
(560, 'mint', 'syg', 'syg', 'mint', '6'),
(561, 'rx', 'js', 'rx', 'js', '6'),
(562, 'sgs', 'c2c', 'sgs', 'c2c', '6'),
(563, 'mmm ', 'aro', 'aro', 'mmm', '6'),
(564, 'cbb', 'aro', 'aro', 'cbb', '6'),
(565, 'dzn', 'orng', 'orng', 'dzn', '6'),
(566, 'mint', 'krl', 'mint', 'krl', '6'),
(567, 'rx', 'syg', 'rx', 'syg', '6'),
(568, 'sgs', 'js', 'sgs', 'js', '6'),
(569, 'mmm', 'c2c', 'mmm ', 'c2c', '6'),
(570, 'cbb', 'c2c', 'cbb', 'c2c', '6'),
(571, 'dzn', 'aro', 'dzn', 'aro', '6'),
(572, 'mint', 'orng', 'orng', 'mint', '6'),
(573, 'rx', 'krl', 'krl', 'rx', '6'),
(574, 'sgs', 'syg', 'sgs', 'syg', '6'),
(575, 'mmm', 'js', 'mmm', 'js', '6'),
(576, 'cbb', 'js', 'cbb', 'js', '6'),
(577, 'dzn', 'c2c', 'dzn', 'c2c', '6'),
(578, 'mint', 'aro', 'mint', 'aro', '6'),
(579, 'rx', 'orng', 'rx', 'orng', '6'),
(580, 'sgs', 'krl', 'krl', 'sgs', '6'),
(581, 'mmm', 'syg', 'mmm', 'syg', '6'),
(582, 'dzn', 'js', 'dzn', 'js', '6'),
(583, 'mint', 'c2c', 'c2c', 'mint', '6'),
(584, 'rx', 'aro', 'rx', 'aro', '6'),
(585, 'sgs', 'orng', 'orng', 'sgs', '6'),
(586, 'mmm', 'krl', 'krl', 'mmm', '6'),
(587, 'cbb', 'rx', 'rx', 'cbb', '7'),
(588, 'cbb', 'mmm', 'mmm', 'cbb', '7'),
(589, 'rx', 'mthd', 'rx', 'mthd', '7'),
(590, 'dzn', 'krl', 'dzn', 'krl', '7'),
(591, 'mmm', 'dzn', 'dzn', 'mmm', '7'),
(592, 'mthd', 'krl', 'krl', 'mthd', '7'),
(593, 'cbb', 'mthd', 'cbb', 'mthd', '7'),
(594, 'cbb', 'dzn', 'cbb', 'dzn', '7'),
(595, 'rx', 'dzn', 'dzn', 'rx', '7'),
(596, 'rx', 'krl', 'krl', 'rx', '7'),
(597, 'mmm', 'mthd', 'mmm', 'mthd', '7'),
(598, 'mmm', 'krl', 'krl', 'mmm', '7'),
(599, 'cbb', 'rx', 'cbb', 'rx', '7'),
(600, 'cbb', 'krl', 'krl', 'cbb', '7'),
(601, 'rx', 'mmm', 'rx', 'mmm', '7'),
(602, 'mmm', 'dzn', 'mmm', 'dzn', '7'),
(603, 'mthd', 'dzn', 'dzn', 'mthd', '7'),
(604, 'mthd', 'krl', 'krl', 'mthd', '7'),
(605, 'cbb', 'mmm', 'cbb', 'mmm', '7'),
(606, 'cbb', 'dzn', 'dzn', 'cbb', '7'),
(607, 'rx', 'mthd', 'rx', 'mthd', '7'),
(608, 'rx', 'krl', 'krl', 'rx', '7'),
(609, 'mmm', 'mthd', 'mthd', 'mmm', '7'),
(610, 'dzn', 'krl', 'dzn', 'krl', '7'),
(611, 'cbb', 'mthd', 'cbb', 'mthd', '7'),
(612, 'cbb', 'krl', 'krl', 'cbb', '7'),
(613, 'rx', 'mmm', 'rx', 'mmm', '7'),
(614, 'rx', 'dzn', 'dzn', 'rx', '7'),
(615, 'mmm', 'krl', 'krl', 'mmm', '7'),
(616, 'mthd', 'dzn', 'dzn', 'mthd', '7'),
(617, 'cbb', 'rx', 'cbb', 'rx', '7'),
(618, 'cbb', 'dzn', 'dzn', 'cbb', '7'),
(619, 'rx', 'krl', 'krl', 'rx', '7'),
(620, 'mmm', 'mthd', 'mmm', 'mthd', '7'),
(621, 'mmm', 'dzn', 'dzn', 'mmm', '7'),
(622, 'mthd', 'krl', 'krl', 'mthd', '7'),
(623, 'cbb', 'mmm', 'mmm', 'cbb', '7'),
(624, 'cbb', 'mthd', 'cbb', 'mthd', '7'),
(625, 'cbb', 'krl', 'krl', 'cbb', '7'),
(626, 'rx', 'mmm', 'mmm', 'rx', '7'),
(627, 'rx', 'mthd', 'rx', 'mthd', '7'),
(628, 'rx', 'dzn', 'dzn', 'rx', '7'),
(629, 'mmm', 'krl', 'krl', 'mmm', '7'),
(630, 'mthd', 'dzn', 'mthd', 'dzn', '7'),
(631, 'dzn', 'krl', 'dzn', 'krl', '7'),
(632, 'aro', 'king', 'aro', 'king', '7'),
(633, 'aro', 'orng', 'orng', 'aro', '7'),
(634, 'king', 'sgs', 'king', 'sgs', '7'),
(635, 'js', 'syg', 'syg', 'js', '7'),
(636, 'orng', 'js', 'orng', 'js', '7'),
(637, 'sgs', 'syg ', 'sgs', 'syg', '7'),
(638, 'aro', 'sgs', 'sgs', 'aro', '7'),
(639, 'aro', 'js', 'js', 'aro', '7'),
(640, 'king', 'js', 'js', 'king', '7'),
(641, 'king', 'syg', 'king', 'syg', '7'),
(642, 'orng', 'sgs', 'orng', 'sgs', '7'),
(643, 'orng', 'syg', 'orng', 'syg', '7'),
(644, 'aro', 'king', 'aro', 'king', '7'),
(645, 'aro', 'syg', 'aro', 'syg', '7'),
(646, 'king', 'orng', 'orng', 'king', '7'),
(647, 'orng', 'js', 'orng', 'js', '7'),
(648, 'sgs', 'js', 'js', 'sgs', '7'),
(649, 'sgs', 'syg', 'sgs', 'syg', '7'),
(650, 'aro', 'orng', 'orng', 'aro', '7'),
(651, 'aro', 'js', 'js', 'aro', '7'),
(652, 'king', 'sgs', 'sgs', 'king', '7'),
(653, 'king', 'syg', 'syg', 'king', '7'),
(654, 'orng', 'sgs', 'sgs', 'orng', '7'),
(655, 'js', 'syg', 'js', 'syg', '7'),
(656, 'aro', 'sgs', 'sgs', 'aro', '7'),
(657, 'aro', 'syg', 'aro', 'syg', '7'),
(658, 'king', 'orng', 'orng', 'king', '7'),
(659, 'king', 'js', 'js', 'king', '7'),
(660, 'orng', 'syg', 'syg', 'orng', '7'),
(661, 'sgs', 'js', 'sgs', 'js', '7'),
(662, 'aro', 'king', 'king', 'aro', '7'),
(663, 'aro', 'js', 'aro', 'js', '7'),
(664, 'king', 'syg', 'syg', 'king', '7'),
(665, 'orng', 'sgs', 'orng', 'sgs', '7'),
(666, 'orng', 'js', 'orng', 'js', '7'),
(667, 'sgs', 'syg ', 'syg', 'sgs', '7'),
(668, 'aro', 'orng', 'aro', 'orng', '7'),
(669, 'aro', 'sgs', 'sgs', 'aro', '7'),
(670, 'aro', 'syg', 'syg', 'aro', '7'),
(671, 'orng', 'king', 'orng', 'king', '7'),
(672, 'sgs', 'king', 'sgs', 'king', '7'),
(673, 'orng', 'syg', 'syg', 'orng', '7'),
(674, 'sgs', 'js', 'js', 'sgs', '7'),
(675, 'js', 'syg', 'syg', 'js', '7'),
(676, 'cbb', 'aro', 'cbb', 'aro', '7'),
(677, 'rx', 'syg', 'syg', 'rx', '7'),
(678, 'mmm', 'js', 'js', 'mmm', '7'),
(679, 'mthd', 'sgs', 'sgs', 'mthd', '7'),
(680, 'dzn', 'orng', 'dzn', 'orng', '7'),
(681, 'krl', 'king', 'king', 'krl', '7'),
(682, 'cbb', 'king', 'king', 'cbb', '7'),
(683, 'rx', 'aro', 'rx', 'aro', '7'),
(684, 'mmm', 'syg', 'syg', 'mmm', '7'),
(685, 'mthd', 'js', 'js', 'mthd', '7'),
(686, 'dzn', 'sgs', 'sgs', 'dzn', '7'),
(687, 'krl', 'orng', 'orng', 'krl', '7'),
(688, 'cbb', 'orng', 'cbb', 'orng', '7'),
(689, 'rx', 'king', 'king', 'rx', '7'),
(690, 'mmm', 'aro', 'mmm', 'aro', '7'),
(691, 'mthd', 'syg', 'syg', 'mthd', '7'),
(692, 'dzn', 'js', 'js', 'dzn', '7'),
(693, 'krl', 'sgs', 'sgs', 'krl', '7'),
(694, 'cbb', 'sgs', 'sgs', 'cbb', '7'),
(695, 'rx', 'orng', 'orng', 'rx', '7'),
(696, 'mmm', 'king', 'king', 'mmm', '7'),
(697, 'mthd', 'aro', 'mthd', 'aro', '7'),
(698, 'dzn', 'syg', 'dzn', 'syg', '7'),
(699, 'krl', 'js', 'krl', 'js', '7'),
(700, 'cbb', 'js', 'js', 'cbb', '7'),
(701, 'rx', 'sgs', 'sgs', 'rx', '7'),
(702, 'mmm', 'orng', 'orng', 'mmm', '7'),
(703, 'mthd', 'king', 'mthd', 'king', '7'),
(704, 'dzn', 'aro', 'dzn', 'aro', '7'),
(705, 'krl', 'syg', 'krl', 'syg', '7'),
(706, 'cbb', 'syg', 'syg', 'cbb', '7'),
(707, 'rx', 'js', 'rx', 'js', '7'),
(708, 'mmm', 'sgs', 'sgs', 'mmm', '7'),
(709, 'mthd', 'orng', 'orng', 'mthd', '7'),
(710, 'dzn', 'king', 'dzn', 'king', '7'),
(711, 'krl', 'aro', 'krl', 'aro', '7'),
(712, 'mmm', 'mint', 'mmm', 'mint', '8'),
(713, 'mmm', 'orng', 'orng', 'mmm', '8'),
(714, 'mmm', 'lsmc', 'mmm', 'lmsc', '8'),
(715, 'mmm', 'king', 'mmm', 'king', '8'),
(716, 'mint', 'orng', 'orng', 'mint', '8'),
(717, 'mint', 'lmsc', 'lmsc', 'mint', '8'),
(718, 'mint', 'king', 'mint', 'king', '8'),
(719, 'orng', 'lmsc', 'orng', 'lmsc', '8'),
(720, 'orng', 'king', 'orng', 'king', '8'),
(721, 'lmsc', 'king', 'king', 'lmsc', '8'),
(722, 'mmm', 'mint', 'mint', 'mmm', '8'),
(723, 'mmm', 'orng', 'orng', 'mmm', '8'),
(724, 'mmm', 'lmsc', 'lmsc', 'mmm', '8'),
(725, 'mmm', 'king', 'mmm', 'king', '8'),
(726, 'mint', 'orng', 'orng', 'mint', '8'),
(727, 'mint', 'lmsc', 'lmsc', 'mint', '8'),
(728, 'orng', 'lmsc', 'orng', 'lmsc', '8'),
(729, 'orng', 'king', 'orng', 'king', '8'),
(730, 'lmsc', 'king', 'lmsc', 'king', '8'),
(731, 'mmm', 'orng', 'orng', 'mmm', '8'),
(732, 'mmm', 'lmsc', 'lmsc', 'mmm', '8'),
(733, 'mmm', 'king', 'king', 'mmm', '8'),
(734, 'mint', 'orng', 'orng', 'mint', '8'),
(735, 'orng', 'lmsc', 'orng', 'lmsc', '8'),
(736, 'orng', 'king', 'orng', 'king', '8'),
(737, 'syg', 'dzn', 'dzn', 'syg', '8'),
(738, 'syg', 'krl', 'syg', 'krl', '8'),
(739, 'syg', 'js', 'syg', 'js', '8'),
(740, 'syg', 'aro', 'syg', 'aro', '8'),
(741, 'dzn', 'krl', 'dzn', 'krl', '8'),
(742, '', '', '', '', ''),
(743, 'dzn', 'aro', 'aro', 'dzn', '8'),
(744, 'krl', 'js', 'krl', 'js', '8'),
(745, 'krl', 'aro', 'aro', 'krl', '8'),
(746, 'js', 'aro', 'aro', 'js', '8'),
(747, 'syg', 'dzn', 'syg', 'dzn', '8'),
(748, 'syg', 'krl', 'krl', 'syg', '8'),
(749, 'syg', 'js', 'syg', 'js', '8'),
(750, 'syg', 'aro', 'syg', 'aro', '8'),
(751, 'dzn', 'krl', 'dzn', 'krl', '8'),
(752, 'dzn', 'js', 'dzn', 'js', '8'),
(753, 'dzn', 'aro', 'dzn', 'aro', '8'),
(754, 'krl', 'js', 'js', 'krl', '8'),
(755, 'krl', 'aro', 'krl', 'aro', '8'),
(756, 'js', 'aro', 'aro', 'js', '8'),
(757, 'syg', 'dzn', 'dzn', 'syg', '8'),
(758, 'syg', 'krl', 'syg', 'krl', '8'),
(759, 'syg', 'js', 'js', 'syg', '8'),
(760, 'syg', 'aro', 'syg', 'aro', '8'),
(761, 'dzn', 'krl', 'dzn', 'krl', '8'),
(762, 'dzn', 'js', 'js', 'dzn', '8'),
(763, 'dzn', 'aro', 'aro', 'dzn', '8'),
(764, 'krl', 'js', 'krl', 'js', ''),
(765, 'krl', 'aro', 'aro', 'krl', '8'),
(766, 'js', 'aro', 'aro', 'js', '8'),
(767, 'mmm', 'aro', 'aro', 'mmm', '8'),
(768, 'mmm', 'syg', 'mmm', 'syg', '8'),
(769, 'mint', 'js', 'mint', 'js', '8'),
(770, 'mint', 'aro', 'aro', 'mint', '8'),
(771, 'orng', 'krl', 'krl', 'orng', '8'),
(772, 'orng', 'js', 'js', 'orng', '8'),
(773, 'lmsc', 'dzn', 'dzn', 'lmsc', '8'),
(774, 'lmsc', 'krl', 'krl', 'lmsc', '8'),
(775, 'king', 'syg', 'syg', 'king', '8'),
(776, 'mmm', 'dzn', 'dzn', 'mmm', '8'),
(777, 'mmm', 'krl', 'krl', 'mmm', '8'),
(778, 'mint', 'syg', 'syg', 'mint', '8'),
(779, 'orng', 'aro', 'orng', 'aro', '8'),
(780, 'orng', 'syg', 'orng', 'syg', '8'),
(781, 'lmsc', 'js', 'js', 'lmsc', '8'),
(782, 'lmsc', 'aro', 'aro', 'lmsc', '8'),
(783, 'king', 'krl', 'krl', 'king', '8'),
(784, 'king', 'js', 'js', 'king', '8'),
(785, 'orng', 'dzn', 'orng', 'dzn', '8'),
(786, 'lmsc', 'syg', 'syg', 'lmsc', '8'),
(787, 'king', 'aro', 'aro', 'king', '8'),
(788, 'alt', 'orng', 'orng', 'alt', '9'),
(789, 'js', 'mmm', 'js', 'mmm', '9'),
(790, 'mint', 'aro', 'aro', 'mint', '9'),
(791, 'don', 'dzn', 'dzn', 'don', '9'),
(792, 'aro', 'don', 'aro', 'don', '9'),
(793, 'dzn', 'alt', 'dzn', 'alt', '9'),
(794, 'mmm', 'mint', 'mint', 'mmm', '9'),
(795, 'orng', 'js', 'js', 'orng', '9'),
(796, 'don', 'mmm', 'don', 'mmm', '9'),
(797, 'mint', 'orng', 'orng', 'mint', '9'),
(798, 'alt', 'js', 'js', 'alt', '9'),
(799, 'dzn', 'aro', 'aro', 'dzn', '9'),
(800, 'js', 'mint', 'mint', 'js', '9'),
(801, 'mmm', 'dzn', 'dzn', 'mmm', '9'),
(802, 'orng', 'don', 'orng', 'don', '9'),
(803, 'aro', 'alt', 'aro', 'alt', '9'),
(804, 'aro', 'mmm', 'aro', 'mmm', '9'),
(805, 'don', 'js', 'js', 'don', '9'),
(806, 'dzn', 'orng', 'dzn', 'orng', '9'),
(807, 'alt', 'mint', 'mint', 'alt', '9'),
(808, 'js', 'dzn', 'dzn', 'js', '9'),
(809, 'orng', 'aro', 'orng', 'aro', '9'),
(810, 'mmm', 'alt', 'mmm', 'alt', '9'),
(811, 'mint', 'don', 'mint', 'don', '9'),
(812, 'dzn', 'mint', 'dzn', 'mint', '9'),
(813, 'alt', 'don', 'alt', 'don', '9'),
(814, 'aro', 'js', 'aro', 'js', '9'),
(815, 'mmm', 'orng', 'orng', 'mmm', '9'),
(816, 'cbb', 'syn', 'cbb', 'syn', '10'),
(817, 'orng', 'js', 'js', 'orng', '10'),
(818, 'don', 'wood', 'don', 'wood', '10'),
(819, 'dzn', 'aro', 'dzn', 'aro', '10'),
(820, 'wood', 'dzn', 'dzn', 'wood', '10'),
(821, 'js', 'don', 'js', 'don', '10'),
(822, 'syn', 'orng', 'orng', 'syn', '10'),
(823, 'sgs', 'cbb', 'sgs', 'cbb', '10'),
(824, 'orng', 'sgs', 'orng', 'sgs', '10'),
(825, 'don', 'syn', 'syn', 'don', '10'),
(826, 'dzn', 'js', 'dzn', 'js', '10'),
(827, 'aro', 'wood', 'aro', 'wood', '10'),
(828, 'js', 'aro', 'js', 'aro', '10'),
(829, 'syn', 'dzn', 'dzn', 'syn', '10'),
(830, 'sgs', 'don', 'sgs', 'don', '10'),
(831, 'cbb', 'orng', 'orng', 'cbb', '10'),
(832, 'don', 'cbb', 'cbb', 'don', '10'),
(833, 'dzn', 'sgs', 'dzn', 'sgs', '10'),
(834, 'aro', 'syn', 'aro', 'syn', '10'),
(835, 'wood', 'js', 'wood', 'js', '10'),
(836, 'syn', 'wood', 'syn', 'wood', '10'),
(837, 'sgs', 'aro', 'sgs', 'aro', '10'),
(838, 'cbb', 'dzn', 'dzn', 'cbb', '10'),
(839, 'orng', 'don', 'orng', 'don', '10'),
(840, 'dzn', 'orng', 'orng', 'dzn', '10'),
(841, 'aro', 'cbb', 'cbb', 'aro', '10'),
(842, 'wood', 'sgs', 'sgs', 'wood', '10'),
(843, 'js', 'syn', 'js', 'syn', '10'),
(844, 'sgs', 'js', 'sgs', 'js', '10'),
(845, 'cbb', 'wood', 'cbb', 'wood', '10'),
(846, 'orng', 'aro', 'orng', 'aro', '10'),
(847, 'don', 'dzn', 'dzn', 'don', '10'),
(848, 'aro', 'don', 'aro', 'don', '10'),
(849, 'wood', 'orng', 'wood', 'orng', '10'),
(850, 'js', 'cbb', 'js', 'cbb', '10'),
(851, 'syn', 'sgs', 'sgs', 'syn', '10'),
(852, 'orng', 'js', 'js', 'orng', '11'),
(853, 'aro', 'syn', 'aro', 'syn', '11'),
(854, 'dzn', 'huh', 'dzn', 'huh', '11'),
(855, 'sgs', 'cbb', 'sgs', 'cbb', '11'),
(856, 'huh', 'sgs', 'sgs', 'huh', '11'),
(857, 'syn', 'dzn', 'dzn', 'syn', '11'),
(858, 'js', 'aro', 'aro', 'js', '11'),
(859, 'don', 'orng', 'orng', 'don', '11'),
(860, 'aro', 'don', 'aro', 'don', '11'),
(861, 'dzn', 'js', 'dzn', 'js', '11'),
(862, 'sgs', 'syn', 'sgs', 'syn', '11'),
(863, 'cbb', 'huh', 'cbb', 'huh', '11'),
(864, 'syn', 'cbb', 'cbb', 'syn', '11'),
(865, 'js', 'sgs', 'sgs', 'js', '11'),
(866, 'don', 'dzn', 'dzn', 'don', '11'),
(867, 'orng', 'aro', 'orng', 'aro', '11'),
(868, 'dzn', 'orng', 'dzn', 'orng', '11'),
(869, 'sgs', 'don', 'sgs', 'don', '11'),
(870, 'cbb', 'js', 'js', 'cbb', '11'),
(871, 'huh', 'syn', 'huh', 'syn', '11'),
(872, 'js', 'huh', 'js', 'huh', '11'),
(873, 'don', 'cbb', 'don', 'cbb', '11'),
(874, 'orng', 'sgs', 'sgs', 'orng', '11'),
(875, 'aro', 'dzn', 'dzn', 'aro', '11'),
(876, 'sgs', 'aro', 'sgs', 'aro', '11'),
(877, 'cbb', 'orng', 'orng', 'cbb', '11'),
(878, 'huh', 'don', 'huh', 'don', '11'),
(879, 'syn', 'js', 'syn', 'js', '11'),
(880, 'don', 'syn', 'don', 'syn', '11'),
(881, 'orng', 'huh', 'orng', 'huh', '11'),
(882, 'aro', 'cbb', 'aro', 'cbb', '11'),
(883, 'dzn', 'sgs', 'sgs', 'dzn', '11'),
(884, 'cbb', 'dzn', 'dzn', 'cbb', '11'),
(885, 'huh', 'aro', 'aro', 'huh', '11'),
(886, 'syn', 'orng', 'orng', 'syn', '11'),
(887, 'js', 'don', 'js', 'don', '11');

-- --------------------------------------------------------

--
-- Table structure for table `pkmn_tier`
--

CREATE TABLE `pkmn_tier` (
  `id` int(11) NOT NULL,
  `showdown_pkmn_id` int(11) NOT NULL,
  `season_id` int(11) NOT NULL,
  `tier` varchar(10) DEFAULT NULL,
  `created_at` timestamp NOT NULL DEFAULT CURRENT_TIMESTAMP
) ENGINE=InnoDB DEFAULT CHARSET=utf8;

--
-- Dumping data for table `pkmn_tier`
--

INSERT INTO `pkmn_tier` (`id`, `showdown_pkmn_id`, `season_id`, `tier`, `created_at`) VALUES
(3, 3, 12, 'LC', '2026-03-03 18:15:18'),
(4, 4, 12, 'NFE', '2026-03-03 18:15:18'),
(5, 5, 12, 'ZU', '2026-03-03 18:15:18'),
(6, 8, 12, 'LC', '2026-03-03 18:15:18'),
(7, 9, 12, 'NFE', '2026-03-03 18:15:18'),
(8, 10, 12, 'ZU', '2026-03-03 18:15:18'),
(9, 14, 12, 'LC', '2026-03-03 18:15:18'),
(10, 15, 12, 'NFE', '2026-03-03 18:15:18'),
(11, 16, 12, 'RUBL', '2026-03-03 18:15:18'),
(12, 19, 12, 'Illegal', '2026-03-03 18:15:18'),
(13, 20, 12, 'Illegal', '2026-03-03 18:15:18'),
(14, 21, 12, 'Illegal', '2026-03-03 18:15:18'),
(15, 23, 12, 'Illegal', '2026-03-03 18:15:18'),
(16, 24, 12, 'Illegal', '2026-03-03 18:15:18'),
(17, 25, 12, 'Illegal', '2026-03-03 18:15:18'),
(18, 27, 12, 'Illegal', '2026-03-03 18:15:18'),
(19, 28, 12, 'Illegal', '2026-03-03 18:15:18'),
(20, 29, 12, 'Illegal', '2026-03-03 18:15:18'),
(21, 31, 12, 'Illegal', '2026-03-03 18:15:18'),
(22, 33, 12, 'Illegal', '2026-03-03 18:15:18'),
(23, 36, 12, 'Illegal', '2026-03-03 18:15:18'),
(24, 37, 12, 'Illegal', '2026-03-03 18:15:18'),
(25, 38, 12, 'LC', '2026-03-03 18:15:18'),
(26, 39, 12, 'ZU', '2026-03-03 18:15:18'),
(27, 40, 12, 'ZU', '2026-03-03 18:15:18'),
(28, 57, 12, 'ZU', '2026-03-03 18:15:18'),
(29, 61, 12, 'LC', '2026-03-03 18:15:18'),
(30, 63, 12, 'ZU', '2026-03-03 18:15:18'),
(31, 65, 12, 'Illegal', '2026-03-03 18:15:18'),
(32, 66, 12, 'Illegal', '2026-03-03 18:15:18'),
(33, 67, 12, 'Illegal', '2026-03-03 18:15:18'),
(34, 68, 12, 'Illegal', '2026-03-03 18:15:18'),
(35, 69, 12, 'Illegal', '2026-03-03 18:15:18'),
(36, 70, 12, 'Illegal', '2026-03-03 18:15:18'),
(37, 71, 12, 'NFE', '2026-03-03 18:15:18'),
(38, 72, 12, 'OU', '2026-03-03 18:15:18'),
(39, 74, 12, 'NFE', '2026-03-03 18:15:18'),
(40, 76, 12, 'ZU', '2026-03-03 18:15:18'),
(41, 78, 12, 'NFE', '2026-03-03 18:15:18'),
(42, 79, 12, 'ZU', '2026-03-03 18:15:18'),
(43, 80, 12, 'Illegal', '2026-03-03 18:15:18'),
(44, 81, 12, 'Illegal', '2026-03-03 18:15:18'),
(45, 82, 12, 'LC', '2026-03-03 18:15:18'),
(46, 83, 12, 'NFE', '2026-03-03 18:15:18'),
(47, 84, 12, 'NU', '2026-03-03 18:15:18'),
(48, 85, 12, 'Illegal', '2026-03-03 18:15:18'),
(49, 86, 12, 'Illegal', '2026-03-03 18:15:18'),
(50, 87, 12, 'LC', '2026-03-03 18:15:18'),
(51, 88, 12, 'ZUBL', '2026-03-03 18:15:18'),
(52, 89, 12, 'NFE', '2026-03-03 18:15:18'),
(53, 91, 12, 'ZU', '2026-03-03 18:15:18'),
(54, 93, 12, 'LC', '2026-03-03 18:15:18'),
(55, 97, 12, 'ZU', '2026-03-03 18:15:18'),
(56, 99, 12, 'LC', '2026-03-03 18:15:18'),
(57, 100, 12, 'ZU', '2026-03-03 18:15:18'),
(58, 101, 12, 'LC', '2026-03-03 18:15:18'),
(59, 102, 12, 'ZU', '2026-03-03 18:15:18'),
(60, 103, 12, 'LC', '2026-03-03 18:15:18'),
(61, 105, 12, 'PU', '2026-03-03 18:15:18'),
(62, 107, 12, 'LC', '2026-03-03 18:15:18'),
(63, 108, 12, 'NFE', '2026-03-03 18:15:18'),
(64, 109, 12, 'ZU', '2026-03-03 18:15:18'),
(65, 110, 12, 'Illegal', '2026-03-03 18:15:18'),
(66, 111, 12, 'Illegal', '2026-03-03 18:15:18'),
(67, 112, 12, 'Illegal', '2026-03-03 18:15:18'),
(68, 114, 12, 'Illegal', '2026-03-03 18:15:18'),
(69, 115, 12, 'Illegal', '2026-03-03 18:15:18'),
(70, 116, 12, 'Illegal', '2026-03-03 18:15:18'),
(71, 118, 12, 'LC', '2026-03-03 18:15:18'),
(72, 119, 12, 'NFE', '2026-03-03 18:15:18'),
(73, 120, 12, 'ZU', '2026-03-03 18:15:18'),
(74, 122, 12, 'LC', '2026-03-03 18:15:18'),
(75, 123, 12, 'NU', '2026-03-03 18:15:18'),
(76, 124, 12, 'LC', '2026-03-03 18:15:18'),
(77, 126, 12, 'NFE', '2026-03-03 18:15:18'),
(78, 128, 12, 'ZU', '2026-03-03 18:15:18'),
(79, 130, 12, 'Illegal', '2026-03-03 18:15:18'),
(80, 132, 12, 'Illegal', '2026-03-03 18:15:18'),
(81, 134, 12, 'LC', '2026-03-03 18:15:18'),
(82, 136, 12, 'RU', '2026-03-03 18:15:18'),
(83, 139, 12, 'LC', '2026-03-03 18:15:18'),
(84, 140, 12, 'ZU', '2026-03-03 18:15:18'),
(85, 141, 12, 'Illegal', '2026-03-03 18:15:18'),
(86, 143, 12, 'LC', '2026-03-03 18:15:18'),
(87, 144, 12, 'ZU', '2026-03-03 18:15:18'),
(88, 145, 12, 'LC', '2026-03-03 18:15:18'),
(89, 146, 12, 'ZU', '2026-03-03 18:15:18'),
(90, 147, 12, 'LC', '2026-03-03 18:15:18'),
(91, 149, 12, 'ZU', '2026-03-03 18:15:18'),
(92, 151, 12, 'LC', '2026-03-03 18:15:18'),
(93, 152, 12, 'NUBL', '2026-03-03 18:15:18'),
(94, 153, 12, 'NFE', '2026-03-03 18:15:18'),
(95, 154, 12, 'NFE', '2026-03-03 18:15:18'),
(96, 155, 12, 'RU', '2026-03-03 18:15:19'),
(97, 158, 12, 'Illegal', '2026-03-03 18:15:19'),
(98, 159, 12, 'LC', '2026-03-03 18:15:19'),
(99, 160, 12, 'ZU', '2026-03-03 18:15:19'),
(100, 161, 12, 'Illegal', '2026-03-03 18:15:19'),
(101, 162, 12, 'Illegal', '2026-03-03 18:15:19'),
(102, 164, 12, 'LC', '2026-03-03 18:15:19'),
(103, 166, 12, 'ZU', '2026-03-03 18:15:19'),
(104, 168, 12, 'LC', '2026-03-03 18:15:19'),
(105, 169, 12, 'ZU', '2026-03-03 18:15:19'),
(106, 171, 12, 'Illegal', '2026-03-03 18:15:19'),
(107, 172, 12, 'Illegal', '2026-03-03 18:15:19'),
(108, 175, 12, 'PU', '2026-03-03 18:15:19'),
(109, 176, 12, 'ZU', '2026-03-03 18:15:19'),
(110, 177, 12, 'Illegal', '2026-03-03 18:15:19'),
(111, 178, 12, 'LC', '2026-03-03 18:15:19'),
(112, 179, 12, 'ZU', '2026-03-03 18:15:19'),
(113, 181, 12, 'LC', '2026-03-03 18:15:19'),
(114, 182, 12, 'PU', '2026-03-03 18:15:19'),
(115, 183, 12, 'NU', '2026-03-03 18:15:19'),
(116, 184, 12, 'Illegal', '2026-03-03 18:15:19'),
(117, 185, 12, 'Illegal', '2026-03-03 18:15:19'),
(118, 187, 12, 'LC', '2026-03-03 18:15:19'),
(119, 188, 12, 'NFE', '2026-03-03 18:15:19'),
(120, 189, 12, 'Illegal', '2026-03-03 18:15:19'),
(121, 190, 12, 'Illegal', '2026-03-03 18:15:19'),
(122, 191, 12, 'Illegal', '2026-03-03 18:15:19'),
(123, 192, 12, 'Illegal', '2026-03-03 18:15:19'),
(124, 194, 12, 'Illegal', '2026-03-03 18:15:19'),
(125, 196, 12, 'NU', '2026-03-03 18:15:19'),
(126, 197, 12, 'Illegal', '2026-03-03 18:15:19'),
(127, 198, 12, 'NFE', '2026-03-03 18:15:19'),
(128, 199, 12, 'NFE', '2026-03-03 18:15:19'),
(129, 200, 12, 'Illegal', '2026-03-03 18:15:19'),
(130, 202, 12, 'ZU', '2026-03-03 18:15:19'),
(131, 206, 12, 'LC', '2026-03-03 18:15:19'),
(132, 207, 12, 'RUBL', '2026-03-03 18:15:19'),
(133, 209, 12, 'ZU', '2026-03-03 18:15:19'),
(134, 211, 12, 'ZU', '2026-03-03 18:15:19'),
(135, 212, 12, 'LC', '2026-03-03 18:15:19'),
(136, 215, 12, 'NU', '2026-03-03 18:15:19'),
(137, 216, 12, 'ZU', '2026-03-03 18:15:19'),
(138, 217, 12, 'ZU', '2026-03-03 18:15:19'),
(139, 218, 12, 'NFE', '2026-03-03 18:15:19'),
(140, 219, 12, 'Illegal', '2026-03-03 18:15:19'),
(141, 220, 12, 'Illegal', '2026-03-03 18:15:19'),
(142, 221, 12, 'Illegal', '2026-03-03 18:15:19'),
(143, 222, 12, 'Illegal', '2026-03-03 18:15:19'),
(144, 223, 12, 'Illegal', '2026-03-03 18:15:19'),
(145, 225, 12, 'ZU', '2026-03-03 18:15:19'),
(146, 227, 12, 'ZU', '2026-03-03 18:15:19'),
(147, 229, 12, 'OU', '2026-03-03 18:15:19'),
(148, 231, 12, 'OU', '2026-03-03 18:15:19'),
(149, 233, 12, 'LC', '2026-03-03 18:15:19'),
(150, 234, 12, 'NFE', '2026-03-03 18:15:19'),
(151, 235, 12, 'OU', '2026-03-03 18:15:19'),
(152, 237, 12, 'Uber', '2026-03-03 18:15:19'),
(153, 240, 12, 'RU', '2026-03-03 18:15:19'),
(154, 241, 12, 'LC', '2026-03-03 18:15:19'),
(155, 242, 12, 'NFE', '2026-03-03 18:15:19'),
(156, 243, 12, 'ZU', '2026-03-03 18:15:19'),
(157, 245, 12, 'LC', '2026-03-03 18:15:19'),
(158, 246, 12, 'NFE', '2026-03-03 18:15:19'),
(159, 247, 12, 'ZU', '2026-03-03 18:15:19'),
(160, 249, 12, 'LC', '2026-03-03 18:15:19'),
(161, 250, 12, 'NFE', '2026-03-03 18:15:19'),
(162, 251, 12, 'NUBL', '2026-03-03 18:15:19'),
(163, 253, 12, 'LC', '2026-03-03 18:15:19'),
(164, 254, 12, 'ZU', '2026-03-03 18:15:19'),
(165, 255, 12, 'LC', '2026-03-03 18:15:19'),
(166, 256, 12, 'ZU', '2026-03-03 18:15:19'),
(167, 257, 12, 'Illegal', '2026-03-03 18:15:19'),
(168, 258, 12, 'Illegal', '2026-03-03 18:15:19'),
(169, 259, 12, 'LC', '2026-03-03 18:15:19'),
(170, 260, 12, 'ZU', '2026-03-03 18:15:19'),
(171, 261, 12, 'Illegal', '2026-03-03 18:15:19'),
(172, 262, 12, 'LC', '2026-03-03 18:15:19'),
(173, 263, 12, 'ZU', '2026-03-03 18:15:19'),
(174, 264, 12, 'LC', '2026-03-03 18:15:19'),
(175, 266, 12, 'LC', '2026-03-03 18:15:19'),
(176, 267, 12, 'LC', '2026-03-03 18:15:19'),
(177, 268, 12, 'Illegal', '2026-03-03 18:15:19'),
(178, 269, 12, 'Illegal', '2026-03-03 18:15:19'),
(179, 270, 12, 'Illegal', '2026-03-03 18:15:19'),
(180, 271, 12, 'Illegal', '2026-03-03 18:15:19'),
(181, 272, 12, 'LC', '2026-03-03 18:15:19'),
(182, 273, 12, 'NFE', '2026-03-03 18:15:19'),
(183, 274, 12, 'ZU', '2026-03-03 18:15:19'),
(184, 276, 12, 'ZUBL', '2026-03-03 18:15:19'),
(185, 277, 12, 'NFE', '2026-03-03 18:15:19'),
(186, 278, 12, 'UU', '2026-03-03 18:15:19'),
(187, 279, 12, 'ZU', '2026-03-03 18:15:19'),
(188, 280, 12, 'RU', '2026-03-03 18:15:19'),
(189, 281, 12, 'LC', '2026-03-03 18:15:19'),
(190, 282, 12, 'NFE', '2026-03-03 18:15:19'),
(191, 283, 12, 'ZU', '2026-03-03 18:15:19'),
(192, 284, 12, 'NFE', '2026-03-03 18:15:19'),
(193, 285, 12, 'LC', '2026-03-03 18:15:19'),
(194, 286, 12, 'ZU', '2026-03-03 18:15:19'),
(195, 287, 12, 'NFE', '2026-03-03 18:15:19'),
(196, 288, 12, 'LC', '2026-03-03 18:15:19'),
(197, 290, 12, 'RU', '2026-03-03 18:15:19'),
(198, 291, 12, 'NU', '2026-03-03 18:15:19'),
(199, 292, 12, 'RU', '2026-03-03 18:15:19'),
(200, 293, 12, 'NFE', '2026-03-03 18:15:19'),
(201, 294, 12, 'UU', '2026-03-03 18:15:19'),
(202, 296, 12, 'NFE', '2026-03-03 18:15:19'),
(203, 297, 12, 'Illegal', '2026-03-03 18:15:19'),
(204, 298, 12, 'Illegal', '2026-03-03 18:15:19'),
(205, 299, 12, 'NFE', '2026-03-03 18:15:19'),
(206, 300, 12, 'LC', '2026-03-03 18:15:19'),
(207, 301, 12, 'RU', '2026-03-03 18:15:19'),
(208, 302, 12, 'NFE', '2026-03-03 18:15:19'),
(209, 303, 12, 'NU', '2026-03-03 18:15:19'),
(210, 304, 12, 'Illegal', '2026-03-03 18:15:19'),
(211, 306, 12, 'LC', '2026-03-03 18:15:19'),
(212, 307, 12, 'ZU', '2026-03-03 18:15:19'),
(213, 308, 12, 'PU', '2026-03-03 18:15:19'),
(214, 310, 12, 'UU', '2026-03-03 18:15:19'),
(215, 312, 12, 'Illegal', '2026-03-03 18:15:19'),
(216, 313, 12, 'PUBL', '2026-03-03 18:15:19'),
(217, 315, 12, 'NFE', '2026-03-03 18:15:19'),
(218, 317, 12, 'LC', '2026-03-03 18:15:19'),
(219, 318, 12, 'NFE', '2026-03-03 18:15:19'),
(220, 319, 12, 'LC', '2026-03-03 18:15:19'),
(221, 320, 12, 'ZU', '2026-03-03 18:15:19'),
(222, 321, 12, 'LC', '2026-03-03 18:15:19'),
(223, 322, 12, 'NFE', '2026-03-03 18:15:19'),
(224, 323, 12, 'Illegal', '2026-03-03 18:15:19'),
(225, 325, 12, 'Illegal', '2026-03-03 18:15:19'),
(226, 326, 12, 'Illegal', '2026-03-03 18:15:19'),
(227, 327, 12, 'ZU', '2026-03-03 18:15:19'),
(228, 328, 12, 'Illegal', '2026-03-03 18:15:19'),
(229, 329, 12, 'UU', '2026-03-03 18:15:19'),
(230, 331, 12, 'LC', '2026-03-03 18:15:19'),
(231, 332, 12, 'ZU', '2026-03-03 18:15:19'),
(232, 334, 12, 'ZUBL', '2026-03-03 18:15:19'),
(233, 335, 12, 'LC', '2026-03-03 18:15:19'),
(234, 336, 12, 'UU', '2026-03-03 18:15:19'),
(235, 337, 12, 'ZUBL', '2026-03-03 18:15:19'),
(236, 338, 12, 'NFE', '2026-03-03 18:15:19'),
(237, 339, 12, 'ZU', '2026-03-03 18:15:19'),
(238, 340, 12, 'LC', '2026-03-03 18:15:19'),
(239, 341, 12, 'ZU', '2026-03-03 18:15:19'),
(240, 342, 12, 'Illegal', '2026-03-03 18:15:19'),
(241, 343, 12, 'LC', '2026-03-03 18:15:19'),
(242, 344, 12, 'NFE', '2026-03-03 18:15:19'),
(243, 345, 12, 'Illegal', '2026-03-03 18:15:19'),
(244, 346, 12, 'RU', '2026-03-03 18:15:19'),
(245, 347, 12, 'NU', '2026-03-03 18:15:19'),
(246, 348, 12, 'RU', '2026-03-03 18:15:19'),
(247, 349, 12, 'RU', '2026-03-03 18:15:19'),
(248, 350, 12, 'LC', '2026-03-03 18:15:19'),
(249, 351, 12, 'NFE', '2026-03-03 18:15:19'),
(250, 352, 12, 'OU', '2026-03-03 18:15:19'),
(251, 354, 12, 'Uber', '2026-03-03 18:15:19'),
(252, 355, 12, 'Uber', '2026-03-03 18:15:19'),
(253, 356, 12, 'Illegal', '2026-03-03 18:15:19'),
(254, 357, 12, 'LC', '2026-03-03 18:15:19'),
(255, 358, 12, 'NFE', '2026-03-03 18:15:19'),
(256, 359, 12, 'ZU', '2026-03-03 18:15:19'),
(257, 361, 12, 'NFE', '2026-03-03 18:15:19'),
(258, 362, 12, 'NFE', '2026-03-03 18:15:19'),
(259, 363, 12, 'UUBL', '2026-03-03 18:15:19'),
(260, 365, 12, 'LC', '2026-03-03 18:15:19'),
(261, 366, 12, 'NFE', '2026-03-03 18:15:19'),
(262, 367, 12, 'NU', '2026-03-03 18:15:19'),
(263, 369, 12, 'LC', '2026-03-03 18:15:19'),
(264, 370, 12, 'ZU', '2026-03-03 18:15:19'),
(265, 371, 12, 'Illegal', '2026-03-03 18:15:19'),
(266, 373, 12, 'Illegal', '2026-03-03 18:15:19'),
(267, 375, 12, 'Illegal', '2026-03-03 18:15:19'),
(268, 376, 12, 'Illegal', '2026-03-03 18:15:19'),
(269, 377, 12, 'Illegal', '2026-03-03 18:15:19'),
(270, 378, 12, 'Illegal', '2026-03-03 18:15:19'),
(271, 379, 12, 'Illegal', '2026-03-03 18:15:19'),
(272, 380, 12, 'LC', '2026-03-03 18:15:19'),
(273, 381, 12, 'NFE', '2026-03-03 18:15:19'),
(274, 382, 12, 'ZU', '2026-03-03 18:15:19'),
(275, 383, 12, 'LC', '2026-03-03 18:15:19'),
(276, 384, 12, 'NFE', '2026-03-03 18:15:19'),
(277, 385, 12, 'ZU', '2026-03-03 18:15:19'),
(278, 386, 12, 'Illegal', '2026-03-03 18:15:19'),
(279, 387, 12, 'Illegal', '2026-03-03 18:15:19'),
(280, 388, 12, 'LC', '2026-03-03 18:15:19'),
(281, 389, 12, 'UUBL', '2026-03-03 18:15:19'),
(282, 390, 12, 'LC', '2026-03-03 18:15:19'),
(283, 391, 12, 'NFE', '2026-03-03 18:15:19'),
(284, 392, 12, 'RU', '2026-03-03 18:15:19'),
(285, 394, 12, 'LC', '2026-03-03 18:15:19'),
(286, 395, 12, 'ZU', '2026-03-03 18:15:19'),
(287, 396, 12, 'LC', '2026-03-03 18:15:19'),
(288, 397, 12, 'RU', '2026-03-03 18:15:19'),
(289, 398, 12, 'LC', '2026-03-03 18:15:19'),
(290, 399, 12, 'NFE', '2026-03-03 18:15:19'),
(291, 400, 12, 'ZU', '2026-03-03 18:15:19'),
(292, 401, 12, 'Illegal', '2026-03-03 18:15:19'),
(293, 402, 12, 'Illegal', '2026-03-03 18:15:19'),
(294, 403, 12, 'Illegal', '2026-03-03 18:15:19'),
(295, 404, 12, 'Illegal', '2026-03-03 18:15:19'),
(296, 405, 12, 'Illegal', '2026-03-03 18:15:19'),
(297, 406, 12, 'Illegal', '2026-03-03 18:15:19'),
(298, 407, 12, 'LC', '2026-03-03 18:15:19'),
(299, 408, 12, 'PU', '2026-03-03 18:15:19'),
(300, 409, 12, 'LC', '2026-03-03 18:15:19'),
(301, 410, 12, 'LC', '2026-03-03 18:15:19'),
(302, 411, 12, 'Illegal', '2026-03-03 18:15:19'),
(303, 412, 12, 'Illegal', '2026-03-03 18:15:19'),
(304, 413, 12, 'ZU', '2026-03-03 18:15:19'),
(305, 415, 12, 'Illegal', '2026-03-03 18:15:19'),
(306, 417, 12, 'Illegal', '2026-03-03 18:15:19'),
(307, 418, 12, 'Illegal', '2026-03-03 18:15:19'),
(308, 419, 12, 'Illegal', '2026-03-03 18:15:19'),
(309, 421, 12, 'NFE', '2026-03-03 18:15:19'),
(310, 422, 12, 'ZU', '2026-03-03 18:15:19'),
(311, 424, 12, 'Illegal', '2026-03-03 18:15:19'),
(312, 425, 12, 'Illegal', '2026-03-03 18:15:19'),
(313, 427, 12, 'ZU', '2026-03-03 18:15:19'),
(314, 428, 12, 'ZU', '2026-03-03 18:15:19'),
(315, 429, 12, 'ZU', '2026-03-03 18:15:19'),
(316, 430, 12, 'ZU', '2026-03-03 18:15:19'),
(317, 431, 12, 'Illegal', '2026-03-03 18:15:19'),
(318, 432, 12, 'LC', '2026-03-03 18:15:19'),
(319, 433, 12, 'ZU', '2026-03-03 18:15:19'),
(320, 434, 12, 'Illegal', '2026-03-03 18:15:19'),
(321, 435, 12, 'Illegal', '2026-03-03 18:15:19'),
(322, 437, 12, 'Illegal', '2026-03-03 18:15:19'),
(323, 438, 12, 'Illegal', '2026-03-03 18:15:19'),
(324, 439, 12, 'LC', '2026-03-03 18:15:19'),
(325, 440, 12, 'ZU', '2026-03-03 18:15:19'),
(326, 442, 12, 'ZU', '2026-03-03 18:15:19'),
(327, 443, 12, 'LC', '2026-03-03 18:15:19'),
(328, 444, 12, 'ZU', '2026-03-03 18:15:19'),
(329, 445, 12, 'Illegal', '2026-03-03 18:15:19'),
(330, 446, 12, 'LC', '2026-03-03 18:15:19'),
(331, 447, 12, 'NFE', '2026-03-03 18:15:19'),
(332, 448, 12, 'NU', '2026-03-03 18:15:19'),
(333, 449, 12, 'LC', '2026-03-03 18:15:19'),
(334, 450, 12, 'ZU', '2026-03-03 18:15:19'),
(335, 451, 12, 'LC', '2026-03-03 18:15:19'),
(336, 452, 12, 'NU', '2026-03-03 18:15:19'),
(337, 454, 12, 'ZU', '2026-03-03 18:15:19'),
(338, 455, 12, 'ZU', '2026-03-03 18:15:19'),
(339, 456, 12, 'Illegal', '2026-03-03 18:15:19'),
(340, 457, 12, 'Illegal', '2026-03-03 18:15:19'),
(341, 458, 12, 'LC', '2026-03-03 18:15:19'),
(342, 459, 12, 'ZU', '2026-03-03 18:15:19'),
(343, 460, 12, 'LC', '2026-03-03 18:15:19'),
(344, 461, 12, 'RU', '2026-03-03 18:15:19'),
(345, 462, 12, 'Illegal', '2026-03-03 18:15:19'),
(346, 463, 12, 'Illegal', '2026-03-03 18:15:19'),
(347, 464, 12, 'Illegal', '2026-03-03 18:15:19'),
(348, 465, 12, 'Illegal', '2026-03-03 18:15:19'),
(349, 466, 12, 'Illegal', '2026-03-03 18:15:19'),
(350, 467, 12, 'Illegal', '2026-03-03 18:15:19'),
(351, 468, 12, 'LC', '2026-03-03 18:15:19'),
(352, 469, 12, 'PU', '2026-03-03 18:15:19'),
(353, 470, 12, 'Illegal', '2026-03-03 18:15:19'),
(354, 474, 12, 'Illegal', '2026-03-03 18:15:19'),
(355, 475, 12, 'LC', '2026-03-03 18:15:19'),
(356, 476, 12, 'ZU', '2026-03-03 18:15:19'),
(357, 478, 12, 'LC', '2026-03-03 18:15:19'),
(358, 479, 12, 'NFE', '2026-03-03 18:15:19'),
(359, 480, 12, 'ZU', '2026-03-03 18:15:19'),
(360, 481, 12, 'ZU', '2026-03-03 18:15:19'),
(361, 483, 12, 'Illegal', '2026-03-03 18:15:19'),
(362, 486, 12, 'Illegal', '2026-03-03 18:15:19'),
(363, 487, 12, 'LC', '2026-03-03 18:15:19'),
(364, 488, 12, 'ZU', '2026-03-03 18:15:19'),
(365, 490, 12, 'Illegal', '2026-03-03 18:15:19'),
(366, 491, 12, 'Illegal', '2026-03-03 18:15:19'),
(367, 492, 12, 'Illegal', '2026-03-03 18:15:19'),
(368, 493, 12, 'Illegal', '2026-03-03 18:15:19'),
(369, 494, 12, 'Illegal', '2026-03-03 18:15:19'),
(370, 495, 12, 'Illegal', '2026-03-03 18:15:19'),
(371, 496, 12, 'Illegal', '2026-03-03 18:15:19'),
(372, 497, 12, 'ZU', '2026-03-03 18:15:19'),
(373, 498, 12, 'LC', '2026-03-03 18:15:19'),
(374, 499, 12, 'NFE', '2026-03-03 18:15:19'),
(375, 500, 12, 'RUBL', '2026-03-03 18:15:19'),
(376, 502, 12, 'LC', '2026-03-03 18:15:19'),
(377, 503, 12, 'NFE', '2026-03-03 18:15:19'),
(378, 504, 12, 'UU', '2026-03-03 18:15:19'),
(379, 506, 12, 'ZU', '2026-03-03 18:15:19'),
(380, 507, 12, 'ZU', '2026-03-03 18:15:19'),
(381, 508, 12, 'RU', '2026-03-03 18:15:19'),
(382, 509, 12, 'UUBL', '2026-03-03 18:15:19'),
(383, 511, 12, 'UU', '2026-03-03 18:15:19'),
(384, 513, 12, 'Uber', '2026-03-03 18:15:19'),
(385, 515, 12, 'Uber', '2026-03-03 18:15:19'),
(386, 517, 12, 'Uber', '2026-03-03 18:15:19'),
(387, 519, 12, 'RU', '2026-03-03 18:15:19'),
(388, 520, 12, 'Uber', '2026-03-03 18:15:19'),
(389, 524, 12, 'LC', '2026-03-03 18:15:19'),
(390, 525, 12, 'NFE', '2026-03-03 18:15:19'),
(391, 526, 12, 'RU', '2026-03-03 18:15:19'),
(392, 527, 12, 'LC', '2026-03-03 18:15:19'),
(393, 528, 12, 'NFE', '2026-03-03 18:15:19'),
(394, 529, 12, 'NU', '2026-03-03 18:15:19'),
(395, 530, 12, 'LC', '2026-03-03 18:15:19'),
(396, 531, 12, 'NFE', '2026-03-03 18:15:19'),
(397, 532, 12, 'RU', '2026-03-03 18:15:19'),
(398, 533, 12, 'LC', '2026-03-03 18:15:19'),
(399, 534, 12, 'NFE', '2026-03-03 18:15:19'),
(400, 535, 12, 'NU', '2026-03-03 18:15:19'),
(401, 537, 12, 'Illegal', '2026-03-03 18:15:19'),
(402, 538, 12, 'Illegal', '2026-03-03 18:15:19'),
(403, 539, 12, 'LC', '2026-03-03 18:15:19'),
(404, 540, 12, 'ZU', '2026-03-03 18:15:19'),
(405, 541, 12, 'LC', '2026-03-03 18:15:19'),
(406, 542, 12, 'NFE', '2026-03-03 18:15:19'),
(407, 543, 12, 'ZU', '2026-03-03 18:15:19'),
(408, 544, 12, 'Illegal', '2026-03-03 18:15:19'),
(409, 545, 12, 'Illegal', '2026-03-03 18:15:19'),
(410, 546, 12, 'LC', '2026-03-03 18:15:19'),
(411, 547, 12, 'ZU', '2026-03-03 18:15:19'),
(412, 548, 12, 'LC', '2026-03-03 18:15:19'),
(413, 549, 12, 'ZU', '2026-03-03 18:15:19'),
(414, 550, 12, 'Illegal', '2026-03-03 18:15:19'),
(4947, 1981, 12, 'LC', '2026-03-03 19:31:35'),
(4948, 1982, 12, 'ZU', '2026-03-03 19:31:35'),
(4949, 1983, 12, 'ZU', '2026-03-03 19:31:35'),
(4950, 1984, 12, 'LC', '2026-03-03 19:31:35'),
(4951, 1985, 12, 'PU', '2026-03-03 19:31:35'),
(4952, 1986, 12, 'LC', '2026-03-03 19:31:35'),
(4953, 1987, 12, 'RU', '2026-03-03 19:31:35'),
(4954, 1988, 12, 'PU', '2026-03-03 19:31:35'),
(4955, 1989, 12, 'LC', '2026-03-03 19:31:35'),
(4956, 1990, 12, 'ZU', '2026-03-03 19:31:35'),
(4957, 1991, 12, 'PU', '2026-03-03 19:31:35'),
(4958, 1992, 12, 'ZU', '2026-03-03 19:31:35'),
(4959, 1993, 12, 'LC', '2026-03-03 19:31:35'),
(4960, 1994, 12, 'LC', '2026-03-03 19:31:35'),
(4961, 1995, 12, 'PU', '2026-03-03 19:31:35'),
(4962, 1996, 12, 'LC', '2026-03-03 19:31:35'),
(4963, 1997, 12, 'NU', '2026-03-03 19:31:35'),
(4964, 1998, 12, 'LC', '2026-03-03 19:31:35'),
(4965, 1999, 12, 'LC', '2026-03-03 19:31:35'),
(4966, 2000, 12, 'ZU', '2026-03-03 19:31:35'),
(4967, 2001, 12, 'LC', '2026-03-03 19:31:35'),
(4968, 2002, 12, 'NFE', '2026-03-03 19:31:35'),
(4969, 2003, 12, 'UUBL', '2026-03-03 19:31:35'),
(4970, 2004, 12, 'LC', '2026-03-03 19:31:35'),
(4971, 2005, 12, 'LC', '2026-03-03 19:31:35'),
(4972, 2006, 12, 'NUBL', '2026-03-03 19:31:35'),
(4973, 2007, 12, 'LC', '2026-03-03 19:31:35'),
(4974, 2008, 12, 'UU', '2026-03-03 19:31:35'),
(4975, 2009, 12, 'LC', '2026-03-03 19:31:35'),
(4976, 2010, 12, 'ZU', '2026-03-03 19:31:35'),
(4977, 2011, 12, 'LC', '2026-03-03 19:31:35'),
(4978, 2012, 12, 'ZU', '2026-03-03 19:31:35'),
(4979, 2013, 12, 'LC', '2026-03-03 19:31:35'),
(4980, 2014, 12, 'ZU', '2026-03-03 19:31:35'),
(4981, 2015, 12, 'UU', '2026-03-03 19:31:35'),
(4982, 2016, 12, 'RU', '2026-03-03 19:31:36'),
(4983, 2017, 12, 'NU', '2026-03-03 19:31:36'),
(4984, 2018, 12, 'ZU', '2026-03-03 19:31:36'),
(4985, 2019, 12, 'ZU', '2026-03-03 19:31:36'),
(4986, 2020, 12, 'RUBL', '2026-03-03 19:31:36'),
(4987, 2021, 12, 'ZU', '2026-03-03 19:31:36'),
(4988, 2022, 12, 'ZU', '2026-03-03 19:31:36'),
(4989, 2023, 12, 'OU', '2026-03-03 19:31:36'),
(4990, 2024, 12, 'RUBL', '2026-03-03 19:31:36'),
(4991, 2025, 12, 'RU', '2026-03-03 19:31:36'),
(4992, 2026, 12, 'RU', '2026-03-03 19:31:36'),
(4993, 2027, 12, 'ZU', '2026-03-03 19:31:36'),
(4994, 2028, 12, 'ZU', '2026-03-03 19:31:36'),
(4995, 2029, 12, 'ZU', '2026-03-03 19:31:36'),
(4996, 2030, 12, 'ZU', '2026-03-03 19:31:36'),
(4997, 2036, 12, 'PU', '2026-03-03 19:31:36'),
(4998, 2037, 12, 'ZU', '2026-03-03 19:31:36'),
(4999, 2038, 12, 'NUBL', '2026-03-03 19:31:36'),
(5000, 2039, 12, 'Uber', '2026-03-03 19:31:36'),
(5001, 2041, 12, 'Uber', '2026-03-03 19:31:36'),
(5002, 2043, 12, 'OU', '2026-03-03 19:31:36'),
(5003, 2044, 12, 'ZU', '2026-03-03 19:31:36'),
(5004, 2045, 12, 'Uber', '2026-03-03 19:31:36'),
(5005, 2047, 12, 'NUBL', '2026-03-03 19:31:36'),
(5006, 2048, 12, 'ZU', '2026-03-03 19:31:36'),
(5007, 2049, 12, 'UU', '2026-03-03 19:31:36'),
(5008, 2050, 12, 'OU', '2026-03-03 19:31:36'),
(5009, 2051, 12, 'ZU', '2026-03-03 19:31:36'),
(5010, 2053, 12, 'Uber', '2026-03-03 19:31:36'),
(5011, 2071, 12, 'NFE', '2026-03-03 19:31:36'),
(5012, 2072, 12, 'NFE', '2026-03-03 19:31:36'),
(5013, 2073, 12, 'RUBL', '2026-03-03 19:31:36'),
(5014, 2074, 12, 'LC', '2026-03-03 19:31:36'),
(5015, 2075, 12, 'NFE', '2026-03-03 19:31:36'),
(5016, 2076, 12, 'ZUBL', '2026-03-03 19:31:36'),
(5017, 2077, 12, 'LC', '2026-03-03 19:31:36'),
(5018, 2078, 12, 'NFE', '2026-03-03 19:31:36'),
(5019, 2079, 12, 'ZU', '2026-03-03 19:31:36'),
(5020, 2081, 12, 'LC', '2026-03-03 19:31:36'),
(5021, 2082, 12, 'ZU', '2026-03-03 19:31:36'),
(5022, 2083, 12, 'LC', '2026-03-03 19:31:36'),
(5023, 2084, 12, 'UU', '2026-03-03 19:31:36'),
(5024, 2085, 12, 'LC', '2026-03-03 19:31:36'),
(5025, 2086, 12, 'NFE', '2026-03-03 19:31:36'),
(5026, 2087, 12, 'UU', '2026-03-03 19:31:36'),
(5027, 2088, 12, 'LC', '2026-03-03 19:31:36'),
(5028, 2089, 12, 'NFE', '2026-03-03 19:31:36'),
(5029, 2090, 12, 'ZU', '2026-03-03 19:31:36'),
(5030, 2091, 12, 'LC', '2026-03-03 19:31:36'),
(5031, 2092, 12, 'ZU', '2026-03-03 19:31:36'),
(5032, 2093, 12, 'LC', '2026-03-03 19:31:36'),
(5033, 2094, 12, 'ZU', '2026-03-03 19:31:36'),
(5034, 2096, 12, 'ZU', '2026-03-03 19:31:36'),
(5035, 2099, 12, 'LC', '2026-03-03 19:31:36'),
(5036, 2100, 12, 'NFE', '2026-03-03 19:31:36'),
(5037, 2101, 12, 'RU', '2026-03-03 19:31:36'),
(5038, 2102, 12, 'NFE', '2026-03-03 19:31:36'),
(5039, 2103, 12, 'NU', '2026-03-03 19:31:36'),
(5040, 2104, 12, 'LC', '2026-03-03 19:31:36'),
(5041, 2106, 12, 'PU', '2026-03-03 19:31:36'),
(5042, 2108, 12, 'LC', '2026-03-03 19:31:36'),
(5043, 2109, 12, 'NU', '2026-03-03 19:31:36'),
(5044, 2110, 12, 'LC', '2026-03-03 19:31:36'),
(5045, 2111, 12, 'NFE', '2026-03-03 19:31:36'),
(5046, 2112, 12, 'ZU', '2026-03-03 19:31:36'),
(5047, 2113, 12, 'LC', '2026-03-03 19:31:36'),
(5048, 2114, 12, 'NFE', '2026-03-03 19:31:36'),
(5049, 2115, 12, 'NU', '2026-03-03 19:31:36'),
(5050, 2116, 12, 'LC', '2026-03-03 19:31:36'),
(5051, 2117, 12, 'ZU', '2026-03-03 19:31:36'),
(5052, 2118, 12, 'LC', '2026-03-03 19:31:36'),
(5053, 2119, 12, 'ZU', '2026-03-03 19:31:36'),
(5054, 2120, 12, 'LC', '2026-03-03 19:31:36'),
(5055, 2121, 12, 'PU', '2026-03-03 19:31:36'),
(5056, 2122, 12, 'OU', '2026-03-03 19:31:36'),
(5057, 2123, 12, 'LC', '2026-03-03 19:31:36'),
(5058, 2124, 12, 'PU', '2026-03-03 19:31:36'),
(5059, 2125, 12, 'LC', '2026-03-03 19:31:36'),
(5060, 2126, 12, 'NFE', '2026-03-03 19:31:36'),
(5061, 2127, 12, 'ZU', '2026-03-03 19:31:36'),
(5062, 2128, 12, 'LC', '2026-03-03 19:31:36'),
(5063, 2129, 12, 'NFE', '2026-03-03 19:31:36'),
(5064, 2130, 12, 'NU', '2026-03-03 19:31:36'),
(5065, 2131, 12, 'LC', '2026-03-03 19:31:36'),
(5066, 2132, 12, 'NFE', '2026-03-03 19:31:36'),
(5067, 2133, 12, 'RUBL', '2026-03-03 19:31:36'),
(5068, 2134, 12, 'LC', '2026-03-03 19:31:36'),
(5069, 2135, 12, 'ZU', '2026-03-03 19:31:36'),
(5070, 2136, 12, 'ZU', '2026-03-03 19:31:36'),
(5071, 2137, 12, 'LC', '2026-03-03 19:31:36'),
(5072, 2138, 12, 'RU', '2026-03-03 19:31:36'),
(5073, 2139, 12, 'LC', '2026-03-03 19:31:36'),
(5074, 2140, 12, 'PU', '2026-03-03 19:31:36'),
(5075, 2141, 12, 'LC', '2026-03-03 19:31:36'),
(5076, 2142, 12, 'RU', '2026-03-03 19:31:36'),
(5077, 2143, 12, 'NFE', '2026-03-03 19:31:36'),
(5078, 2144, 12, 'NU', '2026-03-03 19:31:36'),
(5079, 2146, 12, 'LC', '2026-03-03 19:31:36'),
(5080, 2147, 12, 'UU', '2026-03-03 19:31:36'),
(5081, 2148, 12, 'LC', '2026-03-03 19:31:36'),
(5082, 2149, 12, 'NFE', '2026-03-03 19:31:36'),
(5083, 2150, 12, 'RUBL', '2026-03-03 19:31:36'),
(5084, 2151, 12, 'LC', '2026-03-03 19:31:36'),
(5085, 2152, 12, 'Uber', '2026-03-03 19:31:36'),
(5086, 2153, 12, 'UU', '2026-03-03 19:31:36'),
(5087, 2154, 12, 'NUBL', '2026-03-03 19:31:36'),
(5088, 2155, 12, 'ZU', '2026-03-03 19:31:36'),
(5089, 2156, 12, 'NU', '2026-03-03 19:31:36'),
(5090, 2158, 12, 'RUBL', '2026-03-03 19:31:36'),
(5091, 2160, 12, 'Uber', '2026-03-03 19:31:36'),
(5092, 2161, 12, 'Uber', '2026-03-03 19:31:36'),
(5093, 2162, 12, 'Uber', '2026-03-03 19:31:36'),
(5094, 2164, 12, 'OU', '2026-03-03 19:31:36'),
(5095, 2167, 12, 'UU', '2026-03-03 19:31:36'),
(5096, 2169, 12, 'NU', '2026-03-03 19:31:36'),
(5097, 2171, 12, 'LC', '2026-03-03 19:31:36'),
(5098, 2172, 12, 'NFE', '2026-03-03 19:31:36'),
(5099, 2173, 12, 'RU', '2026-03-03 19:31:36'),
(5100, 2174, 12, 'LC', '2026-03-03 19:31:36'),
(5101, 2175, 12, 'NFE', '2026-03-03 19:31:36'),
(5102, 2176, 12, 'PU', '2026-03-03 19:31:36'),
(5103, 2177, 12, 'LC', '2026-03-03 19:31:36'),
(5104, 2178, 12, 'NFE', '2026-03-03 19:31:36'),
(5105, 2179, 12, 'UU', '2026-03-03 19:31:36'),
(5106, 2181, 12, 'LC', '2026-03-03 19:31:36'),
(5107, 2182, 12, 'NFE', '2026-03-03 19:31:36'),
(5108, 2183, 12, 'RU', '2026-03-03 19:31:36'),
(5109, 2184, 12, 'LC', '2026-03-03 19:31:36'),
(5110, 2185, 12, 'NFE', '2026-03-03 19:31:36'),
(5111, 2186, 12, 'ZU', '2026-03-03 19:31:36'),
(5112, 2189, 12, 'LC', '2026-03-03 19:31:36'),
(5113, 2190, 12, 'ZU', '2026-03-03 19:31:36'),
(5114, 2191, 12, 'LC', '2026-03-03 19:31:36'),
(5115, 2192, 12, 'NFE', '2026-03-03 19:31:36'),
(5116, 2193, 12, 'PU', '2026-03-03 19:31:36'),
(5117, 2194, 12, 'LC', '2026-03-03 19:31:36'),
(5118, 2195, 12, 'ZU', '2026-03-03 19:31:36'),
(5119, 2196, 12, 'LC', '2026-03-03 19:31:36'),
(5120, 2197, 12, 'ZU', '2026-03-03 19:31:36'),
(5121, 2199, 12, 'LC', '2026-03-03 19:31:36'),
(5122, 2200, 12, 'ZU', '2026-03-03 19:31:36'),
(5123, 2201, 12, 'LC', '2026-03-03 19:31:36'),
(5124, 2202, 12, 'PUBL', '2026-03-03 19:31:36'),
(5125, 2203, 12, 'LC', '2026-03-03 19:31:36'),
(5126, 2204, 12, 'ZU', '2026-03-03 19:31:36'),
(5127, 2205, 12, 'NU', '2026-03-03 19:31:36'),
(5128, 2206, 12, 'RUBL', '2026-03-03 19:31:36'),
(5129, 2207, 12, 'ZU', '2026-03-03 19:31:36'),
(5130, 2208, 12, 'ZU', '2026-03-03 19:31:36'),
(5131, 2209, 12, 'LC', '2026-03-03 19:31:36'),
(5132, 2210, 12, 'NFE', '2026-03-03 19:31:36'),
(5133, 2212, 12, 'NU', '2026-03-03 19:31:36'),
(5134, 2214, 12, 'NU', '2026-03-03 19:31:36'),
(5135, 2215, 12, 'LC', '2026-03-03 19:31:36'),
(5136, 2216, 12, 'ZU', '2026-03-03 19:31:36'),
(5137, 2217, 12, 'LC', '2026-03-03 19:31:36'),
(5138, 2218, 12, 'NU', '2026-03-03 19:31:36'),
(5139, 2220, 12, 'LC', '2026-03-03 19:31:36'),
(5140, 2221, 12, 'RU', '2026-03-03 19:31:36'),
(5141, 2222, 12, 'RU', '2026-03-03 19:31:36'),
(5142, 2223, 12, 'PU', '2026-03-03 19:31:36'),
(5143, 2225, 12, 'RUBL', '2026-03-03 19:31:36'),
(5144, 2226, 12, 'LC', '2026-03-03 19:31:36'),
(5145, 2227, 12, 'NFE', '2026-03-03 19:31:36'),
(5146, 2228, 12, 'NU', '2026-03-03 19:31:36'),
(5147, 2230, 12, 'LC', '2026-03-03 19:31:36'),
(5148, 2231, 12, 'NFE', '2026-03-03 19:31:36'),
(5149, 2232, 12, 'NU', '2026-03-03 19:31:36'),
(5150, 2233, 12, 'LC', '2026-03-03 19:31:36'),
(5151, 2234, 12, 'NFE', '2026-03-03 19:31:36'),
(5152, 2235, 12, 'OU', '2026-03-03 19:31:36'),
(5153, 2236, 12, 'LC', '2026-03-03 19:31:36'),
(5154, 2237, 12, 'NFE', '2026-03-03 19:31:36'),
(5155, 2238, 12, 'ZU', '2026-03-03 19:31:36'),
(5156, 2239, 12, 'LC', '2026-03-03 19:31:36'),
(5157, 2240, 12, 'ZU', '2026-03-03 19:31:36'),
(5158, 2241, 12, 'LC', '2026-03-03 19:31:36'),
(5159, 2242, 12, 'NFE', '2026-03-03 19:31:36'),
(5160, 2243, 12, 'ZU', '2026-03-03 19:31:36'),
(5161, 2244, 12, 'LC', '2026-03-03 19:31:36'),
(5162, 2245, 12, 'ZU', '2026-03-03 19:31:36'),
(5163, 2246, 12, 'ZU', '2026-03-03 19:31:36'),
(5164, 2250, 12, 'NFE', '2026-03-03 19:31:36'),
(5165, 2251, 12, 'RU', '2026-03-03 19:31:36'),
(5166, 2252, 12, 'LC', '2026-03-03 19:31:36'),
(5167, 2254, 12, 'ZU', '2026-03-03 19:31:36'),
(5168, 2257, 12, 'LC', '2026-03-03 19:31:36'),
(5169, 2258, 12, 'UU', '2026-03-03 19:31:36'),
(5170, 2259, 12, 'LC', '2026-03-03 19:31:36'),
(5171, 2260, 12, 'PU', '2026-03-03 19:31:36'),
(5172, 2261, 12, 'LC', '2026-03-03 19:31:36'),
(5173, 2262, 12, 'NU', '2026-03-03 19:31:36'),
(5174, 2263, 12, 'LC', '2026-03-03 19:31:36'),
(5175, 2264, 12, 'ZU', '2026-03-03 19:31:36'),
(5176, 2265, 12, 'LC', '2026-03-03 19:31:36'),
(5177, 2266, 12, 'PU', '2026-03-03 19:31:36'),
(5178, 2267, 12, 'LC', '2026-03-03 19:31:36'),
(5179, 2268, 12, 'NFE', '2026-03-03 19:31:36'),
(5180, 2269, 12, 'NU', '2026-03-03 19:31:36'),
(5181, 2270, 12, 'RUBL', '2026-03-03 19:31:36'),
(5182, 2271, 12, 'ZU', '2026-03-03 19:31:36'),
(5183, 2272, 12, 'ZU', '2026-03-03 19:31:36'),
(5184, 2273, 12, 'LC', '2026-03-03 19:31:36'),
(5185, 2274, 12, 'PU', '2026-03-03 19:31:36'),
(5186, 2275, 12, 'ZU', '2026-03-03 19:31:36'),
(5187, 2277, 12, 'ZU', '2026-03-03 19:31:36'),
(5188, 2278, 12, 'RU', '2026-03-03 19:31:36'),
(5189, 2280, 12, 'PU', '2026-03-03 19:31:36'),
(5190, 2281, 12, 'LC', '2026-03-03 19:31:36'),
(5191, 2282, 12, 'NFE', '2026-03-03 19:31:36'),
(5192, 2283, 12, 'UUBL', '2026-03-03 19:31:36'),
(5193, 2284, 12, 'LC', '2026-03-03 19:31:36'),
(5194, 2285, 12, 'NFE', '2026-03-03 19:31:36'),
(5195, 2286, 12, 'Uber', '2026-03-03 19:31:36'),
(5196, 2287, 12, 'Uber', '2026-03-03 19:31:36'),
(5197, 2288, 12, 'NUBL', '2026-03-03 19:31:36'),
(5198, 2291, 12, 'Uber', '2026-03-03 19:31:36'),
(5199, 2293, 12, 'LC', '2026-03-03 19:31:36'),
(5200, 2294, 12, 'NU', '2026-03-03 19:31:36'),
(5201, 2295, 12, 'OU', '2026-03-03 19:31:36'),
(5202, 2296, 12, 'LC', '2026-03-03 19:31:36'),
(5203, 2297, 12, 'NFE', '2026-03-03 19:31:36'),
(5204, 2298, 12, 'OU', '2026-03-03 19:31:36'),
(5205, 2299, 12, 'LC', '2026-03-03 19:31:36'),
(5206, 2300, 12, 'NFE', '2026-03-03 19:31:36'),
(5207, 2301, 12, 'PUBL', '2026-03-03 19:31:36'),
(5208, 2302, 12, 'LC', '2026-03-03 19:31:36'),
(5209, 2303, 12, 'ZU', '2026-03-03 19:31:36'),
(5210, 2304, 12, 'LC', '2026-03-03 19:31:36'),
(5211, 2305, 12, 'NFE', '2026-03-03 19:31:36'),
(5212, 2306, 12, 'OU', '2026-03-03 19:31:36'),
(5213, 2307, 12, 'LC', '2026-03-03 19:31:36'),
(5214, 2308, 12, 'PUBL', '2026-03-03 19:31:36'),
(5215, 2309, 12, 'LC', '2026-03-03 19:31:36'),
(5216, 2310, 12, 'NFE', '2026-03-03 19:31:36'),
(5217, 2311, 12, 'PU', '2026-03-03 19:31:36'),
(5218, 2312, 12, 'LC', '2026-03-03 19:31:36'),
(5219, 2313, 12, 'ZU', '2026-03-03 19:31:36'),
(5220, 2314, 12, 'ZU', '2026-03-03 19:31:36'),
(5221, 2315, 12, 'LC', '2026-03-03 19:31:36'),
(5222, 2316, 12, 'ZU', '2026-03-03 19:31:36'),
(5223, 2317, 12, 'PU', '2026-03-03 19:31:36'),
(5224, 2320, 12, 'LC', '2026-03-03 19:31:36'),
(5225, 2321, 12, 'NU', '2026-03-03 19:31:36'),
(5226, 2322, 12, 'LC', '2026-03-03 19:31:36'),
(5227, 2323, 12, 'NU', '2026-03-03 19:31:36'),
(5228, 2325, 12, 'LC', '2026-03-03 19:31:36'),
(5229, 2327, 12, 'UUBL', '2026-03-03 19:31:36'),
(5230, 2329, 12, 'LC', '2026-03-03 19:31:36'),
(5231, 2330, 12, 'NFE', '2026-03-03 19:31:36'),
(5232, 2331, 12, 'OU', '2026-03-03 19:31:36'),
(5233, 2332, 12, 'LC', '2026-03-03 19:31:36'),
(5234, 2333, 12, 'NFE', '2026-03-03 19:31:36'),
(5235, 2334, 12, 'PU', '2026-03-03 19:31:36'),
(5236, 2335, 12, 'ZU', '2026-03-03 19:31:36'),
(5237, 2336, 12, 'LC', '2026-03-03 19:31:36'),
(5238, 2337, 12, 'ZUBL', '2026-03-03 19:31:36'),
(5239, 2338, 12, 'ZU', '2026-03-03 19:31:36'),
(5240, 2339, 12, 'ZU', '2026-03-03 19:31:36'),
(5241, 2340, 12, 'LC', '2026-03-03 19:31:36'),
(5242, 2341, 12, 'PUBL', '2026-03-03 19:31:36'),
(5243, 2342, 12, 'ZU', '2026-03-03 19:31:36'),
(5244, 2343, 12, 'ZU', '2026-03-03 19:31:36'),
(5245, 2345, 12, 'PUBL', '2026-03-03 19:31:36'),
(5246, 2347, 12, 'ZU', '2026-03-03 19:31:36'),
(5247, 2349, 12, 'LC', '2026-03-03 19:31:36'),
(5248, 2350, 12, 'NU', '2026-03-03 19:31:36'),
(5249, 2351, 12, 'NU', '2026-03-03 19:31:36'),
(5250, 2352, 12, 'LC', '2026-03-03 19:31:36'),
(5251, 2353, 12, 'NFE', '2026-03-03 19:31:36'),
(5252, 2354, 12, 'OU', '2026-03-03 19:31:36'),
(5253, 2355, 12, 'Uber', '2026-03-03 19:31:36'),
(5254, 2357, 12, 'OU', '2026-03-03 19:31:36'),
(5255, 2359, 12, 'Uber', '2026-03-03 19:31:36'),
(5256, 2360, 12, 'NFE', '2026-03-03 19:31:36'),
(5257, 2361, 12, 'Uber', '2026-03-03 19:31:36'),
(5258, 2363, 12, 'UUBL', '2026-03-03 19:31:36'),
(5259, 2365, 12, 'Uber', '2026-03-03 19:31:36'),
(5260, 2366, 12, 'NUBL', '2026-03-03 19:31:36'),
(5261, 2367, 12, 'ZU', '2026-03-03 19:31:36'),
(5262, 2368, 12, 'Uber', '2026-03-03 19:31:36'),
(5263, 2369, 12, 'ZU', '2026-03-03 19:31:36'),
(5264, 2372, 12, 'ZU', '2026-03-03 19:31:36'),
(5265, 2373, 12, 'RU', '2026-03-03 19:31:36'),
(5266, 2374, 12, 'UUBL', '2026-03-03 19:31:36'),
(5267, 2376, 12, 'NU', '2026-03-03 19:31:36'),
(5268, 2378, 12, 'Uber', '2026-03-03 19:31:36'),
(5269, 2379, 12, 'NU', '2026-03-03 19:31:36'),
(5270, 2380, 12, 'OU', '2026-03-03 19:31:36'),
(5271, 2382, 12, 'LC', '2026-03-03 19:31:36'),
(5272, 2383, 12, 'NFE', '2026-03-03 19:31:36'),
(5273, 2384, 12, 'UUBL', '2026-03-03 19:31:36'),
(5274, 2385, 12, 'LC', '2026-03-03 19:31:36'),
(5275, 2386, 12, 'NFE', '2026-03-03 19:31:36'),
(5276, 2387, 12, 'UU', '2026-03-03 19:31:36'),
(5277, 2388, 12, 'LC', '2026-03-03 19:31:36'),
(5278, 2389, 12, 'NFE', '2026-03-03 19:31:36'),
(5279, 2390, 12, 'UUBL', '2026-03-03 19:31:36'),
(5280, 2391, 12, 'LC', '2026-03-03 19:31:36'),
(5281, 2392, 12, 'ZU', '2026-03-03 19:31:36'),
(5282, 2394, 12, 'LC', '2026-03-03 19:31:36'),
(5283, 2395, 12, 'ZU', '2026-03-03 19:31:36'),
(5284, 2396, 12, 'LC', '2026-03-03 19:31:36'),
(5285, 2397, 12, 'UU', '2026-03-03 19:31:36'),
(5286, 2398, 12, 'LC', '2026-03-03 19:31:36'),
(5287, 2399, 12, 'NFE', '2026-03-03 19:31:36'),
(5288, 2400, 12, 'PU', '2026-03-03 19:31:36'),
(5289, 2401, 12, 'LC', '2026-03-03 19:31:36'),
(5290, 2402, 12, 'RU', '2026-03-03 19:31:36'),
(5291, 2404, 12, 'LC', '2026-03-03 19:31:36'),
(5292, 2405, 12, 'ZU', '2026-03-03 19:31:36'),
(5293, 2406, 12, 'LC', '2026-03-03 19:31:36'),
(5294, 2407, 12, 'NFE', '2026-03-03 19:31:36'),
(5295, 2408, 12, 'ZU', '2026-03-03 19:31:36'),
(5296, 2409, 12, 'ZU', '2026-03-03 19:31:36'),
(5297, 2413, 12, 'LC', '2026-03-03 19:31:36'),
(5298, 2414, 12, 'NFE', '2026-03-03 19:31:36'),
(5299, 2415, 12, 'OU', '2026-03-03 19:31:36'),
(5300, 2416, 12, 'LC', '2026-03-03 19:31:36'),
(5301, 2417, 12, 'RU', '2026-03-03 19:31:36'),
(5302, 2418, 12, 'OU', '2026-03-03 19:31:36'),
(5303, 2419, 12, 'LC', '2026-03-03 19:31:36'),
(5304, 2420, 12, 'NU', '2026-03-03 19:31:36'),
(5305, 2421, 12, 'LC', '2026-03-03 19:31:36'),
(5306, 2422, 12, 'NU', '2026-03-03 19:31:36'),
(5307, 2423, 12, 'LC', '2026-03-03 19:31:36'),
(5308, 2424, 12, 'ZU', '2026-03-03 19:31:36'),
(5309, 2425, 12, 'LC', '2026-03-03 19:31:36'),
(5310, 2426, 12, 'NU', '2026-03-03 19:31:36'),
(5311, 2427, 12, 'LC', '2026-03-03 19:31:36'),
(5312, 2428, 12, 'NU', '2026-03-03 19:31:36'),
(5313, 2429, 12, 'LC', '2026-03-03 19:31:36'),
(5314, 2430, 12, 'ZU', '2026-03-03 19:31:36'),
(5315, 2431, 12, 'ZU', '2026-03-03 19:31:36'),
(5316, 2432, 12, 'LC', '2026-03-03 19:31:36'),
(5317, 2433, 12, 'ZU', '2026-03-03 19:31:36'),
(5318, 2434, 12, 'LC', '2026-03-03 19:31:36'),
(5319, 2435, 12, 'ZU', '2026-03-03 19:31:36'),
(5320, 2436, 12, 'NFE', '2026-03-03 19:31:36'),
(5321, 2437, 12, 'Uber', '2026-03-03 19:31:36'),
(5322, 2438, 12, 'LC', '2026-03-03 19:31:36'),
(5323, 2439, 12, 'NFE', '2026-03-03 19:31:36'),
(5324, 2440, 12, 'UU', '2026-03-03 19:31:36'),
(5325, 2441, 12, 'LC', '2026-03-03 19:31:36'),
(5326, 2442, 12, 'ZU', '2026-03-03 19:31:36'),
(5327, 2443, 12, 'PU', '2026-03-03 19:31:36'),
(5328, 2444, 12, 'LC', '2026-03-03 19:31:36'),
(5329, 2445, 12, 'Uber', '2026-03-03 19:31:36'),
(5330, 2447, 12, 'LC', '2026-03-03 19:31:36'),
(5331, 2448, 12, 'UU', '2026-03-03 19:31:36'),
(5332, 2449, 12, 'RU', '2026-03-03 19:31:36'),
(5333, 2450, 12, 'ZU', '2026-03-03 19:31:36'),
(5334, 2451, 12, 'LC', '2026-03-03 19:31:36'),
(5335, 2452, 12, 'OU', '2026-03-03 19:31:36'),
(5336, 2453, 12, 'LC', '2026-03-03 19:31:36'),
(5337, 2454, 12, 'NU', '2026-03-03 19:31:36'),
(5338, 2455, 12, 'NU', '2026-03-03 19:31:36'),
(5339, 2456, 12, 'LC', '2026-03-03 19:31:36'),
(5340, 2457, 12, 'NUBL', '2026-03-03 19:31:36'),
(5341, 2458, 12, 'ZU', '2026-03-03 19:31:36'),
(5342, 2459, 12, 'OU', '2026-03-03 19:31:36'),
(5343, 2460, 12, 'PU', '2026-03-03 19:31:36'),
(5344, 2463, 12, 'Uber', '2026-03-03 19:31:36'),
(5345, 2464, 12, 'UU', '2026-03-03 19:31:36'),
(5346, 2465, 12, 'ZU', '2026-03-03 19:31:36'),
(5347, 2466, 12, 'NU', '2026-03-03 19:31:36'),
(5348, 2468, 12, 'OU', '2026-03-03 19:31:36'),
(5349, 2469, 12, 'OU', '2026-03-03 19:31:36'),
(5350, 2470, 12, 'NU', '2026-03-03 19:31:36'),
(5351, 2471, 12, 'ZU', '2026-03-03 19:31:36'),
(5352, 2472, 12, 'Uber', '2026-03-03 19:31:36'),
(5353, 2473, 12, 'UU', '2026-03-03 19:31:36'),
(5354, 2474, 12, 'UU', '2026-03-03 19:31:36'),
(5355, 2475, 12, 'OU', '2026-03-03 19:31:36'),
(5356, 2476, 12, 'Uber', '2026-03-03 19:31:36'),
(5357, 2477, 12, 'UUBL', '2026-03-03 19:31:36'),
(5358, 2478, 12, 'UU', '2026-03-03 19:31:36'),
(5359, 2479, 12, 'OU', '2026-03-03 19:31:36'),
(5360, 2480, 12, 'NUBL', '2026-03-03 19:31:36'),
(5361, 2481, 12, 'LC', '2026-03-03 19:31:36'),
(5362, 2482, 12, 'NFE', '2026-03-03 19:31:36'),
(5363, 2483, 12, 'Uber', '2026-03-03 19:31:36'),
(5364, 2484, 12, 'LC', '2026-03-03 19:31:36'),
(5365, 2486, 12, 'OU', '2026-03-03 19:31:36'),
(5366, 2487, 12, 'NU', '2026-03-03 19:31:36'),
(5367, 2488, 12, 'Uber', '2026-03-03 19:31:36'),
(5368, 2489, 12, 'OU', '2026-03-03 19:31:36'),
(5369, 2490, 12, 'Uber', '2026-03-03 19:31:36'),
(5370, 2491, 12, 'Uber', '2026-03-03 19:31:36'),
(5371, 2492, 12, 'OU', '2026-03-03 19:31:36'),
(5372, 2493, 12, 'Uber', '2026-03-03 19:31:36'),
(5373, 2494, 12, 'AG', '2026-03-03 19:31:36'),
(5374, 2495, 12, 'OU', '2026-03-03 19:31:36'),
(5375, 2496, 12, 'RUBL', '2026-03-03 19:31:36'),
(5376, 2497, 12, 'NFE', '2026-03-03 19:31:36'),
(5377, 2498, 12, 'LC', '2026-03-03 19:31:36'),
(5378, 2500, 12, 'UU', '2026-03-03 19:31:36'),
(5379, 2502, 12, 'UUBL', '2026-03-03 19:31:36'),
(5380, 2503, 12, 'NU', '2026-03-03 19:31:36'),
(5381, 2504, 12, 'UU', '2026-03-03 19:31:36'),
(5382, 2505, 12, 'UU', '2026-03-03 19:31:36'),
(5383, 2513, 12, 'Uber', '2026-03-03 19:31:36'),
(5384, 2514, 12, 'UU', '2026-03-03 19:31:36'),
(5385, 2515, 12, 'Uber', '2026-03-03 19:31:36'),
(5386, 2516, 12, 'OU', '2026-03-03 19:31:36'),
(5387, 2517, 12, 'UUBL', '2026-03-03 19:31:36'),
(5388, 2518, 12, 'OU', '2026-03-03 19:31:36'),
(5389, 2519, 12, 'Uber', '2026-03-03 19:31:36'),
(5390, 2522, 12, 'OU', '2026-03-03 19:31:36');

-- --------------------------------------------------------

--
-- Table structure for table `roster_pkmn`
--

CREATE TABLE `roster_pkmn` (
  `id` int(11) NOT NULL,
  `name` varchar(100) DEFAULT NULL,
  `active_user` int(11) NOT NULL,
  `showdown_pkmn` int(11) NOT NULL,
  `created_at` datetime NOT NULL DEFAULT CURRENT_TIMESTAMP
) ENGINE=InnoDB DEFAULT CHARSET=utf8;

-- --------------------------------------------------------

--
-- Table structure for table `seasons`
--

CREATE TABLE `seasons` (
  `season_id` int(11) NOT NULL,
  `league_id` int(11) NOT NULL,
  `season_number` int(11) NOT NULL,
  `start_date` datetime DEFAULT NULL,
  `playoff_date` datetime DEFAULT NULL,
  `created` datetime NOT NULL,
  `is_active` tinyint(1) DEFAULT '0'
) ENGINE=InnoDB DEFAULT CHARSET=utf8;

--
-- Dumping data for table `seasons`
--

INSERT INTO `seasons` (`season_id`, `league_id`, `season_number`, `start_date`, `playoff_date`, `created`, `is_active`) VALUES
(12, 1, 12, NULL, NULL, '2026-03-03 13:14:50', 0),
(999, 1, 999, NULL, NULL, '2026-03-03 19:44:38', 1);

-- --------------------------------------------------------

--
-- Table structure for table `showdown_pkmn`
--

CREATE TABLE `showdown_pkmn` (
  `id` int(11) NOT NULL,
  `showdown_id` int(11) NOT NULL,
  `name` varchar(100) NOT NULL,
  `type1` varchar(20) NOT NULL,
  `type2` varchar(20) DEFAULT NULL,
  `created_at` datetime DEFAULT CURRENT_TIMESTAMP
) ENGINE=InnoDB DEFAULT CHARSET=utf8;

--
-- Dumping data for table `showdown_pkmn`
--

INSERT INTO `showdown_pkmn` (`id`, `showdown_id`, `name`, `type1`, `type2`, `created_at`) VALUES
(3, 1, 'Bulbasaur', 'Grass', 'Poison', '2026-03-03 11:59:34'),
(4, 2, 'Ivysaur', 'Grass', 'Poison', '2026-03-03 11:59:34'),
(5, 3, 'Venusaur', 'Grass', 'Poison', '2026-03-03 11:59:34'),
(8, 4, 'Charmander', 'Fire', NULL, '2026-03-03 11:59:35'),
(9, 5, 'Charmeleon', 'Fire', NULL, '2026-03-03 11:59:35'),
(10, 6, 'Charizard', 'Fire', 'Flying', '2026-03-03 11:59:35'),
(14, 7, 'Squirtle', 'Water', NULL, '2026-03-03 11:59:35'),
(15, 8, 'Wartortle', 'Water', NULL, '2026-03-03 11:59:35'),
(16, 9, 'Blastoise', 'Water', NULL, '2026-03-03 11:59:35'),
(19, 10, 'Caterpie', 'Bug', NULL, '2026-03-03 11:59:35'),
(20, 11, 'Metapod', 'Bug', NULL, '2026-03-03 11:59:35'),
(21, 12, 'Butterfree-Gmax', 'Bug', 'Flying', '2026-03-03 11:59:35'),
(23, 13, 'Weedle', 'Bug', 'Poison', '2026-03-03 11:59:35'),
(24, 14, 'Kakuna', 'Bug', 'Poison', '2026-03-03 11:59:35'),
(25, 15, 'Beedrill-Mega', 'Bug', 'Poison', '2026-03-03 11:59:35'),
(27, 16, 'Pidgey', 'Normal', 'Flying', '2026-03-03 11:59:35'),
(28, 17, 'Pidgeotto', 'Normal', 'Flying', '2026-03-03 11:59:35'),
(29, 18, 'Pidgeot-Mega', 'Normal', 'Flying', '2026-03-03 11:59:35'),
(31, 19, 'Rattata-Alola', 'Normal', NULL, '2026-03-03 11:59:35'),
(33, 20, 'Raticate-Alola-Totem', 'Normal', NULL, '2026-03-03 11:59:35'),
(36, 21, 'Spearow', 'Normal', 'Flying', '2026-03-03 11:59:35'),
(37, 22, 'Fearow', 'Normal', 'Flying', '2026-03-03 11:59:35'),
(38, 23, 'Ekans', 'Poison', NULL, '2026-03-03 11:59:35'),
(39, 24, 'Arbok', 'Poison', NULL, '2026-03-03 11:59:35'),
(40, 25, 'Pikachu-World', 'Electric', NULL, '2026-03-03 11:59:35'),
(57, 26, 'Raichu-Alola', 'Electric', 'Psychic', '2026-03-03 11:59:35'),
(61, 27, 'Sandshrew-Alola', 'Ice', 'Steel', '2026-03-03 11:59:35'),
(63, 28, 'Sandslash-Alola', 'Ice', 'Steel', '2026-03-03 11:59:35'),
(65, 29, 'Nidoran-F', 'Poison', NULL, '2026-03-03 11:59:35'),
(66, 30, 'Nidorina', 'Poison', NULL, '2026-03-03 11:59:35'),
(67, 31, 'Nidoqueen', 'Poison', 'Ground', '2026-03-03 11:59:35'),
(68, 32, 'Nidoran-M', 'Poison', NULL, '2026-03-03 11:59:35'),
(69, 33, 'Nidorino', 'Poison', NULL, '2026-03-03 11:59:35'),
(70, 34, 'Nidoking', 'Poison', 'Ground', '2026-03-03 11:59:35'),
(71, 35, 'Clefairy', 'Fairy', NULL, '2026-03-03 11:59:35'),
(72, 36, 'Clefable', 'Fairy', NULL, '2026-03-03 11:59:35'),
(74, 37, 'Vulpix-Alola', 'Ice', NULL, '2026-03-03 11:59:35'),
(76, 38, 'Ninetales-Alola', 'Ice', 'Fairy', '2026-03-03 11:59:35'),
(78, 39, 'Jigglypuff', 'Normal', 'Fairy', '2026-03-03 11:59:35'),
(79, 40, 'Wigglytuff', 'Normal', 'Fairy', '2026-03-03 11:59:35'),
(80, 41, 'Zubat', 'Poison', 'Flying', '2026-03-03 11:59:35'),
(81, 42, 'Golbat', 'Poison', 'Flying', '2026-03-03 11:59:35'),
(82, 43, 'Oddish', 'Grass', 'Poison', '2026-03-03 11:59:35'),
(83, 44, 'Gloom', 'Grass', 'Poison', '2026-03-03 11:59:35'),
(84, 45, 'Vileplume', 'Grass', 'Poison', '2026-03-03 11:59:35'),
(85, 46, 'Paras', 'Bug', 'Grass', '2026-03-03 11:59:35'),
(86, 47, 'Parasect', 'Bug', 'Grass', '2026-03-03 11:59:35'),
(87, 48, 'Venonat', 'Bug', 'Poison', '2026-03-03 11:59:35'),
(88, 49, 'Venomoth', 'Bug', 'Poison', '2026-03-03 11:59:35'),
(89, 50, 'Diglett-Alola', 'Ground', 'Steel', '2026-03-03 11:59:35'),
(91, 51, 'Dugtrio-Alola', 'Ground', 'Steel', '2026-03-03 11:59:35'),
(93, 52, 'Meowth-Galar', 'Steel', NULL, '2026-03-03 11:59:35'),
(97, 53, 'Persian-Alola', 'Dark', NULL, '2026-03-03 11:59:35'),
(99, 54, 'Psyduck', 'Water', NULL, '2026-03-03 11:59:35'),
(100, 55, 'Golduck', 'Water', NULL, '2026-03-03 11:59:35'),
(101, 56, 'Mankey', 'Fighting', NULL, '2026-03-03 11:59:35'),
(102, 57, 'Primeape', 'Fighting', NULL, '2026-03-03 11:59:35'),
(103, 58, 'Growlithe-Hisui', 'Fire', 'Rock', '2026-03-03 11:59:35'),
(105, 59, 'Arcanine-Hisui', 'Fire', 'Rock', '2026-03-03 11:59:35'),
(107, 60, 'Poliwag', 'Water', NULL, '2026-03-03 11:59:35'),
(108, 61, 'Poliwhirl', 'Water', NULL, '2026-03-03 11:59:35'),
(109, 62, 'Poliwrath', 'Water', 'Fighting', '2026-03-03 11:59:35'),
(110, 63, 'Abra', 'Psychic', NULL, '2026-03-03 11:59:35'),
(111, 64, 'Kadabra', 'Psychic', NULL, '2026-03-03 11:59:35'),
(112, 65, 'Alakazam-Mega', 'Psychic', NULL, '2026-03-03 11:59:35'),
(114, 66, 'Machop', 'Fighting', NULL, '2026-03-03 11:59:35'),
(115, 67, 'Machoke', 'Fighting', NULL, '2026-03-03 11:59:35'),
(116, 68, 'Machamp-Gmax', 'Fighting', NULL, '2026-03-03 11:59:35'),
(118, 69, 'Bellsprout', 'Grass', 'Poison', '2026-03-03 11:59:35'),
(119, 70, 'Weepinbell', 'Grass', 'Poison', '2026-03-03 11:59:35'),
(120, 71, 'Victreebel', 'Grass', 'Poison', '2026-03-03 11:59:35'),
(122, 72, 'Tentacool', 'Water', 'Poison', '2026-03-03 11:59:35'),
(123, 73, 'Tentacruel', 'Water', 'Poison', '2026-03-03 11:59:35'),
(124, 74, 'Geodude-Alola', 'Rock', 'Electric', '2026-03-03 11:59:35'),
(126, 75, 'Graveler-Alola', 'Rock', 'Electric', '2026-03-03 11:59:35'),
(128, 76, 'Golem-Alola', 'Rock', 'Electric', '2026-03-03 11:59:35'),
(130, 77, 'Ponyta-Galar', 'Fire', NULL, '2026-03-03 11:59:35'),
(132, 78, 'Rapidash-Galar', 'Fire', NULL, '2026-03-03 11:59:35'),
(134, 79, 'Slowpoke-Galar', 'Psychic', NULL, '2026-03-03 11:59:35'),
(136, 80, 'Slowbro-Galar', 'Poison', 'Psychic', '2026-03-03 11:59:35'),
(139, 81, 'Magnemite', 'Electric', 'Steel', '2026-03-03 11:59:35'),
(140, 82, 'Magneton', 'Electric', 'Steel', '2026-03-03 11:59:35'),
(141, 83, 'Farfetch’d-Galar', 'Normal', 'Flying', '2026-03-03 11:59:35'),
(143, 84, 'Doduo', 'Normal', 'Flying', '2026-03-03 11:59:35'),
(144, 85, 'Dodrio', 'Normal', 'Flying', '2026-03-03 11:59:36'),
(145, 86, 'Seel', 'Water', NULL, '2026-03-03 11:59:36'),
(146, 87, 'Dewgong', 'Water', 'Ice', '2026-03-03 11:59:36'),
(147, 88, 'Grimer-Alola', 'Poison', 'Dark', '2026-03-03 11:59:36'),
(149, 89, 'Muk-Alola', 'Poison', 'Dark', '2026-03-03 11:59:36'),
(151, 90, 'Shellder', 'Water', NULL, '2026-03-03 11:59:36'),
(152, 91, 'Cloyster', 'Water', 'Ice', '2026-03-03 11:59:36'),
(153, 92, 'Gastly', 'Ghost', 'Poison', '2026-03-03 11:59:36'),
(154, 93, 'Haunter', 'Ghost', 'Poison', '2026-03-03 11:59:36'),
(155, 94, 'Gengar', 'Ghost', 'Poison', '2026-03-03 11:59:36'),
(158, 95, 'Onix', 'Rock', 'Ground', '2026-03-03 11:59:36'),
(159, 96, 'Drowzee', 'Psychic', NULL, '2026-03-03 11:59:36'),
(160, 97, 'Hypno', 'Psychic', NULL, '2026-03-03 11:59:36'),
(161, 98, 'Krabby', 'Water', NULL, '2026-03-03 11:59:36'),
(162, 99, 'Kingler-Gmax', 'Water', NULL, '2026-03-03 11:59:36'),
(164, 100, 'Voltorb-Hisui', 'Electric', 'Grass', '2026-03-03 11:59:36'),
(166, 101, 'Electrode-Hisui', 'Electric', 'Grass', '2026-03-03 11:59:36'),
(168, 102, 'Exeggcute', 'Grass', 'Psychic', '2026-03-03 11:59:36'),
(169, 103, 'Exeggutor-Alola', 'Grass', 'Dragon', '2026-03-03 11:59:36'),
(171, 104, 'Cubone', 'Ground', NULL, '2026-03-03 11:59:36'),
(172, 105, 'Marowak-Alola-Totem', 'Ground', NULL, '2026-03-03 11:59:36'),
(175, 106, 'Hitmonlee', 'Fighting', NULL, '2026-03-03 11:59:36'),
(176, 107, 'Hitmonchan', 'Fighting', NULL, '2026-03-03 11:59:36'),
(177, 108, 'Lickitung', 'Normal', NULL, '2026-03-03 11:59:36'),
(178, 109, 'Koffing', 'Poison', NULL, '2026-03-03 11:59:36'),
(179, 110, 'Weezing-Galar', 'Poison', 'Fairy', '2026-03-03 11:59:36'),
(181, 111, 'Rhyhorn', 'Ground', 'Rock', '2026-03-03 11:59:36'),
(182, 112, 'Rhydon', 'Ground', 'Rock', '2026-03-03 11:59:36'),
(183, 113, 'Chansey', 'Normal', NULL, '2026-03-03 11:59:36'),
(184, 114, 'Tangela', 'Grass', NULL, '2026-03-03 11:59:36'),
(185, 115, 'Kangaskhan-Mega', 'Normal', NULL, '2026-03-03 11:59:36'),
(187, 116, 'Horsea', 'Water', NULL, '2026-03-03 11:59:36'),
(188, 117, 'Seadra', 'Water', NULL, '2026-03-03 11:59:36'),
(189, 118, 'Goldeen', 'Water', NULL, '2026-03-03 11:59:36'),
(190, 119, 'Seaking', 'Water', NULL, '2026-03-03 11:59:36'),
(191, 120, 'Staryu', 'Water', NULL, '2026-03-03 11:59:36'),
(192, 121, 'Starmie-Mega', 'Water', 'Psychic', '2026-03-03 11:59:36'),
(194, 122, 'Mr. Mime-Galar', 'Psychic', 'Fairy', '2026-03-03 11:59:36'),
(196, 123, 'Scyther', 'Bug', 'Flying', '2026-03-03 11:59:36'),
(197, 124, 'Jynx', 'Ice', 'Psychic', '2026-03-03 11:59:36'),
(198, 125, 'Electabuzz', 'Electric', NULL, '2026-03-03 11:59:36'),
(199, 126, 'Magmar', 'Fire', NULL, '2026-03-03 11:59:36'),
(200, 127, 'Pinsir-Mega', 'Bug', NULL, '2026-03-03 11:59:36'),
(202, 128, 'Tauros-Paldea-Aqua', 'Fighting', 'Water', '2026-03-03 11:59:36'),
(206, 129, 'Magikarp', 'Water', NULL, '2026-03-03 11:59:36'),
(207, 130, 'Gyarados', 'Water', 'Flying', '2026-03-03 11:59:36'),
(209, 131, 'Lapras', 'Water', 'Ice', '2026-03-03 11:59:36'),
(211, 132, 'Ditto', 'Normal', NULL, '2026-03-03 11:59:36'),
(212, 133, 'Eevee', 'Normal', NULL, '2026-03-03 11:59:36'),
(215, 134, 'Vaporeon', 'Water', NULL, '2026-03-03 11:59:36'),
(216, 135, 'Jolteon', 'Electric', NULL, '2026-03-03 11:59:36'),
(217, 136, 'Flareon', 'Fire', NULL, '2026-03-03 11:59:36'),
(218, 137, 'Porygon', 'Normal', NULL, '2026-03-03 11:59:36'),
(219, 138, 'Omanyte', 'Rock', 'Water', '2026-03-03 11:59:36'),
(220, 139, 'Omastar', 'Rock', 'Water', '2026-03-03 11:59:36'),
(221, 140, 'Kabuto', 'Rock', 'Water', '2026-03-03 11:59:36'),
(222, 141, 'Kabutops', 'Rock', 'Water', '2026-03-03 11:59:36'),
(223, 142, 'Aerodactyl-Mega', 'Rock', 'Flying', '2026-03-03 11:59:36'),
(225, 143, 'Snorlax', 'Normal', NULL, '2026-03-03 11:59:36'),
(227, 144, 'Articuno-Galar', 'Psychic', 'Flying', '2026-03-03 11:59:36'),
(229, 145, 'Zapdos-Galar', 'Fighting', 'Flying', '2026-03-03 11:59:36'),
(231, 146, 'Moltres-Galar', 'Dark', 'Flying', '2026-03-03 11:59:36'),
(233, 147, 'Dratini', 'Dragon', NULL, '2026-03-03 11:59:36'),
(234, 148, 'Dragonair', 'Dragon', NULL, '2026-03-03 11:59:36'),
(235, 149, 'Dragonite', 'Dragon', 'Flying', '2026-03-03 11:59:36'),
(237, 150, 'Mewtwo', 'Psychic', NULL, '2026-03-03 11:59:36'),
(240, 151, 'Mew', 'Psychic', NULL, '2026-03-03 11:59:36'),
(241, 152, 'Chikorita', 'Grass', NULL, '2026-03-03 11:59:36'),
(242, 153, 'Bayleef', 'Grass', NULL, '2026-03-03 11:59:36'),
(243, 154, 'Meganium', 'Grass', NULL, '2026-03-03 11:59:36'),
(245, 155, 'Cyndaquil', 'Fire', NULL, '2026-03-03 11:59:36'),
(246, 156, 'Quilava', 'Fire', NULL, '2026-03-03 11:59:36'),
(247, 157, 'Typhlosion-Hisui', 'Fire', 'Ghost', '2026-03-03 11:59:36'),
(249, 158, 'Totodile', 'Water', NULL, '2026-03-03 11:59:36'),
(250, 159, 'Croconaw', 'Water', NULL, '2026-03-03 11:59:36'),
(251, 160, 'Feraligatr', 'Water', NULL, '2026-03-03 11:59:36'),
(253, 161, 'Sentret', 'Normal', NULL, '2026-03-03 11:59:36'),
(254, 162, 'Furret', 'Normal', NULL, '2026-03-03 11:59:36'),
(255, 163, 'Hoothoot', 'Normal', 'Flying', '2026-03-03 11:59:36'),
(256, 164, 'Noctowl', 'Normal', 'Flying', '2026-03-03 11:59:36'),
(257, 165, 'Ledyba', 'Bug', 'Flying', '2026-03-03 11:59:36'),
(258, 166, 'Ledian', 'Bug', 'Flying', '2026-03-03 11:59:36'),
(259, 167, 'Spinarak', 'Bug', 'Poison', '2026-03-03 11:59:36'),
(260, 168, 'Ariados', 'Bug', 'Poison', '2026-03-03 11:59:36'),
(261, 169, 'Crobat', 'Poison', 'Flying', '2026-03-03 11:59:36'),
(262, 170, 'Chinchou', 'Water', 'Electric', '2026-03-03 11:59:36'),
(263, 171, 'Lanturn', 'Water', 'Electric', '2026-03-03 11:59:36'),
(264, 172, 'Pichu', 'Electric', NULL, '2026-03-03 11:59:36'),
(266, 173, 'Cleffa', 'Fairy', NULL, '2026-03-03 11:59:36'),
(267, 174, 'Igglybuff', 'Normal', 'Fairy', '2026-03-03 11:59:36'),
(268, 175, 'Togepi', 'Fairy', NULL, '2026-03-03 11:59:36'),
(269, 176, 'Togetic', 'Fairy', 'Flying', '2026-03-03 11:59:36'),
(270, 177, 'Natu', 'Psychic', 'Flying', '2026-03-03 11:59:36'),
(271, 178, 'Xatu', 'Psychic', 'Flying', '2026-03-03 11:59:36'),
(272, 179, 'Mareep', 'Electric', NULL, '2026-03-03 11:59:36'),
(273, 180, 'Flaaffy', 'Electric', NULL, '2026-03-03 11:59:36'),
(274, 181, 'Ampharos', 'Electric', NULL, '2026-03-03 11:59:36'),
(276, 182, 'Bellossom', 'Grass', NULL, '2026-03-03 11:59:36'),
(277, 183, 'Marill', 'Water', 'Fairy', '2026-03-03 11:59:36'),
(278, 184, 'Azumarill', 'Water', 'Fairy', '2026-03-03 11:59:36'),
(279, 185, 'Sudowoodo', 'Rock', NULL, '2026-03-03 11:59:36'),
(280, 186, 'Politoed', 'Water', NULL, '2026-03-03 11:59:36'),
(281, 187, 'Hoppip', 'Grass', 'Flying', '2026-03-03 11:59:36'),
(282, 188, 'Skiploom', 'Grass', 'Flying', '2026-03-03 11:59:36'),
(283, 189, 'Jumpluff', 'Grass', 'Flying', '2026-03-03 11:59:36'),
(284, 190, 'Aipom', 'Normal', NULL, '2026-03-03 11:59:36'),
(285, 191, 'Sunkern', 'Grass', NULL, '2026-03-03 11:59:36'),
(286, 192, 'Sunflora', 'Grass', NULL, '2026-03-03 11:59:36'),
(287, 193, 'Yanma', 'Bug', 'Flying', '2026-03-03 11:59:36'),
(288, 194, 'Wooper-Paldea', 'Poison', 'Ground', '2026-03-03 11:59:36'),
(290, 195, 'Quagsire', 'Water', 'Ground', '2026-03-03 11:59:36'),
(291, 196, 'Espeon', 'Psychic', NULL, '2026-03-03 11:59:36'),
(292, 197, 'Umbreon', 'Dark', NULL, '2026-03-03 11:59:36'),
(293, 198, 'Murkrow', 'Dark', 'Flying', '2026-03-03 11:59:36'),
(294, 199, 'Slowking-Galar', 'Poison', 'Psychic', '2026-03-03 11:59:36'),
(296, 200, 'Misdreavus', 'Ghost', NULL, '2026-03-03 11:59:36'),
(297, 201, 'Unown', 'Psychic', NULL, '2026-03-03 11:59:36'),
(298, 202, 'Wobbuffet', 'Psychic', NULL, '2026-03-03 11:59:36'),
(299, 203, 'Girafarig', 'Normal', 'Psychic', '2026-03-03 11:59:36'),
(300, 204, 'Pineco', 'Bug', NULL, '2026-03-03 11:59:36'),
(301, 205, 'Forretress', 'Bug', 'Steel', '2026-03-03 11:59:36'),
(302, 206, 'Dunsparce', 'Normal', NULL, '2026-03-03 11:59:36'),
(303, 207, 'Gligar', 'Ground', 'Flying', '2026-03-03 11:59:36'),
(304, 208, 'Steelix-Mega', 'Steel', 'Ground', '2026-03-03 11:59:36'),
(306, 209, 'Snubbull', 'Fairy', NULL, '2026-03-03 11:59:36'),
(307, 210, 'Granbull', 'Fairy', NULL, '2026-03-03 11:59:36'),
(308, 211, 'Qwilfish-Hisui', 'Dark', 'Poison', '2026-03-03 11:59:36'),
(310, 212, 'Scizor', 'Bug', 'Steel', '2026-03-03 11:59:36'),
(312, 213, 'Shuckle', 'Bug', 'Rock', '2026-03-03 11:59:36'),
(313, 214, 'Heracross', 'Bug', 'Fighting', '2026-03-03 11:59:36'),
(315, 215, 'Sneasel-Hisui', 'Fighting', 'Poison', '2026-03-03 11:59:37'),
(317, 216, 'Teddiursa', 'Normal', NULL, '2026-03-03 11:59:37'),
(318, 217, 'Ursaring', 'Normal', NULL, '2026-03-03 11:59:37'),
(319, 218, 'Slugma', 'Fire', NULL, '2026-03-03 11:59:37'),
(320, 219, 'Magcargo', 'Fire', 'Rock', '2026-03-03 11:59:37'),
(321, 220, 'Swinub', 'Ice', 'Ground', '2026-03-03 11:59:37'),
(322, 221, 'Piloswine', 'Ice', 'Ground', '2026-03-03 11:59:37'),
(323, 222, 'Corsola-Galar', 'Water', 'Rock', '2026-03-03 11:59:37'),
(325, 223, 'Remoraid', 'Water', NULL, '2026-03-03 11:59:37'),
(326, 224, 'Octillery', 'Water', NULL, '2026-03-03 11:59:37'),
(327, 225, 'Delibird', 'Ice', 'Flying', '2026-03-03 11:59:37'),
(328, 226, 'Mantine', 'Water', 'Flying', '2026-03-03 11:59:37'),
(329, 227, 'Skarmory', 'Steel', 'Flying', '2026-03-03 11:59:37'),
(331, 228, 'Houndour', 'Dark', 'Fire', '2026-03-03 11:59:37'),
(332, 229, 'Houndoom', 'Dark', 'Fire', '2026-03-03 11:59:37'),
(334, 230, 'Kingdra', 'Water', 'Dragon', '2026-03-03 11:59:37'),
(335, 231, 'Phanpy', 'Ground', NULL, '2026-03-03 11:59:37'),
(336, 232, 'Donphan', 'Ground', NULL, '2026-03-03 11:59:37'),
(337, 233, 'Porygon2', 'Normal', NULL, '2026-03-03 11:59:37'),
(338, 234, 'Stantler', 'Normal', NULL, '2026-03-03 11:59:37'),
(339, 235, 'Smeargle', 'Normal', NULL, '2026-03-03 11:59:37'),
(340, 236, 'Tyrogue', 'Fighting', NULL, '2026-03-03 11:59:37'),
(341, 237, 'Hitmontop', 'Fighting', NULL, '2026-03-03 11:59:37'),
(342, 238, 'Smoochum', 'Ice', 'Psychic', '2026-03-03 11:59:37'),
(343, 239, 'Elekid', 'Electric', NULL, '2026-03-03 11:59:37'),
(344, 240, 'Magby', 'Fire', NULL, '2026-03-03 11:59:37'),
(345, 241, 'Miltank', 'Normal', NULL, '2026-03-03 11:59:37'),
(346, 242, 'Blissey', 'Normal', NULL, '2026-03-03 11:59:37'),
(347, 243, 'Raikou', 'Electric', NULL, '2026-03-03 11:59:37'),
(348, 244, 'Entei', 'Fire', NULL, '2026-03-03 11:59:37'),
(349, 245, 'Suicune', 'Water', NULL, '2026-03-03 11:59:37'),
(350, 246, 'Larvitar', 'Rock', 'Ground', '2026-03-03 11:59:37'),
(351, 247, 'Pupitar', 'Rock', 'Ground', '2026-03-03 11:59:37'),
(352, 248, 'Tyranitar', 'Rock', 'Dark', '2026-03-03 11:59:37'),
(354, 249, 'Lugia', 'Psychic', 'Flying', '2026-03-03 11:59:37'),
(355, 250, 'Ho-Oh', 'Fire', 'Flying', '2026-03-03 11:59:37'),
(356, 251, 'Celebi', 'Psychic', 'Grass', '2026-03-03 11:59:37'),
(357, 252, 'Treecko', 'Grass', NULL, '2026-03-03 11:59:37'),
(358, 253, 'Grovyle', 'Grass', NULL, '2026-03-03 11:59:37'),
(359, 254, 'Sceptile', 'Grass', NULL, '2026-03-03 11:59:37'),
(361, 255, 'Torchic', 'Fire', NULL, '2026-03-03 11:59:37'),
(362, 256, 'Combusken', 'Fire', 'Fighting', '2026-03-03 11:59:37'),
(363, 257, 'Blaziken', 'Fire', 'Fighting', '2026-03-03 11:59:37'),
(365, 258, 'Mudkip', 'Water', NULL, '2026-03-03 11:59:37'),
(366, 259, 'Marshtomp', 'Water', 'Ground', '2026-03-03 11:59:37'),
(367, 260, 'Swampert', 'Water', 'Ground', '2026-03-03 11:59:37'),
(369, 261, 'Poochyena', 'Dark', NULL, '2026-03-03 11:59:37'),
(370, 262, 'Mightyena', 'Dark', NULL, '2026-03-03 11:59:37'),
(371, 263, 'Zigzagoon-Galar', 'Normal', NULL, '2026-03-03 11:59:37'),
(373, 264, 'Linoone-Galar', 'Normal', NULL, '2026-03-03 11:59:37'),
(375, 265, 'Wurmple', 'Bug', NULL, '2026-03-03 11:59:37'),
(376, 266, 'Silcoon', 'Bug', NULL, '2026-03-03 11:59:37'),
(377, 267, 'Beautifly', 'Bug', 'Flying', '2026-03-03 11:59:37'),
(378, 268, 'Cascoon', 'Bug', NULL, '2026-03-03 11:59:37'),
(379, 269, 'Dustox', 'Bug', 'Poison', '2026-03-03 11:59:37'),
(380, 270, 'Lotad', 'Water', 'Grass', '2026-03-03 11:59:37'),
(381, 271, 'Lombre', 'Water', 'Grass', '2026-03-03 11:59:37'),
(382, 272, 'Ludicolo', 'Water', 'Grass', '2026-03-03 11:59:37'),
(383, 273, 'Seedot', 'Grass', NULL, '2026-03-03 11:59:37'),
(384, 274, 'Nuzleaf', 'Grass', 'Dark', '2026-03-03 11:59:37'),
(385, 275, 'Shiftry', 'Grass', 'Dark', '2026-03-03 11:59:37'),
(386, 276, 'Taillow', 'Normal', 'Flying', '2026-03-03 11:59:37'),
(387, 277, 'Swellow', 'Normal', 'Flying', '2026-03-03 11:59:37'),
(388, 278, 'Wingull', 'Water', 'Flying', '2026-03-03 11:59:37'),
(389, 279, 'Pelipper', 'Water', 'Flying', '2026-03-03 11:59:37'),
(390, 280, 'Ralts', 'Psychic', 'Fairy', '2026-03-03 11:59:37'),
(391, 281, 'Kirlia', 'Psychic', 'Fairy', '2026-03-03 11:59:37'),
(392, 282, 'Gardevoir', 'Psychic', 'Fairy', '2026-03-03 11:59:37'),
(394, 283, 'Surskit', 'Bug', 'Water', '2026-03-03 11:59:37'),
(395, 284, 'Masquerain', 'Bug', 'Flying', '2026-03-03 11:59:37'),
(396, 285, 'Shroomish', 'Grass', NULL, '2026-03-03 11:59:37'),
(397, 286, 'Breloom', 'Grass', 'Fighting', '2026-03-03 11:59:37'),
(398, 287, 'Slakoth', 'Normal', NULL, '2026-03-03 11:59:37'),
(399, 288, 'Vigoroth', 'Normal', NULL, '2026-03-03 11:59:37'),
(400, 289, 'Slaking', 'Normal', NULL, '2026-03-03 11:59:37'),
(401, 290, 'Nincada', 'Bug', 'Ground', '2026-03-03 11:59:37'),
(402, 291, 'Ninjask', 'Bug', 'Flying', '2026-03-03 11:59:37'),
(403, 292, 'Shedinja', 'Bug', 'Ghost', '2026-03-03 11:59:37'),
(404, 293, 'Whismur', 'Normal', NULL, '2026-03-03 11:59:37'),
(405, 294, 'Loudred', 'Normal', NULL, '2026-03-03 11:59:37'),
(406, 295, 'Exploud', 'Normal', NULL, '2026-03-03 11:59:37'),
(407, 296, 'Makuhita', 'Fighting', NULL, '2026-03-03 11:59:37'),
(408, 297, 'Hariyama', 'Fighting', NULL, '2026-03-03 11:59:37'),
(409, 298, 'Azurill', 'Normal', 'Fairy', '2026-03-03 11:59:37'),
(410, 299, 'Nosepass', 'Rock', NULL, '2026-03-03 11:59:37'),
(411, 300, 'Skitty', 'Normal', NULL, '2026-03-03 11:59:37'),
(412, 301, 'Delcatty', 'Normal', NULL, '2026-03-03 11:59:37'),
(413, 302, 'Sableye', 'Dark', 'Ghost', '2026-03-03 11:59:37'),
(415, 303, 'Mawile-Mega', 'Steel', 'Fairy', '2026-03-03 11:59:37'),
(417, 304, 'Aron', 'Steel', 'Rock', '2026-03-03 11:59:37'),
(418, 305, 'Lairon', 'Steel', 'Rock', '2026-03-03 11:59:37'),
(419, 306, 'Aggron-Mega', 'Steel', 'Rock', '2026-03-03 11:59:37'),
(421, 307, 'Meditite', 'Fighting', 'Psychic', '2026-03-03 11:59:37'),
(422, 308, 'Medicham', 'Fighting', 'Psychic', '2026-03-03 11:59:37'),
(424, 309, 'Electrike', 'Electric', NULL, '2026-03-03 11:59:37'),
(425, 310, 'Manectric-Mega', 'Electric', NULL, '2026-03-03 11:59:37'),
(427, 311, 'Plusle', 'Electric', NULL, '2026-03-03 11:59:37'),
(428, 312, 'Minun', 'Electric', NULL, '2026-03-03 11:59:37'),
(429, 313, 'Volbeat', 'Bug', NULL, '2026-03-03 11:59:37'),
(430, 314, 'Illumise', 'Bug', NULL, '2026-03-03 11:59:37'),
(431, 315, 'Roselia', 'Grass', 'Poison', '2026-03-03 11:59:37'),
(432, 316, 'Gulpin', 'Poison', NULL, '2026-03-03 11:59:37'),
(433, 317, 'Swalot', 'Poison', NULL, '2026-03-03 11:59:37'),
(434, 318, 'Carvanha', 'Water', 'Dark', '2026-03-03 11:59:37'),
(435, 319, 'Sharpedo-Mega', 'Water', 'Dark', '2026-03-03 11:59:37'),
(437, 320, 'Wailmer', 'Water', NULL, '2026-03-03 11:59:37'),
(438, 321, 'Wailord', 'Water', NULL, '2026-03-03 11:59:37'),
(439, 322, 'Numel', 'Fire', 'Ground', '2026-03-03 11:59:37'),
(440, 323, 'Camerupt', 'Fire', 'Ground', '2026-03-03 11:59:37'),
(442, 324, 'Torkoal', 'Fire', NULL, '2026-03-03 11:59:37'),
(443, 325, 'Spoink', 'Psychic', NULL, '2026-03-03 11:59:37'),
(444, 326, 'Grumpig', 'Psychic', NULL, '2026-03-03 11:59:37'),
(445, 327, 'Spinda', 'Normal', NULL, '2026-03-03 11:59:37'),
(446, 328, 'Trapinch', 'Ground', NULL, '2026-03-03 11:59:37'),
(447, 329, 'Vibrava', 'Ground', 'Dragon', '2026-03-03 11:59:37'),
(448, 330, 'Flygon', 'Ground', 'Dragon', '2026-03-03 11:59:37'),
(449, 331, 'Cacnea', 'Grass', NULL, '2026-03-03 11:59:37'),
(450, 332, 'Cacturne', 'Grass', 'Dark', '2026-03-03 11:59:37'),
(451, 333, 'Swablu', 'Normal', 'Flying', '2026-03-03 11:59:37'),
(452, 334, 'Altaria', 'Dragon', 'Flying', '2026-03-03 11:59:37'),
(454, 335, 'Zangoose', 'Normal', NULL, '2026-03-03 11:59:37'),
(455, 336, 'Seviper', 'Poison', NULL, '2026-03-03 11:59:37'),
(456, 337, 'Lunatone', 'Rock', 'Psychic', '2026-03-03 11:59:37'),
(457, 338, 'Solrock', 'Rock', 'Psychic', '2026-03-03 11:59:37'),
(458, 339, 'Barboach', 'Water', 'Ground', '2026-03-03 11:59:37'),
(459, 340, 'Whiscash', 'Water', 'Ground', '2026-03-03 11:59:37'),
(460, 341, 'Corphish', 'Water', NULL, '2026-03-03 11:59:37'),
(461, 342, 'Crawdaunt', 'Water', 'Dark', '2026-03-03 11:59:37'),
(462, 343, 'Baltoy', 'Ground', 'Psychic', '2026-03-03 11:59:37'),
(463, 344, 'Claydol', 'Ground', 'Psychic', '2026-03-03 11:59:37'),
(464, 345, 'Lileep', 'Rock', 'Grass', '2026-03-03 11:59:37'),
(465, 346, 'Cradily', 'Rock', 'Grass', '2026-03-03 11:59:37'),
(466, 347, 'Anorith', 'Rock', 'Bug', '2026-03-03 11:59:37'),
(467, 348, 'Armaldo', 'Rock', 'Bug', '2026-03-03 11:59:37'),
(468, 349, 'Feebas', 'Water', NULL, '2026-03-03 11:59:37'),
(469, 350, 'Milotic', 'Water', NULL, '2026-03-03 11:59:37'),
(470, 351, 'Castform-Snowy', 'Normal', NULL, '2026-03-03 11:59:37'),
(474, 352, 'Kecleon', 'Normal', NULL, '2026-03-03 11:59:37'),
(475, 353, 'Shuppet', 'Ghost', NULL, '2026-03-03 11:59:37'),
(476, 354, 'Banette', 'Ghost', NULL, '2026-03-03 11:59:37'),
(478, 355, 'Duskull', 'Ghost', NULL, '2026-03-03 11:59:37'),
(479, 356, 'Dusclops', 'Ghost', NULL, '2026-03-03 11:59:37'),
(480, 357, 'Tropius', 'Grass', 'Flying', '2026-03-03 11:59:37'),
(481, 358, 'Chimecho', 'Psychic', NULL, '2026-03-03 11:59:37'),
(483, 359, 'Absol-Mega-Z', 'Dark', NULL, '2026-03-03 11:59:38'),
(486, 360, 'Wynaut', 'Psychic', NULL, '2026-03-03 11:59:38'),
(487, 361, 'Snorunt', 'Ice', NULL, '2026-03-03 11:59:38'),
(488, 362, 'Glalie', 'Ice', NULL, '2026-03-03 11:59:38'),
(490, 363, 'Spheal', 'Ice', 'Water', '2026-03-03 11:59:38'),
(491, 364, 'Sealeo', 'Ice', 'Water', '2026-03-03 11:59:38'),
(492, 365, 'Walrein', 'Ice', 'Water', '2026-03-03 11:59:38'),
(493, 366, 'Clamperl', 'Water', NULL, '2026-03-03 11:59:38'),
(494, 367, 'Huntail', 'Water', NULL, '2026-03-03 11:59:38'),
(495, 368, 'Gorebyss', 'Water', NULL, '2026-03-03 11:59:38'),
(496, 369, 'Relicanth', 'Water', 'Rock', '2026-03-03 11:59:38'),
(497, 370, 'Luvdisc', 'Water', NULL, '2026-03-03 11:59:38'),
(498, 371, 'Bagon', 'Dragon', NULL, '2026-03-03 11:59:38'),
(499, 372, 'Shelgon', 'Dragon', NULL, '2026-03-03 11:59:38'),
(500, 373, 'Salamence', 'Dragon', 'Flying', '2026-03-03 11:59:38'),
(502, 374, 'Beldum', 'Steel', 'Psychic', '2026-03-03 11:59:38'),
(503, 375, 'Metang', 'Steel', 'Psychic', '2026-03-03 11:59:38'),
(504, 376, 'Metagross', 'Steel', 'Psychic', '2026-03-03 11:59:38'),
(506, 377, 'Regirock', 'Rock', NULL, '2026-03-03 11:59:38'),
(507, 378, 'Regice', 'Ice', NULL, '2026-03-03 11:59:38'),
(508, 379, 'Registeel', 'Steel', NULL, '2026-03-03 11:59:38'),
(509, 380, 'Latias', 'Dragon', 'Psychic', '2026-03-03 11:59:38'),
(511, 381, 'Latios', 'Dragon', 'Psychic', '2026-03-03 11:59:38'),
(513, 382, 'Kyogre', 'Water', NULL, '2026-03-03 11:59:38'),
(515, 383, 'Groudon', 'Ground', NULL, '2026-03-03 11:59:38'),
(517, 384, 'Rayquaza', 'Dragon', 'Flying', '2026-03-03 11:59:38'),
(519, 385, 'Jirachi', 'Steel', 'Psychic', '2026-03-03 11:59:38'),
(520, 386, 'Deoxys-Speed', 'Psychic', NULL, '2026-03-03 11:59:38'),
(524, 387, 'Turtwig', 'Grass', NULL, '2026-03-03 11:59:38'),
(525, 388, 'Grotle', 'Grass', NULL, '2026-03-03 11:59:38'),
(526, 389, 'Torterra', 'Grass', 'Ground', '2026-03-03 11:59:38'),
(527, 390, 'Chimchar', 'Fire', NULL, '2026-03-03 11:59:38'),
(528, 391, 'Monferno', 'Fire', 'Fighting', '2026-03-03 11:59:38'),
(529, 392, 'Infernape', 'Fire', 'Fighting', '2026-03-03 11:59:38'),
(530, 393, 'Piplup', 'Water', NULL, '2026-03-03 11:59:38'),
(531, 394, 'Prinplup', 'Water', NULL, '2026-03-03 11:59:38'),
(532, 395, 'Empoleon', 'Water', 'Steel', '2026-03-03 11:59:38'),
(533, 396, 'Starly', 'Normal', 'Flying', '2026-03-03 11:59:38'),
(534, 397, 'Staravia', 'Normal', 'Flying', '2026-03-03 11:59:38'),
(535, 398, 'Staraptor', 'Normal', 'Flying', '2026-03-03 11:59:38'),
(537, 399, 'Bidoof', 'Normal', NULL, '2026-03-03 11:59:38'),
(538, 400, 'Bibarel', 'Normal', 'Water', '2026-03-03 11:59:38'),
(539, 401, 'Kricketot', 'Bug', NULL, '2026-03-03 11:59:38'),
(540, 402, 'Kricketune', 'Bug', NULL, '2026-03-03 11:59:38'),
(541, 403, 'Shinx', 'Electric', NULL, '2026-03-03 11:59:38'),
(542, 404, 'Luxio', 'Electric', NULL, '2026-03-03 11:59:38'),
(543, 405, 'Luxray', 'Electric', NULL, '2026-03-03 11:59:38'),
(544, 406, 'Budew', 'Grass', 'Poison', '2026-03-03 11:59:38'),
(545, 407, 'Roserade', 'Grass', 'Poison', '2026-03-03 11:59:38'),
(546, 408, 'Cranidos', 'Rock', NULL, '2026-03-03 11:59:38'),
(547, 409, 'Rampardos', 'Rock', NULL, '2026-03-03 11:59:38'),
(548, 410, 'Shieldon', 'Rock', 'Steel', '2026-03-03 11:59:38'),
(549, 411, 'Bastiodon', 'Rock', 'Steel', '2026-03-03 11:59:38'),
(550, 412, 'Burmy', 'Bug', NULL, '2026-03-03 11:59:38'),
(1981, 415, 'Combee', 'Bug', 'Flying', '2026-03-03 14:30:44'),
(1982, 416, 'Vespiquen', 'Bug', 'Flying', '2026-03-03 14:30:44'),
(1983, 417, 'Pachirisu', 'Electric', NULL, '2026-03-03 14:30:44'),
(1984, 418, 'Buizel', 'Water', NULL, '2026-03-03 14:30:44'),
(1985, 419, 'Floatzel', 'Water', NULL, '2026-03-03 14:30:44'),
(1986, 422, 'Shellos', 'Water', NULL, '2026-03-03 14:30:44'),
(1987, 423, 'Gastrodon', 'Water', 'Ground', '2026-03-03 14:30:44'),
(1988, 424, 'Ambipom', 'Normal', NULL, '2026-03-03 14:30:44'),
(1989, 425, 'Drifloon', 'Ghost', 'Flying', '2026-03-03 14:30:44'),
(1990, 426, 'Drifblim', 'Ghost', 'Flying', '2026-03-03 14:30:44'),
(1991, 429, 'Mismagius', 'Ghost', NULL, '2026-03-03 14:30:44'),
(1992, 430, 'Honchkrow', 'Dark', 'Flying', '2026-03-03 14:30:44'),
(1993, 433, 'Chingling', 'Psychic', NULL, '2026-03-03 14:30:44'),
(1994, 434, 'Stunky', 'Poison', 'Dark', '2026-03-03 14:30:44'),
(1995, 435, 'Skuntank', 'Poison', 'Dark', '2026-03-03 14:30:44'),
(1996, 436, 'Bronzor', 'Steel', 'Psychic', '2026-03-03 14:30:44'),
(1997, 437, 'Bronzong', 'Steel', 'Psychic', '2026-03-03 14:30:44'),
(1998, 438, 'Bonsly', 'Rock', NULL, '2026-03-03 14:30:44'),
(1999, 440, 'Happiny', 'Normal', NULL, '2026-03-03 14:30:44'),
(2000, 442, 'Spiritomb', 'Ghost', 'Dark', '2026-03-03 14:30:44'),
(2001, 443, 'Gible', 'Dragon', 'Ground', '2026-03-03 14:30:44'),
(2002, 444, 'Gabite', 'Dragon', 'Ground', '2026-03-03 14:30:44'),
(2003, 445, 'Garchomp', 'Dragon', 'Ground', '2026-03-03 14:30:44'),
(2004, 446, 'Munchlax', 'Normal', NULL, '2026-03-03 14:30:44'),
(2005, 447, 'Riolu', 'Fighting', NULL, '2026-03-03 14:30:44'),
(2006, 448, 'Lucario', 'Fighting', 'Steel', '2026-03-03 14:30:44'),
(2007, 449, 'Hippopotas', 'Ground', NULL, '2026-03-03 14:30:44'),
(2008, 450, 'Hippowdon', 'Ground', NULL, '2026-03-03 14:30:44'),
(2009, 453, 'Croagunk', 'Poison', 'Fighting', '2026-03-03 14:30:44'),
(2010, 454, 'Toxicroak', 'Poison', 'Fighting', '2026-03-03 14:30:44'),
(2011, 456, 'Finneon', 'Water', NULL, '2026-03-03 14:30:44'),
(2012, 457, 'Lumineon', 'Water', NULL, '2026-03-03 14:30:44'),
(2013, 459, 'Snover', 'Grass', 'Ice', '2026-03-03 14:30:44'),
(2014, 460, 'Abomasnow', 'Grass', 'Ice', '2026-03-03 14:30:44'),
(2015, 461, 'Weavile', 'Dark', 'Ice', '2026-03-03 14:30:44'),
(2016, 462, 'Magnezone', 'Electric', 'Steel', '2026-03-03 14:30:44'),
(2017, 464, 'Rhyperior', 'Ground', 'Rock', '2026-03-03 14:30:44'),
(2018, 466, 'Electivire', 'Electric', NULL, '2026-03-03 14:30:44'),
(2019, 467, 'Magmortar', 'Fire', NULL, '2026-03-03 14:30:44'),
(2020, 469, 'Yanmega', 'Bug', 'Flying', '2026-03-03 14:30:44'),
(2021, 470, 'Leafeon', 'Grass', NULL, '2026-03-03 14:30:44'),
(2022, 471, 'Glaceon', 'Ice', NULL, '2026-03-03 14:30:44'),
(2023, 472, 'Gliscor', 'Ground', 'Flying', '2026-03-03 14:30:44'),
(2024, 473, 'Mamoswine', 'Ice', 'Ground', '2026-03-03 14:30:44'),
(2025, 474, 'Porygon-Z', 'Normal', NULL, '2026-03-03 14:30:44'),
(2026, 475, 'Gallade', 'Psychic', 'Fighting', '2026-03-03 14:30:44'),
(2027, 476, 'Probopass', 'Rock', 'Steel', '2026-03-03 14:30:44'),
(2028, 477, 'Dusknoir', 'Ghost', NULL, '2026-03-03 14:30:44'),
(2029, 478, 'Froslass', 'Ice', 'Ghost', '2026-03-03 14:30:44'),
(2030, 479, 'Rotom-Mow', 'Electric', 'Grass', '2026-03-03 14:30:44'),
(2036, 480, 'Uxie', 'Psychic', NULL, '2026-03-03 14:30:44'),
(2037, 481, 'Mesprit', 'Psychic', NULL, '2026-03-03 14:30:44'),
(2038, 482, 'Azelf', 'Psychic', NULL, '2026-03-03 14:30:44'),
(2039, 483, 'Dialga-Origin', 'Steel', 'Dragon', '2026-03-03 14:30:44'),
(2041, 484, 'Palkia-Origin', 'Water', 'Dragon', '2026-03-03 14:30:44'),
(2043, 485, 'Heatran', 'Fire', 'Steel', '2026-03-03 14:30:44'),
(2044, 486, 'Regigigas', 'Normal', NULL, '2026-03-03 14:30:44'),
(2045, 487, 'Giratina-Origin', 'Ghost', 'Dragon', '2026-03-03 14:30:44'),
(2047, 488, 'Cresselia', 'Psychic', NULL, '2026-03-03 14:30:44'),
(2048, 489, 'Phione', 'Water', NULL, '2026-03-03 14:30:44'),
(2049, 490, 'Manaphy', 'Water', NULL, '2026-03-03 14:30:44'),
(2050, 491, 'Darkrai', 'Dark', NULL, '2026-03-03 14:30:44'),
(2051, 492, 'Shaymin-Sky', 'Grass', 'Flying', '2026-03-03 14:30:44'),
(2053, 493, 'Arceus-Water', 'Water', NULL, '2026-03-03 14:30:44'),
(2071, 495, 'Snivy', 'Grass', NULL, '2026-03-03 14:30:44'),
(2072, 496, 'Servine', 'Grass', NULL, '2026-03-03 14:30:44'),
(2073, 497, 'Serperior', 'Grass', NULL, '2026-03-03 14:30:44'),
(2074, 498, 'Tepig', 'Fire', NULL, '2026-03-03 14:30:44'),
(2075, 499, 'Pignite', 'Fire', 'Fighting', '2026-03-03 14:30:44'),
(2076, 500, 'Emboar', 'Fire', 'Fighting', '2026-03-03 14:30:44'),
(2077, 501, 'Oshawott', 'Water', NULL, '2026-03-03 14:30:44'),
(2078, 502, 'Dewott', 'Water', NULL, '2026-03-03 14:30:44'),
(2079, 503, 'Samurott-Hisui', 'Water', 'Dark', '2026-03-03 14:30:44'),
(2081, 522, 'Blitzle', 'Electric', NULL, '2026-03-03 14:30:44'),
(2082, 523, 'Zebstrika', 'Electric', NULL, '2026-03-03 14:30:44'),
(2083, 529, 'Drilbur', 'Ground', NULL, '2026-03-03 14:30:44'),
(2084, 530, 'Excadrill', 'Ground', 'Steel', '2026-03-03 14:30:44'),
(2085, 532, 'Timburr', 'Fighting', NULL, '2026-03-03 14:30:44'),
(2086, 533, 'Gurdurr', 'Fighting', NULL, '2026-03-03 14:30:44'),
(2087, 534, 'Conkeldurr', 'Fighting', NULL, '2026-03-03 14:30:44'),
(2088, 540, 'Sewaddle', 'Bug', 'Grass', '2026-03-03 14:30:44'),
(2089, 541, 'Swadloon', 'Bug', 'Grass', '2026-03-03 14:30:44'),
(2090, 542, 'Leavanny', 'Bug', 'Grass', '2026-03-03 14:30:44'),
(2091, 546, 'Cottonee', 'Grass', 'Fairy', '2026-03-03 14:30:44'),
(2092, 547, 'Whimsicott', 'Grass', 'Fairy', '2026-03-03 14:30:44'),
(2093, 548, 'Petilil', 'Grass', NULL, '2026-03-03 14:30:44'),
(2094, 549, 'Lilligant-Hisui', 'Grass', 'Fighting', '2026-03-03 14:30:44'),
(2096, 550, 'Basculin-White-Striped', 'Water', NULL, '2026-03-03 14:30:44'),
(2099, 551, 'Sandile', 'Ground', 'Dark', '2026-03-03 14:30:44'),
(2100, 552, 'Krokorok', 'Ground', 'Dark', '2026-03-03 14:30:44'),
(2101, 553, 'Krookodile', 'Ground', 'Dark', '2026-03-03 14:30:44'),
(2102, 559, 'Scraggy', 'Dark', 'Fighting', '2026-03-03 14:30:44'),
(2103, 560, 'Scrafty', 'Dark', 'Fighting', '2026-03-03 14:30:44'),
(2104, 570, 'Zorua-Hisui', 'Normal', 'Ghost', '2026-03-03 14:30:44'),
(2106, 571, 'Zoroark-Hisui', 'Normal', 'Ghost', '2026-03-03 14:30:44'),
(2108, 572, 'Minccino', 'Normal', NULL, '2026-03-03 14:30:44'),
(2109, 573, 'Cinccino', 'Normal', NULL, '2026-03-03 14:30:44'),
(2110, 574, 'Gothita', 'Psychic', NULL, '2026-03-03 14:30:44'),
(2111, 575, 'Gothorita', 'Psychic', NULL, '2026-03-03 14:30:44'),
(2112, 576, 'Gothitelle', 'Psychic', NULL, '2026-03-03 14:30:44'),
(2113, 577, 'Solosis', 'Psychic', NULL, '2026-03-03 14:30:44'),
(2114, 578, 'Duosion', 'Psychic', NULL, '2026-03-03 14:30:44'),
(2115, 579, 'Reuniclus', 'Psychic', NULL, '2026-03-03 14:30:44'),
(2116, 580, 'Ducklett', 'Water', 'Flying', '2026-03-03 14:30:44'),
(2117, 581, 'Swanna', 'Water', 'Flying', '2026-03-03 14:30:44'),
(2118, 585, 'Deerling', 'Normal', 'Grass', '2026-03-03 14:30:44'),
(2119, 586, 'Sawsbuck', 'Normal', 'Grass', '2026-03-03 14:30:44'),
(2120, 590, 'Foongus', 'Grass', 'Poison', '2026-03-03 14:30:44'),
(2121, 591, 'Amoonguss', 'Grass', 'Poison', '2026-03-03 14:30:44'),
(2122, 594, 'Alomomola', 'Water', NULL, '2026-03-03 14:30:44'),
(2123, 595, 'Joltik', 'Bug', 'Electric', '2026-03-03 14:30:44'),
(2124, 596, 'Galvantula', 'Bug', 'Electric', '2026-03-03 14:30:44'),
(2125, 602, 'Tynamo', 'Electric', NULL, '2026-03-03 14:30:44'),
(2126, 603, 'Eelektrik', 'Electric', NULL, '2026-03-03 14:30:44'),
(2127, 604, 'Eelektross', 'Electric', NULL, '2026-03-03 14:30:44'),
(2128, 607, 'Litwick', 'Ghost', 'Fire', '2026-03-03 14:30:44'),
(2129, 608, 'Lampent', 'Ghost', 'Fire', '2026-03-03 14:30:44'),
(2130, 609, 'Chandelure', 'Ghost', 'Fire', '2026-03-03 14:30:44'),
(2131, 610, 'Axew', 'Dragon', NULL, '2026-03-03 14:30:44'),
(2132, 611, 'Fraxure', 'Dragon', NULL, '2026-03-03 14:30:44'),
(2133, 612, 'Haxorus', 'Dragon', NULL, '2026-03-03 14:30:44'),
(2134, 613, 'Cubchoo', 'Ice', NULL, '2026-03-03 14:30:44'),
(2135, 614, 'Beartic', 'Ice', NULL, '2026-03-03 14:30:44'),
(2136, 615, 'Cryogonal', 'Ice', NULL, '2026-03-03 14:30:44'),
(2137, 619, 'Mienfoo', 'Fighting', NULL, '2026-03-03 14:30:44'),
(2138, 620, 'Mienshao', 'Fighting', NULL, '2026-03-03 14:30:44'),
(2139, 622, 'Golett', 'Ground', 'Ghost', '2026-03-03 14:30:44'),
(2140, 623, 'Golurk', 'Ground', 'Ghost', '2026-03-03 14:30:44'),
(2141, 624, 'Pawniard', 'Dark', 'Steel', '2026-03-03 14:30:44'),
(2142, 625, 'Bisharp', 'Dark', 'Steel', '2026-03-03 14:30:44'),
(2143, 627, 'Rufflet', 'Normal', 'Flying', '2026-03-03 14:30:44'),
(2144, 628, 'Braviary-Hisui', 'Psychic', 'Flying', '2026-03-03 14:30:44'),
(2146, 629, 'Vullaby', 'Dark', 'Flying', '2026-03-03 14:30:44'),
(2147, 630, 'Mandibuzz', 'Dark', 'Flying', '2026-03-03 14:30:44'),
(2148, 633, 'Deino', 'Dark', 'Dragon', '2026-03-03 14:30:44'),
(2149, 634, 'Zweilous', 'Dark', 'Dragon', '2026-03-03 14:30:44'),
(2150, 635, 'Hydreigon', 'Dark', 'Dragon', '2026-03-03 14:30:44'),
(2151, 636, 'Larvesta', 'Bug', 'Fire', '2026-03-03 14:30:44'),
(2152, 637, 'Volcarona', 'Bug', 'Fire', '2026-03-03 14:30:44'),
(2153, 638, 'Cobalion', 'Steel', 'Fighting', '2026-03-03 14:30:44'),
(2154, 639, 'Terrakion', 'Rock', 'Fighting', '2026-03-03 14:30:44'),
(2155, 640, 'Virizion', 'Grass', 'Fighting', '2026-03-03 14:30:44'),
(2156, 641, 'Tornadus-Therian', 'Flying', NULL, '2026-03-03 14:30:44'),
(2158, 642, 'Thundurus-Therian', 'Electric', 'Flying', '2026-03-03 14:30:44'),
(2160, 643, 'Reshiram', 'Dragon', 'Fire', '2026-03-03 14:30:44'),
(2161, 644, 'Zekrom', 'Dragon', 'Electric', '2026-03-03 14:30:44'),
(2162, 645, 'Landorus-Therian', 'Ground', 'Flying', '2026-03-03 14:30:44'),
(2164, 646, 'Kyurem-White', 'Dragon', 'Ice', '2026-03-03 14:30:44'),
(2167, 647, 'Keldeo-Resolute', 'Water', 'Fighting', '2026-03-03 14:30:44'),
(2169, 648, 'Meloetta-Pirouette', 'Normal', 'Fighting', '2026-03-03 14:30:44'),
(2171, 650, 'Chespin', 'Grass', NULL, '2026-03-03 14:30:44'),
(2172, 651, 'Quilladin', 'Grass', NULL, '2026-03-03 14:30:44'),
(2173, 652, 'Chesnaught', 'Grass', 'Fighting', '2026-03-03 14:30:44'),
(2174, 653, 'Fennekin', 'Fire', NULL, '2026-03-03 14:30:44'),
(2175, 654, 'Braixen', 'Fire', NULL, '2026-03-03 14:30:44'),
(2176, 655, 'Delphox', 'Fire', 'Psychic', '2026-03-03 14:30:44'),
(2177, 656, 'Froakie', 'Water', NULL, '2026-03-03 14:30:44'),
(2178, 657, 'Frogadier', 'Water', NULL, '2026-03-03 14:30:44'),
(2179, 658, 'Greninja-Bond', 'Water', 'Dark', '2026-03-03 14:30:44'),
(2181, 661, 'Fletchling', 'Normal', 'Flying', '2026-03-03 14:30:44'),
(2182, 662, 'Fletchinder', 'Fire', 'Flying', '2026-03-03 14:30:44'),
(2183, 663, 'Talonflame', 'Fire', 'Flying', '2026-03-03 14:30:44'),
(2184, 664, 'Scatterbug', 'Bug', NULL, '2026-03-03 14:30:44'),
(2185, 665, 'Spewpa', 'Bug', NULL, '2026-03-03 14:30:44'),
(2186, 666, 'Vivillon-Pokeball', 'Bug', 'Flying', '2026-03-03 14:30:44'),
(2189, 667, 'Litleo', 'Fire', 'Normal', '2026-03-03 14:30:44'),
(2190, 668, 'Pyroar', 'Fire', 'Normal', '2026-03-03 14:30:44'),
(2191, 669, 'Flabébé', 'Fairy', NULL, '2026-03-03 14:30:44'),
(2192, 670, 'Floette', 'Fairy', NULL, '2026-03-03 14:30:44'),
(2193, 671, 'Florges', 'Fairy', NULL, '2026-03-03 14:30:44'),
(2194, 672, 'Skiddo', 'Grass', NULL, '2026-03-03 14:30:44'),
(2195, 673, 'Gogoat', 'Grass', NULL, '2026-03-03 14:30:44'),
(2196, 677, 'Espurr', 'Psychic', NULL, '2026-03-03 14:30:44'),
(2197, 678, 'Meowstic-F', 'Psychic', NULL, '2026-03-03 14:30:44'),
(2199, 686, 'Inkay', 'Dark', 'Psychic', '2026-03-03 14:30:44'),
(2200, 687, 'Malamar', 'Dark', 'Psychic', '2026-03-03 14:30:44'),
(2201, 690, 'Skrelp', 'Poison', 'Water', '2026-03-03 14:30:44'),
(2202, 691, 'Dragalge', 'Poison', 'Dragon', '2026-03-03 14:30:44'),
(2203, 692, 'Clauncher', 'Water', NULL, '2026-03-03 14:30:44'),
(2204, 693, 'Clawitzer', 'Water', NULL, '2026-03-03 14:30:44'),
(2205, 700, 'Sylveon', 'Fairy', NULL, '2026-03-03 14:30:44'),
(2206, 701, 'Hawlucha', 'Fighting', 'Flying', '2026-03-03 14:30:44'),
(2207, 702, 'Dedenne', 'Electric', 'Fairy', '2026-03-03 14:30:44'),
(2208, 703, 'Carbink', 'Rock', 'Fairy', '2026-03-03 14:30:44'),
(2209, 704, 'Goomy', 'Dragon', NULL, '2026-03-03 14:30:44'),
(2210, 705, 'Sliggoo-Hisui', 'Steel', 'Dragon', '2026-03-03 14:30:44'),
(2212, 706, 'Goodra-Hisui', 'Steel', 'Dragon', '2026-03-03 14:30:44'),
(2214, 707, 'Klefki', 'Steel', 'Fairy', '2026-03-03 14:30:44'),
(2215, 708, 'Phantump', 'Ghost', 'Grass', '2026-03-03 14:30:44'),
(2216, 709, 'Trevenant', 'Ghost', 'Grass', '2026-03-03 14:30:44'),
(2217, 712, 'Bergmite', 'Ice', NULL, '2026-03-03 14:30:44'),
(2218, 713, 'Avalugg-Hisui', 'Ice', 'Rock', '2026-03-03 14:30:44'),
(2220, 714, 'Noibat', 'Flying', 'Dragon', '2026-03-03 14:30:44'),
(2221, 715, 'Noivern', 'Flying', 'Dragon', '2026-03-03 14:30:44'),
(2222, 719, 'Diancie', 'Rock', 'Fairy', '2026-03-03 14:30:44'),
(2223, 720, 'Hoopa-Unbound', 'Psychic', 'Dark', '2026-03-03 14:30:44'),
(2225, 721, 'Volcanion', 'Fire', 'Water', '2026-03-03 14:30:44'),
(2226, 722, 'Rowlet', 'Grass', 'Flying', '2026-03-03 14:30:44'),
(2227, 723, 'Dartrix', 'Grass', 'Flying', '2026-03-03 14:30:44'),
(2228, 724, 'Decidueye-Hisui', 'Grass', 'Fighting', '2026-03-03 14:30:44'),
(2230, 725, 'Litten', 'Fire', NULL, '2026-03-03 14:30:44'),
(2231, 726, 'Torracat', 'Fire', NULL, '2026-03-03 14:30:44'),
(2232, 727, 'Incineroar', 'Fire', 'Dark', '2026-03-03 14:30:44'),
(2233, 728, 'Popplio', 'Water', NULL, '2026-03-03 14:30:44'),
(2234, 729, 'Brionne', 'Water', NULL, '2026-03-03 14:30:44'),
(2235, 730, 'Primarina', 'Water', 'Fairy', '2026-03-03 14:30:44'),
(2236, 731, 'Pikipek', 'Normal', 'Flying', '2026-03-03 14:30:44'),
(2237, 732, 'Trumbeak', 'Normal', 'Flying', '2026-03-03 14:30:44'),
(2238, 733, 'Toucannon', 'Normal', 'Flying', '2026-03-03 14:30:44'),
(2239, 734, 'Yungoos', 'Normal', NULL, '2026-03-03 14:30:44'),
(2240, 735, 'Gumshoos', 'Normal', NULL, '2026-03-03 14:30:44'),
(2241, 736, 'Grubbin', 'Bug', NULL, '2026-03-03 14:30:44'),
(2242, 737, 'Charjabug', 'Bug', 'Electric', '2026-03-03 14:30:44'),
(2243, 738, 'Vikavolt', 'Bug', 'Electric', '2026-03-03 14:30:44'),
(2244, 739, 'Crabrawler', 'Fighting', NULL, '2026-03-03 14:30:44'),
(2245, 740, 'Crabominable', 'Fighting', 'Ice', '2026-03-03 14:30:44'),
(2246, 741, 'Oricorio-Sensu', 'Ghost', 'Flying', '2026-03-03 14:30:44'),
(2250, 742, 'Cutiefly', 'Bug', 'Fairy', '2026-03-03 14:30:44'),
(2251, 743, 'Ribombee', 'Bug', 'Fairy', '2026-03-03 14:30:44'),
(2252, 744, 'Rockruff-Dusk', 'Rock', NULL, '2026-03-03 14:30:44'),
(2254, 745, 'Lycanroc-Dusk', 'Rock', NULL, '2026-03-03 14:30:44'),
(2257, 747, 'Mareanie', 'Poison', 'Water', '2026-03-03 14:30:44'),
(2258, 748, 'Toxapex', 'Poison', 'Water', '2026-03-03 14:30:44'),
(2259, 749, 'Mudbray', 'Ground', NULL, '2026-03-03 14:30:44'),
(2260, 750, 'Mudsdale', 'Ground', NULL, '2026-03-03 14:30:44'),
(2261, 751, 'Dewpider', 'Water', 'Bug', '2026-03-03 14:30:44'),
(2262, 752, 'Araquanid', 'Water', 'Bug', '2026-03-03 14:30:44'),
(2263, 753, 'Fomantis', 'Grass', NULL, '2026-03-03 14:30:44'),
(2264, 754, 'Lurantis', 'Grass', NULL, '2026-03-03 14:30:44'),
(2265, 757, 'Salandit', 'Poison', 'Fire', '2026-03-03 14:30:44'),
(2266, 758, 'Salazzle', 'Poison', 'Fire', '2026-03-03 14:30:44'),
(2267, 761, 'Bounsweet', 'Grass', NULL, '2026-03-03 14:30:44'),
(2268, 762, 'Steenee', 'Grass', NULL, '2026-03-03 14:30:44'),
(2269, 763, 'Tsareena', 'Grass', NULL, '2026-03-03 14:30:44'),
(2270, 764, 'Comfey', 'Fairy', NULL, '2026-03-03 14:30:44'),
(2271, 765, 'Oranguru', 'Normal', 'Psychic', '2026-03-03 14:30:44'),
(2272, 766, 'Passimian', 'Fighting', NULL, '2026-03-03 14:30:44'),
(2273, 769, 'Sandygast', 'Ghost', 'Ground', '2026-03-03 14:30:44'),
(2274, 770, 'Palossand', 'Ghost', 'Ground', '2026-03-03 14:30:44'),
(2275, 774, 'Minior-Meteor', 'Rock', 'Flying', '2026-03-03 14:30:44'),
(2277, 775, 'Komala', 'Normal', NULL, '2026-03-03 14:30:44'),
(2278, 778, 'Mimikyu-Busted', 'Ghost', 'Fairy', '2026-03-03 14:30:44'),
(2280, 779, 'Bruxish', 'Water', 'Psychic', '2026-03-03 14:30:44'),
(2281, 782, 'Jangmo-o', 'Dragon', NULL, '2026-03-03 14:30:44'),
(2282, 783, 'Hakamo-o', 'Dragon', 'Fighting', '2026-03-03 14:30:44'),
(2283, 784, 'Kommo-o', 'Dragon', 'Fighting', '2026-03-03 14:30:44'),
(2284, 789, 'Cosmog', 'Psychic', NULL, '2026-03-03 14:30:44'),
(2285, 790, 'Cosmoem', 'Psychic', NULL, '2026-03-03 14:30:44'),
(2286, 791, 'Solgaleo', 'Psychic', 'Steel', '2026-03-03 14:30:44'),
(2287, 792, 'Lunala', 'Psychic', 'Ghost', '2026-03-03 14:30:44'),
(2288, 800, 'Necrozma-Dawn-Wings', 'Psychic', 'Ghost', '2026-03-03 14:30:44'),
(2291, 801, 'Magearna-Original', 'Steel', 'Fairy', '2026-03-03 14:30:44'),
(2293, 810, 'Grookey', 'Grass', NULL, '2026-03-03 14:30:44'),
(2294, 811, 'Thwackey', 'Grass', NULL, '2026-03-03 14:30:44'),
(2295, 812, 'Rillaboom', 'Grass', NULL, '2026-03-03 14:30:44'),
(2296, 813, 'Scorbunny', 'Fire', NULL, '2026-03-03 14:30:44'),
(2297, 814, 'Raboot', 'Fire', NULL, '2026-03-03 14:30:44'),
(2298, 815, 'Cinderace', 'Fire', NULL, '2026-03-03 14:30:44'),
(2299, 816, 'Sobble', 'Water', NULL, '2026-03-03 14:30:44'),
(2300, 817, 'Drizzile', 'Water', NULL, '2026-03-03 14:30:44'),
(2301, 818, 'Inteleon', 'Water', NULL, '2026-03-03 14:30:44'),
(2302, 819, 'Skwovet', 'Normal', NULL, '2026-03-03 14:30:44'),
(2303, 820, 'Greedent', 'Normal', NULL, '2026-03-03 14:30:44'),
(2304, 821, 'Rookidee', 'Flying', NULL, '2026-03-03 14:30:44'),
(2305, 822, 'Corvisquire', 'Flying', NULL, '2026-03-03 14:30:44'),
(2306, 823, 'Corviknight', 'Flying', 'Steel', '2026-03-03 14:30:44'),
(2307, 833, 'Chewtle', 'Water', NULL, '2026-03-03 14:30:44'),
(2308, 834, 'Drednaw', 'Water', 'Rock', '2026-03-03 14:30:44'),
(2309, 837, 'Rolycoly', 'Rock', NULL, '2026-03-03 14:30:44'),
(2310, 838, 'Carkol', 'Rock', 'Fire', '2026-03-03 14:30:44'),
(2311, 839, 'Coalossal', 'Rock', 'Fire', '2026-03-03 14:30:44'),
(2312, 840, 'Applin', 'Grass', 'Dragon', '2026-03-03 14:30:44'),
(2313, 841, 'Flapple', 'Grass', 'Dragon', '2026-03-03 14:30:44'),
(2314, 842, 'Appletun', 'Grass', 'Dragon', '2026-03-03 14:30:44'),
(2315, 843, 'Silicobra', 'Ground', NULL, '2026-03-03 14:30:44'),
(2316, 844, 'Sandaconda', 'Ground', NULL, '2026-03-03 14:30:44'),
(2317, 845, 'Cramorant-Gorging', 'Flying', 'Water', '2026-03-03 14:30:44'),
(2320, 846, 'Arrokuda', 'Water', NULL, '2026-03-03 14:30:44'),
(2321, 847, 'Barraskewda', 'Water', NULL, '2026-03-03 14:30:44'),
(2322, 848, 'Toxel', 'Electric', 'Poison', '2026-03-03 14:30:44'),
(2323, 849, 'Toxtricity-Low-Key', 'Electric', 'Poison', '2026-03-03 14:30:44'),
(2325, 854, 'Sinistea-Antique', 'Ghost', NULL, '2026-03-03 14:30:44'),
(2327, 855, 'Polteageist-Antique', 'Ghost', NULL, '2026-03-03 14:30:44'),
(2329, 856, 'Hatenna', 'Psychic', NULL, '2026-03-03 14:30:44'),
(2330, 857, 'Hattrem', 'Psychic', NULL, '2026-03-03 14:30:44'),
(2331, 858, 'Hatterene', 'Psychic', 'Fairy', '2026-03-03 14:30:44'),
(2332, 859, 'Impidimp', 'Dark', 'Fairy', '2026-03-03 14:30:44'),
(2333, 860, 'Morgrem', 'Dark', 'Fairy', '2026-03-03 14:30:44'),
(2334, 861, 'Grimmsnarl', 'Dark', 'Fairy', '2026-03-03 14:30:44'),
(2335, 863, 'Perrserker', 'Steel', NULL, '2026-03-03 14:30:44'),
(2336, 868, 'Milcery', 'Fairy', NULL, '2026-03-03 14:30:44'),
(2337, 869, 'Alcremie', 'Fairy', NULL, '2026-03-03 14:30:44'),
(2338, 870, 'Falinks', 'Fighting', NULL, '2026-03-03 14:30:44'),
(2339, 871, 'Pincurchin', 'Electric', NULL, '2026-03-03 14:30:44'),
(2340, 872, 'Snom', 'Ice', 'Bug', '2026-03-03 14:30:44'),
(2341, 873, 'Frosmoth', 'Ice', 'Bug', '2026-03-03 14:30:44'),
(2342, 874, 'Stonjourner', 'Rock', NULL, '2026-03-03 14:30:44'),
(2343, 875, 'Eiscue-Noice', 'Ice', NULL, '2026-03-03 14:30:44'),
(2345, 876, 'Indeedee-F', 'Psychic', 'Normal', '2026-03-03 14:30:44'),
(2347, 877, 'Morpeko-Hangry', 'Electric', 'Dark', '2026-03-03 14:30:44'),
(2349, 878, 'Cufant', 'Steel', NULL, '2026-03-03 14:30:44'),
(2350, 879, 'Copperajah', 'Steel', NULL, '2026-03-03 14:30:44'),
(2351, 884, 'Duraludon', 'Steel', 'Dragon', '2026-03-03 14:30:44'),
(2352, 885, 'Dreepy', 'Dragon', 'Ghost', '2026-03-03 14:30:44'),
(2353, 886, 'Drakloak', 'Dragon', 'Ghost', '2026-03-03 14:30:44'),
(2354, 887, 'Dragapult', 'Dragon', 'Ghost', '2026-03-03 14:30:44'),
(2355, 888, 'Zacian-Crowned', 'Fairy', 'Steel', '2026-03-03 14:30:44'),
(2357, 889, 'Zamazenta-Crowned', 'Fighting', 'Steel', '2026-03-03 14:30:44'),
(2359, 890, 'Eternatus', 'Poison', 'Dragon', '2026-03-03 14:30:44'),
(2360, 891, 'Kubfu', 'Fighting', NULL, '2026-03-03 14:30:44'),
(2361, 892, 'Urshifu-Rapid-Strike', 'Fighting', 'Water', '2026-03-03 14:30:44'),
(2363, 893, 'Zarude-Dada', 'Dark', 'Grass', '2026-03-03 14:30:44'),
(2365, 894, 'Regieleki', 'Electric', NULL, '2026-03-03 14:30:44'),
(2366, 895, 'Regidrago', 'Dragon', NULL, '2026-03-03 14:30:44'),
(2367, 896, 'Glastrier', 'Ice', NULL, '2026-03-03 14:30:44'),
(2368, 897, 'Spectrier', 'Ghost', NULL, '2026-03-03 14:30:44'),
(2369, 898, 'Calyrex-Shadow', 'Psychic', 'Ghost', '2026-03-03 14:30:44'),
(2372, 899, 'Wyrdeer', 'Normal', 'Psychic', '2026-03-03 14:30:44'),
(2373, 900, 'Kleavor', 'Bug', 'Rock', '2026-03-03 14:30:44'),
(2374, 901, 'Ursaluna-Bloodmoon', 'Ground', 'Normal', '2026-03-03 14:30:44'),
(2376, 902, 'Basculegion-F', 'Water', 'Ghost', '2026-03-03 14:30:44'),
(2378, 903, 'Sneasler', 'Fighting', 'Poison', '2026-03-03 14:30:44'),
(2379, 904, 'Overqwil', 'Dark', 'Poison', '2026-03-03 14:30:44'),
(2380, 905, 'Enamorus-Therian', 'Fairy', 'Flying', '2026-03-03 14:30:44'),
(2382, 906, 'Sprigatito', 'Grass', NULL, '2026-03-03 14:30:44'),
(2383, 907, 'Floragato', 'Grass', NULL, '2026-03-03 14:30:44'),
(2384, 908, 'Meowscarada', 'Grass', 'Dark', '2026-03-03 14:30:44'),
(2385, 909, 'Fuecoco', 'Fire', NULL, '2026-03-03 14:30:44'),
(2386, 910, 'Crocalor', 'Fire', NULL, '2026-03-03 14:30:44'),
(2387, 911, 'Skeledirge', 'Fire', 'Ghost', '2026-03-03 14:30:44'),
(2388, 912, 'Quaxly', 'Water', NULL, '2026-03-03 14:30:44'),
(2389, 913, 'Quaxwell', 'Water', NULL, '2026-03-03 14:30:44'),
(2390, 914, 'Quaquaval', 'Water', 'Fighting', '2026-03-03 14:30:44'),
(2391, 915, 'Lechonk', 'Normal', NULL, '2026-03-03 14:30:44'),
(2392, 916, 'Oinkologne-F', 'Normal', NULL, '2026-03-03 14:30:44'),
(2394, 917, 'Tarountula', 'Bug', NULL, '2026-03-03 14:30:44'),
(2395, 918, 'Spidops', 'Bug', NULL, '2026-03-03 14:30:44'),
(2396, 919, 'Nymble', 'Bug', NULL, '2026-03-03 14:30:44'),
(2397, 920, 'Lokix', 'Bug', 'Dark', '2026-03-03 14:30:44'),
(2398, 921, 'Pawmi', 'Electric', NULL, '2026-03-03 14:30:44'),
(2399, 922, 'Pawmo', 'Electric', 'Fighting', '2026-03-03 14:30:44'),
(2400, 923, 'Pawmot', 'Electric', 'Fighting', '2026-03-03 14:30:44'),
(2401, 924, 'Tandemaus', 'Normal', NULL, '2026-03-03 14:30:44'),
(2402, 925, 'Maushold-Four', 'Normal', NULL, '2026-03-03 14:30:44'),
(2404, 926, 'Fidough', 'Fairy', NULL, '2026-03-03 14:30:44'),
(2405, 927, 'Dachsbun', 'Fairy', NULL, '2026-03-03 14:30:44'),
(2406, 928, 'Smoliv', 'Grass', 'Normal', '2026-03-03 14:30:44'),
(2407, 929, 'Dolliv', 'Grass', 'Normal', '2026-03-03 14:30:44'),
(2408, 930, 'Arboliva', 'Grass', 'Normal', '2026-03-03 14:30:44'),
(2409, 931, 'Squawkabilly-White', 'Normal', 'Flying', '2026-03-03 14:30:44'),
(2413, 932, 'Nacli', 'Rock', NULL, '2026-03-03 14:30:44'),
(2414, 933, 'Naclstack', 'Rock', NULL, '2026-03-03 14:30:44'),
(2415, 934, 'Garganacl', 'Rock', NULL, '2026-03-03 14:30:44'),
(2416, 935, 'Charcadet', 'Fire', NULL, '2026-03-03 14:30:44'),
(2417, 936, 'Armarouge', 'Fire', 'Psychic', '2026-03-03 14:30:44'),
(2418, 937, 'Ceruledge', 'Fire', 'Ghost', '2026-03-03 14:30:44'),
(2419, 938, 'Tadbulb', 'Electric', NULL, '2026-03-03 14:30:44'),
(2420, 939, 'Bellibolt', 'Electric', NULL, '2026-03-03 14:30:44'),
(2421, 940, 'Wattrel', 'Electric', 'Flying', '2026-03-03 14:30:44'),
(2422, 941, 'Kilowattrel', 'Electric', 'Flying', '2026-03-03 14:30:44'),
(2423, 942, 'Maschiff', 'Dark', NULL, '2026-03-03 14:30:44'),
(2424, 943, 'Mabosstiff', 'Dark', NULL, '2026-03-03 14:30:44'),
(2425, 944, 'Shroodle', 'Poison', 'Normal', '2026-03-03 14:30:44'),
(2426, 945, 'Grafaiai', 'Poison', 'Normal', '2026-03-03 14:30:44'),
(2427, 946, 'Bramblin', 'Grass', 'Ghost', '2026-03-03 14:30:44'),
(2428, 947, 'Brambleghast', 'Grass', 'Ghost', '2026-03-03 14:30:44'),
(2429, 948, 'Toedscool', 'Ground', 'Grass', '2026-03-03 14:30:44'),
(2430, 949, 'Toedscruel', 'Ground', 'Grass', '2026-03-03 14:30:44'),
(2431, 950, 'Klawf', 'Rock', NULL, '2026-03-03 14:30:44'),
(2432, 951, 'Capsakid', 'Grass', NULL, '2026-03-03 14:30:44'),
(2433, 952, 'Scovillain', 'Grass', 'Fire', '2026-03-03 14:30:44'),
(2434, 953, 'Rellor', 'Bug', NULL, '2026-03-03 14:30:44'),
(2435, 954, 'Rabsca', 'Bug', 'Psychic', '2026-03-03 14:30:44'),
(2436, 955, 'Flittle', 'Psychic', NULL, '2026-03-03 14:30:44'),
(2437, 956, 'Espathra', 'Psychic', NULL, '2026-03-03 14:30:44'),
(2438, 957, 'Tinkatink', 'Fairy', 'Steel', '2026-03-03 14:30:44'),
(2439, 958, 'Tinkatuff', 'Fairy', 'Steel', '2026-03-03 14:30:44'),
(2440, 959, 'Tinkaton', 'Fairy', 'Steel', '2026-03-03 14:30:44'),
(2441, 960, 'Wiglett', 'Water', NULL, '2026-03-03 14:30:44'),
(2442, 961, 'Wugtrio', 'Water', NULL, '2026-03-03 14:30:44'),
(2443, 962, 'Bombirdier', 'Flying', 'Dark', '2026-03-03 14:30:44'),
(2444, 963, 'Finizen', 'Water', NULL, '2026-03-03 14:30:44');
INSERT INTO `showdown_pkmn` (`id`, `showdown_id`, `name`, `type1`, `type2`, `created_at`) VALUES
(2445, 964, 'Palafin-Hero', 'Water', NULL, '2026-03-03 14:30:44'),
(2447, 965, 'Varoom', 'Steel', 'Poison', '2026-03-03 14:30:44'),
(2448, 966, 'Revavroom', 'Steel', 'Poison', '2026-03-03 14:30:44'),
(2449, 967, 'Cyclizar', 'Dragon', 'Normal', '2026-03-03 14:30:44'),
(2450, 968, 'Orthworm', 'Steel', NULL, '2026-03-03 14:30:44'),
(2451, 969, 'Glimmet', 'Rock', 'Poison', '2026-03-03 14:30:44'),
(2452, 970, 'Glimmora', 'Rock', 'Poison', '2026-03-03 14:30:44'),
(2453, 971, 'Greavard', 'Ghost', NULL, '2026-03-03 14:30:44'),
(2454, 972, 'Houndstone', 'Ghost', NULL, '2026-03-03 14:30:44'),
(2455, 973, 'Flamigo', 'Flying', 'Fighting', '2026-03-03 14:30:44'),
(2456, 974, 'Cetoddle', 'Ice', NULL, '2026-03-03 14:30:44'),
(2457, 975, 'Cetitan', 'Ice', NULL, '2026-03-03 14:30:44'),
(2458, 976, 'Veluza', 'Water', 'Psychic', '2026-03-03 14:30:44'),
(2459, 977, 'Dondozo', 'Water', NULL, '2026-03-03 14:30:44'),
(2460, 978, 'Tatsugiri-Stretchy', 'Dragon', 'Water', '2026-03-03 14:30:44'),
(2463, 979, 'Annihilape', 'Fighting', 'Ghost', '2026-03-03 14:30:44'),
(2464, 980, 'Clodsire', 'Poison', 'Ground', '2026-03-03 14:30:44'),
(2465, 981, 'Farigiraf', 'Normal', 'Psychic', '2026-03-03 14:30:44'),
(2466, 982, 'Dudunsparce-Three-Segment', 'Normal', NULL, '2026-03-03 14:30:44'),
(2468, 983, 'Kingambit', 'Dark', 'Steel', '2026-03-03 14:30:44'),
(2469, 984, 'Great Tusk', 'Ground', 'Fighting', '2026-03-03 14:30:44'),
(2470, 985, 'Scream Tail', 'Fairy', 'Psychic', '2026-03-03 14:30:44'),
(2471, 986, 'Brute Bonnet', 'Grass', 'Dark', '2026-03-03 14:30:44'),
(2472, 987, 'Flutter Mane', 'Ghost', 'Fairy', '2026-03-03 14:30:44'),
(2473, 988, 'Slither Wing', 'Bug', 'Fighting', '2026-03-03 14:30:44'),
(2474, 989, 'Sandy Shocks', 'Electric', 'Ground', '2026-03-03 14:30:44'),
(2475, 990, 'Iron Treads', 'Ground', 'Steel', '2026-03-03 14:30:44'),
(2476, 991, 'Iron Bundle', 'Ice', 'Water', '2026-03-03 14:30:44'),
(2477, 992, 'Iron Hands', 'Fighting', 'Electric', '2026-03-03 14:30:44'),
(2478, 993, 'Iron Jugulis', 'Dark', 'Flying', '2026-03-03 14:30:44'),
(2479, 994, 'Iron Moth', 'Fire', 'Poison', '2026-03-03 14:30:44'),
(2480, 995, 'Iron Thorns', 'Rock', 'Electric', '2026-03-03 14:30:44'),
(2481, 996, 'Frigibax', 'Dragon', 'Ice', '2026-03-03 14:30:44'),
(2482, 997, 'Arctibax', 'Dragon', 'Ice', '2026-03-03 14:30:44'),
(2483, 998, 'Baxcalibur', 'Dragon', 'Ice', '2026-03-03 14:30:44'),
(2484, 999, 'Gimmighoul-Roaming', 'Ghost', NULL, '2026-03-03 14:30:44'),
(2486, 1000, 'Gholdengo', 'Steel', 'Ghost', '2026-03-03 14:30:44'),
(2487, 1001, 'Wo-Chien', 'Dark', 'Grass', '2026-03-03 14:30:44'),
(2488, 1002, 'Chien-Pao', 'Dark', 'Ice', '2026-03-03 14:30:44'),
(2489, 1003, 'Ting-Lu', 'Dark', 'Ground', '2026-03-03 14:30:44'),
(2490, 1004, 'Chi-Yu', 'Dark', 'Fire', '2026-03-03 14:30:44'),
(2491, 1005, 'Roaring Moon', 'Dragon', 'Dark', '2026-03-03 14:30:44'),
(2492, 1006, 'Iron Valiant', 'Fairy', 'Fighting', '2026-03-03 14:30:44'),
(2493, 1007, 'Koraidon', 'Fighting', 'Dragon', '2026-03-03 14:30:44'),
(2494, 1008, 'Miraidon', 'Electric', 'Dragon', '2026-03-03 14:30:44'),
(2495, 1009, 'Walking Wake', 'Water', 'Dragon', '2026-03-03 14:30:44'),
(2496, 1010, 'Iron Leaves', 'Grass', 'Psychic', '2026-03-03 14:30:44'),
(2497, 1011, 'Dipplin', 'Grass', 'Dragon', '2026-03-03 14:30:44'),
(2498, 1012, 'Poltchageist-Artisan', 'Grass', 'Ghost', '2026-03-03 14:30:44'),
(2500, 1013, 'Sinistcha-Masterpiece', 'Grass', 'Ghost', '2026-03-03 14:30:44'),
(2502, 1014, 'Okidogi', 'Poison', 'Fighting', '2026-03-03 14:30:44'),
(2503, 1015, 'Munkidori', 'Poison', 'Psychic', '2026-03-03 14:30:44'),
(2504, 1016, 'Fezandipiti', 'Poison', 'Fairy', '2026-03-03 14:30:44'),
(2505, 1017, 'Ogerpon-Cornerstone-Tera', 'Grass', 'Rock', '2026-03-03 14:30:44'),
(2513, 1018, 'Archaludon', 'Steel', 'Dragon', '2026-03-03 14:30:44'),
(2514, 1019, 'Hydrapple', 'Grass', 'Dragon', '2026-03-03 14:30:44'),
(2515, 1020, 'Gouging Fire', 'Fire', 'Dragon', '2026-03-03 14:30:44'),
(2516, 1021, 'Raging Bolt', 'Electric', 'Dragon', '2026-03-03 14:30:44'),
(2517, 1022, 'Iron Boulder', 'Rock', 'Psychic', '2026-03-03 14:30:44'),
(2518, 1023, 'Iron Crown', 'Steel', 'Psychic', '2026-03-03 14:30:44'),
(2519, 1024, 'Terapagos-Stellar', 'Normal', NULL, '2026-03-03 14:30:44'),
(2522, 1025, 'Pecharunt', 'Poison', 'Ghost', '2026-03-03 14:30:44');

-- --------------------------------------------------------

--
-- Table structure for table `users`
--

CREATE TABLE `users` (
  `id` int(11) NOT NULL,
  `email` varchar(255) NOT NULL,
  `password` varchar(255) NOT NULL,
  `gamerTag` varchar(100) NOT NULL,
  `created_at` datetime DEFAULT CURRENT_TIMESTAMP
) ENGINE=InnoDB DEFAULT CHARSET=utf8;

--
-- Dumping data for table `users`
--

INSERT INTO `users` (`id`, `email`, `password`, `gamerTag`, `created_at`) VALUES
(1, 'user1@example.com', 'password1', 'player1', '2026-02-18 14:09:10'),
(2, 'user2@example.com', 'password2', 'player2', '2026-02-18 14:09:10'),
(3, 'user@example.com', 'password3', 'player3', '2026-02-20 16:28:31');

--
-- Indexes for dumped tables
--

--
-- Indexes for table `active_users`
--
ALTER TABLE `active_users`
  ADD PRIMARY KEY (`id`),
  ADD KEY `user_id` (`user_id`);

--
-- Indexes for table `drafted_pkmn`
--
ALTER TABLE `drafted_pkmn`
  ADD PRIMARY KEY (`id`),
  ADD UNIQUE KEY `unique_pokemon_per_season` (`season_id`,`showdown_pkmn`),
  ADD KEY `active_user` (`active_user`),
  ADD KEY `showdown_pkmn` (`showdown_pkmn`);

--
-- Indexes for table `draft_info`
--
ALTER TABLE `draft_info`
  ADD PRIMARY KEY (`id`);

--
-- Indexes for table `leagues`
--
ALTER TABLE `leagues`
  ADD PRIMARY KEY (`league_id`);

--
-- Indexes for table `pkmn_tier`
--
ALTER TABLE `pkmn_tier`
  ADD PRIMARY KEY (`id`),
  ADD UNIQUE KEY `unique_pkmn_season` (`showdown_pkmn_id`,`season_id`),
  ADD KEY `season_id` (`season_id`);

--
-- Indexes for table `roster_pkmn`
--
ALTER TABLE `roster_pkmn`
  ADD PRIMARY KEY (`id`),
  ADD UNIQUE KEY `active_user` (`active_user`,`showdown_pkmn`),
  ADD UNIQUE KEY `unique_pokemon` (`showdown_pkmn`);

--
-- Indexes for table `seasons`
--
ALTER TABLE `seasons`
  ADD PRIMARY KEY (`season_id`),
  ADD UNIQUE KEY `league_id` (`league_id`,`season_number`);

--
-- Indexes for table `showdown_pkmn`
--
ALTER TABLE `showdown_pkmn`
  ADD PRIMARY KEY (`id`),
  ADD UNIQUE KEY `showdown_id` (`showdown_id`),
  ADD UNIQUE KEY `showdown_id_2` (`showdown_id`),
  ADD UNIQUE KEY `showdown_id_3` (`showdown_id`);

--
-- Indexes for table `users`
--
ALTER TABLE `users`
  ADD PRIMARY KEY (`id`),
  ADD UNIQUE KEY `email` (`email`),
  ADD UNIQUE KEY `gamerTag` (`gamerTag`);

--
-- AUTO_INCREMENT for dumped tables
--

--
-- AUTO_INCREMENT for table `active_users`
--
ALTER TABLE `active_users`
  MODIFY `id` int(11) NOT NULL AUTO_INCREMENT, AUTO_INCREMENT=11;

--
-- AUTO_INCREMENT for table `drafted_pkmn`
--
ALTER TABLE `drafted_pkmn`
  MODIFY `id` int(11) NOT NULL AUTO_INCREMENT, AUTO_INCREMENT=49;

--
-- AUTO_INCREMENT for table `draft_info`
--
ALTER TABLE `draft_info`
  MODIFY `id` int(11) NOT NULL AUTO_INCREMENT, AUTO_INCREMENT=3;

--
-- AUTO_INCREMENT for table `leagues`
--
ALTER TABLE `leagues`
  MODIFY `league_id` int(11) NOT NULL AUTO_INCREMENT, AUTO_INCREMENT=2;

--
-- AUTO_INCREMENT for table `pkmn_tier`
--
ALTER TABLE `pkmn_tier`
  MODIFY `id` int(11) NOT NULL AUTO_INCREMENT, AUTO_INCREMENT=5391;

--
-- AUTO_INCREMENT for table `roster_pkmn`
--
ALTER TABLE `roster_pkmn`
  MODIFY `id` int(11) NOT NULL AUTO_INCREMENT, AUTO_INCREMENT=10;

--
-- AUTO_INCREMENT for table `seasons`
--
ALTER TABLE `seasons`
  MODIFY `season_id` int(11) NOT NULL AUTO_INCREMENT, AUTO_INCREMENT=1000;

--
-- AUTO_INCREMENT for table `showdown_pkmn`
--
ALTER TABLE `showdown_pkmn`
  MODIFY `id` int(11) NOT NULL AUTO_INCREMENT, AUTO_INCREMENT=2523;

--
-- AUTO_INCREMENT for table `users`
--
ALTER TABLE `users`
  MODIFY `id` int(11) NOT NULL AUTO_INCREMENT, AUTO_INCREMENT=4;

--
-- Constraints for dumped tables
--

--
-- Constraints for table `active_users`
--
ALTER TABLE `active_users`
  ADD CONSTRAINT `active_users_ibfk_1` FOREIGN KEY (`user_id`) REFERENCES `users` (`id`);

--
-- Constraints for table `drafted_pkmn`
--
ALTER TABLE `drafted_pkmn`
  ADD CONSTRAINT `drafted_pkmn_ibfk_1` FOREIGN KEY (`active_user`) REFERENCES `active_users` (`id`),
  ADD CONSTRAINT `drafted_pkmn_ibfk_2` FOREIGN KEY (`showdown_pkmn`) REFERENCES `showdown_pkmn` (`id`);

--
-- Constraints for table `pkmn_tier`
--
ALTER TABLE `pkmn_tier`
  ADD CONSTRAINT `pkmn_tier_ibfk_1` FOREIGN KEY (`showdown_pkmn_id`) REFERENCES `showdown_pkmn` (`id`) ON DELETE CASCADE,
  ADD CONSTRAINT `pkmn_tier_ibfk_2` FOREIGN KEY (`season_id`) REFERENCES `seasons` (`season_id`) ON DELETE CASCADE;

--
-- Constraints for table `roster_pkmn`
--
ALTER TABLE `roster_pkmn`
  ADD CONSTRAINT `fk_roster_pokemon` FOREIGN KEY (`showdown_pkmn`) REFERENCES `showdown_pkmn` (`id`),
  ADD CONSTRAINT `fk_roster_user` FOREIGN KEY (`active_user`) REFERENCES `active_users` (`id`);

--
-- Constraints for table `seasons`
--
ALTER TABLE `seasons`
  ADD CONSTRAINT `seasons_ibfk_1` FOREIGN KEY (`league_id`) REFERENCES `leagues` (`league_id`);
COMMIT;

/*!40101 SET CHARACTER_SET_CLIENT=@OLD_CHARACTER_SET_CLIENT */;
/*!40101 SET CHARACTER_SET_RESULTS=@OLD_CHARACTER_SET_RESULTS */;
/*!40101 SET COLLATION_CONNECTION=@OLD_COLLATION_CONNECTION */;
